solid OpenSCAD_Model
  facet normal -0.980741 0.195314 0
    outer loop
      vertex 58.5625 14.1353 1.1
      vertex 58.5906 14.2764 2.2
      vertex 58.5906 14.2764 1.1
    endloop
  endfacet
  facet normal -0.980741 0.195314 0
    outer loop
      vertex 58.5906 14.2764 2.2
      vertex 58.5625 14.1353 1.1
      vertex 58.5625 14.1353 2.2
    endloop
  endfacet
  facet normal -0.980741 -0.195314 0
    outer loop
      vertex 58.5906 14.5636 1.1
      vertex 58.5625 14.7047 2.2
      vertex 58.5625 14.7047 1.1
    endloop
  endfacet
  facet normal -0.980741 -0.195314 0
    outer loop
      vertex 58.5625 14.7047 2.2
      vertex 58.5906 14.5636 1.1
      vertex 58.5906 14.5636 2.2
    endloop
  endfacet
  facet normal -0.997864 -0.0653198 0
    outer loop
      vertex 58.6 14.42 1.1
      vertex 58.5906 14.5636 2.2
      vertex 58.5906 14.5636 1.1
    endloop
  endfacet
  facet normal -0.997864 -0.0653198 0
    outer loop
      vertex 58.5906 14.5636 2.2
      vertex 58.6 14.42 1.1
      vertex 58.6 14.42 2.2
    endloop
  endfacet
  facet normal 0.65939 -0.751801 0
    outer loop
      vertex 56.7222 15.1978 1.1
      vertex 56.8304 15.2927 2.2
      vertex 56.7222 15.1978 2.2
    endloop
  endfacet
  facet normal 0.65939 -0.751801 0
    outer loop
      vertex 56.8304 15.2927 2.2
      vertex 56.7222 15.1978 1.1
      vertex 56.8304 15.2927 1.1
    endloop
  endfacet
  facet normal -0.555502 0.831515 0
    outer loop
      vertex 58.1696 13.5473 1.1
      vertex 58.05 13.4674 2.2
      vertex 58.1696 13.5473 2.2
    endloop
  endfacet
  facet normal -0.555502 0.831515 0
    outer loop
      vertex 58.05 13.4674 2.2
      vertex 58.1696 13.5473 1.1
      vertex 58.05 13.4674 1.1
    endloop
  endfacet
  facet normal 0.44276 0.89664 -0
    outer loop
      vertex 57.079 13.4037 1.1
      vertex 56.95 13.4674 2.2
      vertex 57.079 13.4037 2.2
    endloop
  endfacet
  facet normal 0.44276 0.89664 0
    outer loop
      vertex 56.95 13.4674 2.2
      vertex 57.079 13.4037 1.1
      vertex 56.95 13.4674 1.1
    endloop
  endfacet
  facet normal -0.195314 -0.980741 0
    outer loop
      vertex 57.6436 15.5106 1.1
      vertex 57.7847 15.4825 2.2
      vertex 57.6436 15.5106 2.2
    endloop
  endfacet
  facet normal -0.195314 -0.980741 -0
    outer loop
      vertex 57.7847 15.4825 2.2
      vertex 57.6436 15.5106 1.1
      vertex 57.7847 15.4825 1.1
    endloop
  endfacet
  facet normal 0.195314 0.980741 -0
    outer loop
      vertex 57.3564 13.3294 1.1
      vertex 57.2153 13.3575 2.2
      vertex 57.3564 13.3294 2.2
    endloop
  endfacet
  facet normal 0.195314 0.980741 0
    outer loop
      vertex 57.2153 13.3575 2.2
      vertex 57.3564 13.3294 1.1
      vertex 57.2153 13.3575 1.1
    endloop
  endfacet
  facet normal -0.831515 0.555502 0
    outer loop
      vertex 58.3727 13.7504 1.1
      vertex 58.4526 13.87 2.2
      vertex 58.4526 13.87 1.1
    endloop
  endfacet
  facet normal -0.831515 0.555502 0
    outer loop
      vertex 58.4526 13.87 2.2
      vertex 58.3727 13.7504 1.1
      vertex 58.3727 13.7504 2.2
    endloop
  endfacet
  facet normal 0.831515 0.555502 0
    outer loop
      vertex 56.6273 13.7504 2.2
      vertex 56.5474 13.87 1.1
      vertex 56.5474 13.87 2.2
    endloop
  endfacet
  facet normal 0.831515 0.555502 0
    outer loop
      vertex 56.5474 13.87 1.1
      vertex 56.6273 13.7504 2.2
      vertex 56.6273 13.7504 1.1
    endloop
  endfacet
  facet normal -0.947073 0.321018 0
    outer loop
      vertex 58.5163 13.999 1.1
      vertex 58.5625 14.1353 2.2
      vertex 58.5625 14.1353 1.1
    endloop
  endfacet
  facet normal -0.947073 0.321018 0
    outer loop
      vertex 58.5625 14.1353 2.2
      vertex 58.5163 13.999 1.1
      vertex 58.5163 13.999 2.2
    endloop
  endfacet
  facet normal -0.751801 0.65939 0
    outer loop
      vertex 58.2778 13.6422 1.1
      vertex 58.3727 13.7504 2.2
      vertex 58.3727 13.7504 1.1
    endloop
  endfacet
  facet normal -0.751801 0.65939 0
    outer loop
      vertex 58.3727 13.7504 2.2
      vertex 58.2778 13.6422 1.1
      vertex 58.2778 13.6422 2.2
    endloop
  endfacet
  facet normal -0.751801 -0.65939 0
    outer loop
      vertex 58.3727 15.0896 1.1
      vertex 58.2778 15.1978 2.2
      vertex 58.2778 15.1978 1.1
    endloop
  endfacet
  facet normal -0.751801 -0.65939 0
    outer loop
      vertex 58.2778 15.1978 2.2
      vertex 58.3727 15.0896 1.1
      vertex 58.3727 15.0896 2.2
    endloop
  endfacet
  facet normal 0.947073 0.321018 0
    outer loop
      vertex 56.4837 13.999 2.2
      vertex 56.4375 14.1353 1.1
      vertex 56.4375 14.1353 2.2
    endloop
  endfacet
  facet normal 0.947073 0.321018 0
    outer loop
      vertex 56.4375 14.1353 1.1
      vertex 56.4837 13.999 2.2
      vertex 56.4837 13.999 1.1
    endloop
  endfacet
  facet normal -0.195314 0.980741 0
    outer loop
      vertex 57.7847 13.3575 1.1
      vertex 57.6436 13.3294 2.2
      vertex 57.7847 13.3575 2.2
    endloop
  endfacet
  facet normal -0.195314 0.980741 0
    outer loop
      vertex 57.6436 13.3294 2.2
      vertex 57.7847 13.3575 1.1
      vertex 57.6436 13.3294 1.1
    endloop
  endfacet
  facet normal 0.321018 -0.947073 0
    outer loop
      vertex 57.079 15.4363 1.1
      vertex 57.2153 15.4825 2.2
      vertex 57.079 15.4363 2.2
    endloop
  endfacet
  facet normal 0.321018 -0.947073 0
    outer loop
      vertex 57.2153 15.4825 2.2
      vertex 57.079 15.4363 1.1
      vertex 57.2153 15.4825 1.1
    endloop
  endfacet
  facet normal -0.947073 -0.321018 0
    outer loop
      vertex 58.5625 14.7047 1.1
      vertex 58.5163 14.841 2.2
      vertex 58.5163 14.841 1.1
    endloop
  endfacet
  facet normal -0.947073 -0.321018 0
    outer loop
      vertex 58.5163 14.841 2.2
      vertex 58.5625 14.7047 1.1
      vertex 58.5625 14.7047 2.2
    endloop
  endfacet
  facet normal -0.44276 0.89664 0
    outer loop
      vertex 58.05 13.4674 1.1
      vertex 57.921 13.4037 2.2
      vertex 58.05 13.4674 2.2
    endloop
  endfacet
  facet normal -0.44276 0.89664 0
    outer loop
      vertex 57.921 13.4037 2.2
      vertex 58.05 13.4674 1.1
      vertex 57.921 13.4037 1.1
    endloop
  endfacet
  facet normal 0.89664 0.44276 0
    outer loop
      vertex 56.5474 13.87 2.2
      vertex 56.4837 13.999 1.1
      vertex 56.4837 13.999 2.2
    endloop
  endfacet
  facet normal 0.89664 0.44276 0
    outer loop
      vertex 56.4837 13.999 1.1
      vertex 56.5474 13.87 2.2
      vertex 56.5474 13.87 1.1
    endloop
  endfacet
  facet normal 0.980741 0.195314 0
    outer loop
      vertex 56.4375 14.1353 2.2
      vertex 56.4094 14.2764 1.1
      vertex 56.4094 14.2764 2.2
    endloop
  endfacet
  facet normal 0.980741 0.195314 0
    outer loop
      vertex 56.4094 14.2764 1.1
      vertex 56.4375 14.1353 2.2
      vertex 56.4375 14.1353 1.1
    endloop
  endfacet
  facet normal 0.751801 0.65939 0
    outer loop
      vertex 56.7222 13.6422 2.2
      vertex 56.6273 13.7504 1.1
      vertex 56.6273 13.7504 2.2
    endloop
  endfacet
  facet normal 0.751801 0.65939 0
    outer loop
      vertex 56.6273 13.7504 1.1
      vertex 56.7222 13.6422 2.2
      vertex 56.7222 13.6422 1.1
    endloop
  endfacet
  facet normal 0.0653198 0.997864 -0
    outer loop
      vertex 57.5 13.32 1.1
      vertex 57.3564 13.3294 2.2
      vertex 57.5 13.32 2.2
    endloop
  endfacet
  facet normal 0.0653198 0.997864 0
    outer loop
      vertex 57.3564 13.3294 2.2
      vertex 57.5 13.32 1.1
      vertex 57.3564 13.3294 1.1
    endloop
  endfacet
  facet normal -0.831515 -0.555502 0
    outer loop
      vertex 58.4526 14.97 1.1
      vertex 58.3727 15.0896 2.2
      vertex 58.3727 15.0896 1.1
    endloop
  endfacet
  facet normal -0.831515 -0.555502 0
    outer loop
      vertex 58.3727 15.0896 2.2
      vertex 58.4526 14.97 1.1
      vertex 58.4526 14.97 2.2
    endloop
  endfacet
  facet normal 0.89664 -0.44276 0
    outer loop
      vertex 56.4837 14.841 2.2
      vertex 56.5474 14.97 1.1
      vertex 56.5474 14.97 2.2
    endloop
  endfacet
  facet normal 0.89664 -0.44276 0
    outer loop
      vertex 56.5474 14.97 1.1
      vertex 56.4837 14.841 2.2
      vertex 56.4837 14.841 1.1
    endloop
  endfacet
  facet normal -0.997864 0.0653198 0
    outer loop
      vertex 58.5906 14.2764 1.1
      vertex 58.6 14.42 2.2
      vertex 58.6 14.42 1.1
    endloop
  endfacet
  facet normal -0.997864 0.0653198 0
    outer loop
      vertex 58.6 14.42 2.2
      vertex 58.5906 14.2764 1.1
      vertex 58.5906 14.2764 2.2
    endloop
  endfacet
  facet normal -0.555502 -0.831515 0
    outer loop
      vertex 58.05 15.3726 1.1
      vertex 58.1696 15.2927 2.2
      vertex 58.05 15.3726 2.2
    endloop
  endfacet
  facet normal -0.555502 -0.831515 -0
    outer loop
      vertex 58.1696 15.2927 2.2
      vertex 58.05 15.3726 1.1
      vertex 58.1696 15.2927 1.1
    endloop
  endfacet
  facet normal -0.44276 -0.89664 0
    outer loop
      vertex 57.921 15.4363 1.1
      vertex 58.05 15.3726 2.2
      vertex 57.921 15.4363 2.2
    endloop
  endfacet
  facet normal -0.44276 -0.89664 -0
    outer loop
      vertex 58.05 15.3726 2.2
      vertex 57.921 15.4363 1.1
      vertex 58.05 15.3726 1.1
    endloop
  endfacet
  facet normal -0.65939 -0.751801 0
    outer loop
      vertex 58.1696 15.2927 1.1
      vertex 58.2778 15.1978 2.2
      vertex 58.1696 15.2927 2.2
    endloop
  endfacet
  facet normal -0.65939 -0.751801 -0
    outer loop
      vertex 58.2778 15.1978 2.2
      vertex 58.1696 15.2927 1.1
      vertex 58.2778 15.1978 1.1
    endloop
  endfacet
  facet normal -0.65939 0.751801 0
    outer loop
      vertex 58.2778 13.6422 1.1
      vertex 58.1696 13.5473 2.2
      vertex 58.2778 13.6422 2.2
    endloop
  endfacet
  facet normal -0.65939 0.751801 0
    outer loop
      vertex 58.1696 13.5473 2.2
      vertex 58.2778 13.6422 1.1
      vertex 58.1696 13.5473 1.1
    endloop
  endfacet
  facet normal 0.947073 -0.321018 0
    outer loop
      vertex 56.4375 14.7047 2.2
      vertex 56.4837 14.841 1.1
      vertex 56.4837 14.841 2.2
    endloop
  endfacet
  facet normal 0.947073 -0.321018 0
    outer loop
      vertex 56.4837 14.841 1.1
      vertex 56.4375 14.7047 2.2
      vertex 56.4375 14.7047 1.1
    endloop
  endfacet
  facet normal -0.321018 0.947073 0
    outer loop
      vertex 57.921 13.4037 1.1
      vertex 57.7847 13.3575 2.2
      vertex 57.921 13.4037 2.2
    endloop
  endfacet
  facet normal -0.321018 0.947073 0
    outer loop
      vertex 57.7847 13.3575 2.2
      vertex 57.921 13.4037 1.1
      vertex 57.7847 13.3575 1.1
    endloop
  endfacet
  facet normal -0.0653198 0.997864 0
    outer loop
      vertex 57.6436 13.3294 1.1
      vertex 57.5 13.32 2.2
      vertex 57.6436 13.3294 2.2
    endloop
  endfacet
  facet normal -0.0653198 0.997864 0
    outer loop
      vertex 57.5 13.32 2.2
      vertex 57.6436 13.3294 1.1
      vertex 57.5 13.32 1.1
    endloop
  endfacet
  facet normal 0.980741 -0.195314 0
    outer loop
      vertex 56.4094 14.5636 2.2
      vertex 56.4375 14.7047 1.1
      vertex 56.4375 14.7047 2.2
    endloop
  endfacet
  facet normal 0.980741 -0.195314 0
    outer loop
      vertex 56.4375 14.7047 1.1
      vertex 56.4094 14.5636 2.2
      vertex 56.4094 14.5636 1.1
    endloop
  endfacet
  facet normal 0.65939 0.751801 -0
    outer loop
      vertex 56.8304 13.5473 1.1
      vertex 56.7222 13.6422 2.2
      vertex 56.8304 13.5473 2.2
    endloop
  endfacet
  facet normal 0.65939 0.751801 0
    outer loop
      vertex 56.7222 13.6422 2.2
      vertex 56.8304 13.5473 1.1
      vertex 56.7222 13.6422 1.1
    endloop
  endfacet
  facet normal -0.0653198 -0.997864 0
    outer loop
      vertex 57.5 15.52 1.1
      vertex 57.6436 15.5106 2.2
      vertex 57.5 15.52 2.2
    endloop
  endfacet
  facet normal -0.0653198 -0.997864 -0
    outer loop
      vertex 57.6436 15.5106 2.2
      vertex 57.5 15.52 1.1
      vertex 57.6436 15.5106 1.1
    endloop
  endfacet
  facet normal -0.89664 0.44276 0
    outer loop
      vertex 58.4526 13.87 1.1
      vertex 58.5163 13.999 2.2
      vertex 58.5163 13.999 1.1
    endloop
  endfacet
  facet normal -0.89664 0.44276 0
    outer loop
      vertex 58.5163 13.999 2.2
      vertex 58.4526 13.87 1.1
      vertex 58.4526 13.87 2.2
    endloop
  endfacet
  facet normal -0.321018 -0.947073 0
    outer loop
      vertex 57.7847 15.4825 1.1
      vertex 57.921 15.4363 2.2
      vertex 57.7847 15.4825 2.2
    endloop
  endfacet
  facet normal -0.321018 -0.947073 -0
    outer loop
      vertex 57.921 15.4363 2.2
      vertex 57.7847 15.4825 1.1
      vertex 57.921 15.4363 1.1
    endloop
  endfacet
  facet normal 0.997864 0.0653198 0
    outer loop
      vertex 56.4094 14.2764 2.2
      vertex 56.4 14.42 1.1
      vertex 56.4 14.42 2.2
    endloop
  endfacet
  facet normal 0.997864 0.0653198 0
    outer loop
      vertex 56.4 14.42 1.1
      vertex 56.4094 14.2764 2.2
      vertex 56.4094 14.2764 1.1
    endloop
  endfacet
  facet normal 0.751801 -0.65939 0
    outer loop
      vertex 56.6273 15.0896 2.2
      vertex 56.7222 15.1978 1.1
      vertex 56.7222 15.1978 2.2
    endloop
  endfacet
  facet normal 0.751801 -0.65939 0
    outer loop
      vertex 56.7222 15.1978 1.1
      vertex 56.6273 15.0896 2.2
      vertex 56.6273 15.0896 1.1
    endloop
  endfacet
  facet normal -0.89664 -0.44276 0
    outer loop
      vertex 58.5163 14.841 1.1
      vertex 58.4526 14.97 2.2
      vertex 58.4526 14.97 1.1
    endloop
  endfacet
  facet normal -0.89664 -0.44276 0
    outer loop
      vertex 58.4526 14.97 2.2
      vertex 58.5163 14.841 1.1
      vertex 58.5163 14.841 2.2
    endloop
  endfacet
  facet normal 0.0653198 -0.997864 0
    outer loop
      vertex 57.3564 15.5106 1.1
      vertex 57.5 15.52 2.2
      vertex 57.3564 15.5106 2.2
    endloop
  endfacet
  facet normal 0.0653198 -0.997864 0
    outer loop
      vertex 57.5 15.52 2.2
      vertex 57.3564 15.5106 1.1
      vertex 57.5 15.52 1.1
    endloop
  endfacet
  facet normal 0.997864 -0.0653198 0
    outer loop
      vertex 56.4 14.42 2.2
      vertex 56.4094 14.5636 1.1
      vertex 56.4094 14.5636 2.2
    endloop
  endfacet
  facet normal 0.997864 -0.0653198 0
    outer loop
      vertex 56.4094 14.5636 1.1
      vertex 56.4 14.42 2.2
      vertex 56.4 14.42 1.1
    endloop
  endfacet
  facet normal 0.195314 -0.980741 0
    outer loop
      vertex 57.2153 15.4825 1.1
      vertex 57.3564 15.5106 2.2
      vertex 57.2153 15.4825 2.2
    endloop
  endfacet
  facet normal 0.195314 -0.980741 0
    outer loop
      vertex 57.3564 15.5106 2.2
      vertex 57.2153 15.4825 1.1
      vertex 57.3564 15.5106 1.1
    endloop
  endfacet
  facet normal 0.321018 0.947073 -0
    outer loop
      vertex 57.2153 13.3575 1.1
      vertex 57.079 13.4037 2.2
      vertex 57.2153 13.3575 2.2
    endloop
  endfacet
  facet normal 0.321018 0.947073 0
    outer loop
      vertex 57.079 13.4037 2.2
      vertex 57.2153 13.3575 1.1
      vertex 57.079 13.4037 1.1
    endloop
  endfacet
  facet normal 0.44276 -0.89664 0
    outer loop
      vertex 56.95 15.3726 1.1
      vertex 57.079 15.4363 2.2
      vertex 56.95 15.3726 2.2
    endloop
  endfacet
  facet normal 0.44276 -0.89664 0
    outer loop
      vertex 57.079 15.4363 2.2
      vertex 56.95 15.3726 1.1
      vertex 57.079 15.4363 1.1
    endloop
  endfacet
  facet normal 0.555502 -0.831515 0
    outer loop
      vertex 56.8304 15.2927 1.1
      vertex 56.95 15.3726 2.2
      vertex 56.8304 15.2927 2.2
    endloop
  endfacet
  facet normal 0.555502 -0.831515 0
    outer loop
      vertex 56.95 15.3726 2.2
      vertex 56.8304 15.2927 1.1
      vertex 56.95 15.3726 1.1
    endloop
  endfacet
  facet normal 0.831515 -0.555502 0
    outer loop
      vertex 56.5474 14.97 2.2
      vertex 56.6273 15.0896 1.1
      vertex 56.6273 15.0896 2.2
    endloop
  endfacet
  facet normal 0.831515 -0.555502 0
    outer loop
      vertex 56.6273 15.0896 1.1
      vertex 56.5474 14.97 2.2
      vertex 56.5474 14.97 1.1
    endloop
  endfacet
  facet normal 0.555502 0.831515 -0
    outer loop
      vertex 56.95 13.4674 1.1
      vertex 56.8304 13.5473 2.2
      vertex 56.95 13.4674 2.2
    endloop
  endfacet
  facet normal 0.555502 0.831515 0
    outer loop
      vertex 56.8304 13.5473 2.2
      vertex 56.95 13.4674 1.1
      vertex 56.8304 13.5473 1.1
    endloop
  endfacet
  facet normal -0.980741 0.195314 0
    outer loop
      vertex 58.5625 18.6353 1.1
      vertex 58.5906 18.7764 2.2
      vertex 58.5906 18.7764 1.1
    endloop
  endfacet
  facet normal -0.980741 0.195314 0
    outer loop
      vertex 58.5906 18.7764 2.2
      vertex 58.5625 18.6353 1.1
      vertex 58.5625 18.6353 2.2
    endloop
  endfacet
  facet normal -0.980741 -0.195314 0
    outer loop
      vertex 58.5906 19.0636 1.1
      vertex 58.5625 19.2047 2.2
      vertex 58.5625 19.2047 1.1
    endloop
  endfacet
  facet normal -0.980741 -0.195314 0
    outer loop
      vertex 58.5625 19.2047 2.2
      vertex 58.5906 19.0636 1.1
      vertex 58.5906 19.0636 2.2
    endloop
  endfacet
  facet normal -0.997864 -0.0653198 0
    outer loop
      vertex 58.6 18.92 1.1
      vertex 58.5906 19.0636 2.2
      vertex 58.5906 19.0636 1.1
    endloop
  endfacet
  facet normal -0.997864 -0.0653198 0
    outer loop
      vertex 58.5906 19.0636 2.2
      vertex 58.6 18.92 1.1
      vertex 58.6 18.92 2.2
    endloop
  endfacet
  facet normal 0.65939 -0.751801 0
    outer loop
      vertex 56.7222 19.6978 1.1
      vertex 56.8304 19.7927 2.2
      vertex 56.7222 19.6978 2.2
    endloop
  endfacet
  facet normal 0.65939 -0.751801 0
    outer loop
      vertex 56.8304 19.7927 2.2
      vertex 56.7222 19.6978 1.1
      vertex 56.8304 19.7927 1.1
    endloop
  endfacet
  facet normal -0.555502 0.831515 0
    outer loop
      vertex 58.1696 18.0473 1.1
      vertex 58.05 17.9674 2.2
      vertex 58.1696 18.0473 2.2
    endloop
  endfacet
  facet normal -0.555502 0.831515 0
    outer loop
      vertex 58.05 17.9674 2.2
      vertex 58.1696 18.0473 1.1
      vertex 58.05 17.9674 1.1
    endloop
  endfacet
  facet normal 0.44276 0.89664 -0
    outer loop
      vertex 57.079 17.9037 1.1
      vertex 56.95 17.9674 2.2
      vertex 57.079 17.9037 2.2
    endloop
  endfacet
  facet normal 0.44276 0.89664 0
    outer loop
      vertex 56.95 17.9674 2.2
      vertex 57.079 17.9037 1.1
      vertex 56.95 17.9674 1.1
    endloop
  endfacet
  facet normal -0.195314 -0.980741 0
    outer loop
      vertex 57.6436 20.0106 1.1
      vertex 57.7847 19.9825 2.2
      vertex 57.6436 20.0106 2.2
    endloop
  endfacet
  facet normal -0.195314 -0.980741 -0
    outer loop
      vertex 57.7847 19.9825 2.2
      vertex 57.6436 20.0106 1.1
      vertex 57.7847 19.9825 1.1
    endloop
  endfacet
  facet normal 0.195314 0.980741 -0
    outer loop
      vertex 57.3564 17.8294 1.1
      vertex 57.2153 17.8575 2.2
      vertex 57.3564 17.8294 2.2
    endloop
  endfacet
  facet normal 0.195314 0.980741 0
    outer loop
      vertex 57.2153 17.8575 2.2
      vertex 57.3564 17.8294 1.1
      vertex 57.2153 17.8575 1.1
    endloop
  endfacet
  facet normal 0.831515 0.555502 0
    outer loop
      vertex 56.6273 18.2504 2.2
      vertex 56.5474 18.37 1.1
      vertex 56.5474 18.37 2.2
    endloop
  endfacet
  facet normal 0.831515 0.555502 0
    outer loop
      vertex 56.5474 18.37 1.1
      vertex 56.6273 18.2504 2.2
      vertex 56.6273 18.2504 1.1
    endloop
  endfacet
  facet normal -0.947073 0.321018 0
    outer loop
      vertex 58.5163 18.499 1.1
      vertex 58.5625 18.6353 2.2
      vertex 58.5625 18.6353 1.1
    endloop
  endfacet
  facet normal -0.947073 0.321018 0
    outer loop
      vertex 58.5625 18.6353 2.2
      vertex 58.5163 18.499 1.1
      vertex 58.5163 18.499 2.2
    endloop
  endfacet
  facet normal -0.751801 0.65939 0
    outer loop
      vertex 58.2778 18.1422 1.1
      vertex 58.3727 18.2504 2.2
      vertex 58.3727 18.2504 1.1
    endloop
  endfacet
  facet normal -0.751801 0.65939 0
    outer loop
      vertex 58.3727 18.2504 2.2
      vertex 58.2778 18.1422 1.1
      vertex 58.2778 18.1422 2.2
    endloop
  endfacet
  facet normal -0.751801 -0.65939 0
    outer loop
      vertex 58.3727 19.5896 1.1
      vertex 58.2778 19.6978 2.2
      vertex 58.2778 19.6978 1.1
    endloop
  endfacet
  facet normal -0.751801 -0.65939 0
    outer loop
      vertex 58.2778 19.6978 2.2
      vertex 58.3727 19.5896 1.1
      vertex 58.3727 19.5896 2.2
    endloop
  endfacet
  facet normal 0.947073 0.321018 0
    outer loop
      vertex 56.4837 18.499 2.2
      vertex 56.4375 18.6353 1.1
      vertex 56.4375 18.6353 2.2
    endloop
  endfacet
  facet normal 0.947073 0.321018 0
    outer loop
      vertex 56.4375 18.6353 1.1
      vertex 56.4837 18.499 2.2
      vertex 56.4837 18.499 1.1
    endloop
  endfacet
  facet normal -0.195314 0.980741 0
    outer loop
      vertex 57.7847 17.8575 1.1
      vertex 57.6436 17.8294 2.2
      vertex 57.7847 17.8575 2.2
    endloop
  endfacet
  facet normal -0.195314 0.980741 0
    outer loop
      vertex 57.6436 17.8294 2.2
      vertex 57.7847 17.8575 1.1
      vertex 57.6436 17.8294 1.1
    endloop
  endfacet
  facet normal 0.321018 -0.947073 0
    outer loop
      vertex 57.079 19.9363 1.1
      vertex 57.2153 19.9825 2.2
      vertex 57.079 19.9363 2.2
    endloop
  endfacet
  facet normal 0.321018 -0.947073 0
    outer loop
      vertex 57.2153 19.9825 2.2
      vertex 57.079 19.9363 1.1
      vertex 57.2153 19.9825 1.1
    endloop
  endfacet
  facet normal -0.947073 -0.321018 0
    outer loop
      vertex 58.5625 19.2047 1.1
      vertex 58.5163 19.341 2.2
      vertex 58.5163 19.341 1.1
    endloop
  endfacet
  facet normal -0.947073 -0.321018 0
    outer loop
      vertex 58.5163 19.341 2.2
      vertex 58.5625 19.2047 1.1
      vertex 58.5625 19.2047 2.2
    endloop
  endfacet
  facet normal -0.44276 0.89664 0
    outer loop
      vertex 58.05 17.9674 1.1
      vertex 57.921 17.9037 2.2
      vertex 58.05 17.9674 2.2
    endloop
  endfacet
  facet normal -0.44276 0.89664 0
    outer loop
      vertex 57.921 17.9037 2.2
      vertex 58.05 17.9674 1.1
      vertex 57.921 17.9037 1.1
    endloop
  endfacet
  facet normal 0.89664 0.44276 0
    outer loop
      vertex 56.5474 18.37 2.2
      vertex 56.4837 18.499 1.1
      vertex 56.4837 18.499 2.2
    endloop
  endfacet
  facet normal 0.89664 0.44276 0
    outer loop
      vertex 56.4837 18.499 1.1
      vertex 56.5474 18.37 2.2
      vertex 56.5474 18.37 1.1
    endloop
  endfacet
  facet normal 0.980741 0.195314 0
    outer loop
      vertex 56.4375 18.6353 2.2
      vertex 56.4094 18.7764 1.1
      vertex 56.4094 18.7764 2.2
    endloop
  endfacet
  facet normal 0.980741 0.195314 0
    outer loop
      vertex 56.4094 18.7764 1.1
      vertex 56.4375 18.6353 2.2
      vertex 56.4375 18.6353 1.1
    endloop
  endfacet
  facet normal 0.751801 0.65939 0
    outer loop
      vertex 56.7222 18.1422 2.2
      vertex 56.6273 18.2504 1.1
      vertex 56.6273 18.2504 2.2
    endloop
  endfacet
  facet normal 0.751801 0.65939 0
    outer loop
      vertex 56.6273 18.2504 1.1
      vertex 56.7222 18.1422 2.2
      vertex 56.7222 18.1422 1.1
    endloop
  endfacet
  facet normal 0.0653198 0.997864 -0
    outer loop
      vertex 57.5 17.82 1.1
      vertex 57.3564 17.8294 2.2
      vertex 57.5 17.82 2.2
    endloop
  endfacet
  facet normal 0.0653198 0.997864 0
    outer loop
      vertex 57.3564 17.8294 2.2
      vertex 57.5 17.82 1.1
      vertex 57.3564 17.8294 1.1
    endloop
  endfacet
  facet normal -0.831515 -0.555502 0
    outer loop
      vertex 58.4526 19.47 1.1
      vertex 58.3727 19.5896 2.2
      vertex 58.3727 19.5896 1.1
    endloop
  endfacet
  facet normal -0.831515 -0.555502 0
    outer loop
      vertex 58.3727 19.5896 2.2
      vertex 58.4526 19.47 1.1
      vertex 58.4526 19.47 2.2
    endloop
  endfacet
  facet normal 0.89664 -0.44276 0
    outer loop
      vertex 56.4837 19.341 2.2
      vertex 56.5474 19.47 1.1
      vertex 56.5474 19.47 2.2
    endloop
  endfacet
  facet normal 0.89664 -0.44276 0
    outer loop
      vertex 56.5474 19.47 1.1
      vertex 56.4837 19.341 2.2
      vertex 56.4837 19.341 1.1
    endloop
  endfacet
  facet normal -0.997864 0.0653198 0
    outer loop
      vertex 58.5906 18.7764 1.1
      vertex 58.6 18.92 2.2
      vertex 58.6 18.92 1.1
    endloop
  endfacet
  facet normal -0.997864 0.0653198 0
    outer loop
      vertex 58.6 18.92 2.2
      vertex 58.5906 18.7764 1.1
      vertex 58.5906 18.7764 2.2
    endloop
  endfacet
  facet normal -0.44276 -0.89664 0
    outer loop
      vertex 57.921 19.9363 1.1
      vertex 58.05 19.8726 2.2
      vertex 57.921 19.9363 2.2
    endloop
  endfacet
  facet normal -0.44276 -0.89664 -0
    outer loop
      vertex 58.05 19.8726 2.2
      vertex 57.921 19.9363 1.1
      vertex 58.05 19.8726 1.1
    endloop
  endfacet
  facet normal -0.555502 -0.831515 0
    outer loop
      vertex 58.05 19.8726 1.1
      vertex 58.1696 19.7927 2.2
      vertex 58.05 19.8726 2.2
    endloop
  endfacet
  facet normal -0.555502 -0.831515 -0
    outer loop
      vertex 58.1696 19.7927 2.2
      vertex 58.05 19.8726 1.1
      vertex 58.1696 19.7927 1.1
    endloop
  endfacet
  facet normal -0.65939 0.751801 0
    outer loop
      vertex 58.2778 18.1422 1.1
      vertex 58.1696 18.0473 2.2
      vertex 58.2778 18.1422 2.2
    endloop
  endfacet
  facet normal -0.65939 0.751801 0
    outer loop
      vertex 58.1696 18.0473 2.2
      vertex 58.2778 18.1422 1.1
      vertex 58.1696 18.0473 1.1
    endloop
  endfacet
  facet normal 0.947073 -0.321018 0
    outer loop
      vertex 56.4375 19.2047 2.2
      vertex 56.4837 19.341 1.1
      vertex 56.4837 19.341 2.2
    endloop
  endfacet
  facet normal 0.947073 -0.321018 0
    outer loop
      vertex 56.4837 19.341 1.1
      vertex 56.4375 19.2047 2.2
      vertex 56.4375 19.2047 1.1
    endloop
  endfacet
  facet normal -0.321018 0.947073 0
    outer loop
      vertex 57.921 17.9037 1.1
      vertex 57.7847 17.8575 2.2
      vertex 57.921 17.9037 2.2
    endloop
  endfacet
  facet normal -0.321018 0.947073 0
    outer loop
      vertex 57.7847 17.8575 2.2
      vertex 57.921 17.9037 1.1
      vertex 57.7847 17.8575 1.1
    endloop
  endfacet
  facet normal -0.0653198 0.997864 0
    outer loop
      vertex 57.6436 17.8294 1.1
      vertex 57.5 17.82 2.2
      vertex 57.6436 17.8294 2.2
    endloop
  endfacet
  facet normal -0.0653198 0.997864 0
    outer loop
      vertex 57.5 17.82 2.2
      vertex 57.6436 17.8294 1.1
      vertex 57.5 17.82 1.1
    endloop
  endfacet
  facet normal 0.980741 -0.195314 0
    outer loop
      vertex 56.4094 19.0636 2.2
      vertex 56.4375 19.2047 1.1
      vertex 56.4375 19.2047 2.2
    endloop
  endfacet
  facet normal 0.980741 -0.195314 0
    outer loop
      vertex 56.4375 19.2047 1.1
      vertex 56.4094 19.0636 2.2
      vertex 56.4094 19.0636 1.1
    endloop
  endfacet
  facet normal 0.65939 0.751801 -0
    outer loop
      vertex 56.8304 18.0473 1.1
      vertex 56.7222 18.1422 2.2
      vertex 56.8304 18.0473 2.2
    endloop
  endfacet
  facet normal 0.65939 0.751801 0
    outer loop
      vertex 56.7222 18.1422 2.2
      vertex 56.8304 18.0473 1.1
      vertex 56.7222 18.1422 1.1
    endloop
  endfacet
  facet normal -0.65939 -0.751801 0
    outer loop
      vertex 58.1696 19.7927 1.1
      vertex 58.2778 19.6978 2.2
      vertex 58.1696 19.7927 2.2
    endloop
  endfacet
  facet normal -0.65939 -0.751801 -0
    outer loop
      vertex 58.2778 19.6978 2.2
      vertex 58.1696 19.7927 1.1
      vertex 58.2778 19.6978 1.1
    endloop
  endfacet
  facet normal -0.0653198 -0.997864 0
    outer loop
      vertex 57.5 20.02 1.1
      vertex 57.6436 20.0106 2.2
      vertex 57.5 20.02 2.2
    endloop
  endfacet
  facet normal -0.0653198 -0.997864 -0
    outer loop
      vertex 57.6436 20.0106 2.2
      vertex 57.5 20.02 1.1
      vertex 57.6436 20.0106 1.1
    endloop
  endfacet
  facet normal -0.831515 0.555502 0
    outer loop
      vertex 58.3727 18.2504 1.1
      vertex 58.4526 18.37 2.2
      vertex 58.4526 18.37 1.1
    endloop
  endfacet
  facet normal -0.831515 0.555502 0
    outer loop
      vertex 58.4526 18.37 2.2
      vertex 58.3727 18.2504 1.1
      vertex 58.3727 18.2504 2.2
    endloop
  endfacet
  facet normal -0.89664 0.44276 0
    outer loop
      vertex 58.4526 18.37 1.1
      vertex 58.5163 18.499 2.2
      vertex 58.5163 18.499 1.1
    endloop
  endfacet
  facet normal -0.89664 0.44276 0
    outer loop
      vertex 58.5163 18.499 2.2
      vertex 58.4526 18.37 1.1
      vertex 58.4526 18.37 2.2
    endloop
  endfacet
  facet normal -0.321018 -0.947073 0
    outer loop
      vertex 57.7847 19.9825 1.1
      vertex 57.921 19.9363 2.2
      vertex 57.7847 19.9825 2.2
    endloop
  endfacet
  facet normal -0.321018 -0.947073 -0
    outer loop
      vertex 57.921 19.9363 2.2
      vertex 57.7847 19.9825 1.1
      vertex 57.921 19.9363 1.1
    endloop
  endfacet
  facet normal 0.997864 0.0653198 0
    outer loop
      vertex 56.4094 18.7764 2.2
      vertex 56.4 18.92 1.1
      vertex 56.4 18.92 2.2
    endloop
  endfacet
  facet normal 0.997864 0.0653198 0
    outer loop
      vertex 56.4 18.92 1.1
      vertex 56.4094 18.7764 2.2
      vertex 56.4094 18.7764 1.1
    endloop
  endfacet
  facet normal 0.751801 -0.65939 0
    outer loop
      vertex 56.6273 19.5896 2.2
      vertex 56.7222 19.6978 1.1
      vertex 56.7222 19.6978 2.2
    endloop
  endfacet
  facet normal 0.751801 -0.65939 0
    outer loop
      vertex 56.7222 19.6978 1.1
      vertex 56.6273 19.5896 2.2
      vertex 56.6273 19.5896 1.1
    endloop
  endfacet
  facet normal 0.555502 -0.831515 0
    outer loop
      vertex 56.8304 19.7927 1.1
      vertex 56.95 19.8726 2.2
      vertex 56.8304 19.7927 2.2
    endloop
  endfacet
  facet normal 0.555502 -0.831515 0
    outer loop
      vertex 56.95 19.8726 2.2
      vertex 56.8304 19.7927 1.1
      vertex 56.95 19.8726 1.1
    endloop
  endfacet
  facet normal -0.89664 -0.44276 0
    outer loop
      vertex 58.5163 19.341 1.1
      vertex 58.4526 19.47 2.2
      vertex 58.4526 19.47 1.1
    endloop
  endfacet
  facet normal -0.89664 -0.44276 0
    outer loop
      vertex 58.4526 19.47 2.2
      vertex 58.5163 19.341 1.1
      vertex 58.5163 19.341 2.2
    endloop
  endfacet
  facet normal 0.0653198 -0.997864 0
    outer loop
      vertex 57.3564 20.0106 1.1
      vertex 57.5 20.02 2.2
      vertex 57.3564 20.0106 2.2
    endloop
  endfacet
  facet normal 0.0653198 -0.997864 0
    outer loop
      vertex 57.5 20.02 2.2
      vertex 57.3564 20.0106 1.1
      vertex 57.5 20.02 1.1
    endloop
  endfacet
  facet normal 0.997864 -0.0653198 0
    outer loop
      vertex 56.4 18.92 2.2
      vertex 56.4094 19.0636 1.1
      vertex 56.4094 19.0636 2.2
    endloop
  endfacet
  facet normal 0.997864 -0.0653198 0
    outer loop
      vertex 56.4094 19.0636 1.1
      vertex 56.4 18.92 2.2
      vertex 56.4 18.92 1.1
    endloop
  endfacet
  facet normal 0.195314 -0.980741 0
    outer loop
      vertex 57.2153 19.9825 1.1
      vertex 57.3564 20.0106 2.2
      vertex 57.2153 19.9825 2.2
    endloop
  endfacet
  facet normal 0.195314 -0.980741 0
    outer loop
      vertex 57.3564 20.0106 2.2
      vertex 57.2153 19.9825 1.1
      vertex 57.3564 20.0106 1.1
    endloop
  endfacet
  facet normal 0.321018 0.947073 -0
    outer loop
      vertex 57.2153 17.8575 1.1
      vertex 57.079 17.9037 2.2
      vertex 57.2153 17.8575 2.2
    endloop
  endfacet
  facet normal 0.321018 0.947073 0
    outer loop
      vertex 57.079 17.9037 2.2
      vertex 57.2153 17.8575 1.1
      vertex 57.079 17.9037 1.1
    endloop
  endfacet
  facet normal 0.44276 -0.89664 0
    outer loop
      vertex 56.95 19.8726 1.1
      vertex 57.079 19.9363 2.2
      vertex 56.95 19.8726 2.2
    endloop
  endfacet
  facet normal 0.44276 -0.89664 0
    outer loop
      vertex 57.079 19.9363 2.2
      vertex 56.95 19.8726 1.1
      vertex 57.079 19.9363 1.1
    endloop
  endfacet
  facet normal 0.831515 -0.555502 0
    outer loop
      vertex 56.5474 19.47 2.2
      vertex 56.6273 19.5896 1.1
      vertex 56.6273 19.5896 2.2
    endloop
  endfacet
  facet normal 0.831515 -0.555502 0
    outer loop
      vertex 56.6273 19.5896 1.1
      vertex 56.5474 19.47 2.2
      vertex 56.5474 19.47 1.1
    endloop
  endfacet
  facet normal 0.555502 0.831515 -0
    outer loop
      vertex 56.95 17.9674 1.1
      vertex 56.8304 18.0473 2.2
      vertex 56.95 17.9674 2.2
    endloop
  endfacet
  facet normal 0.555502 0.831515 0
    outer loop
      vertex 56.8304 18.0473 2.2
      vertex 56.95 17.9674 1.1
      vertex 56.8304 18.0473 1.1
    endloop
  endfacet
  facet normal -0.980741 0.195314 0
    outer loop
      vertex 58.5625 23.1353 1.1
      vertex 58.5906 23.2764 2.2
      vertex 58.5906 23.2764 1.1
    endloop
  endfacet
  facet normal -0.980741 0.195314 0
    outer loop
      vertex 58.5906 23.2764 2.2
      vertex 58.5625 23.1353 1.1
      vertex 58.5625 23.1353 2.2
    endloop
  endfacet
  facet normal -0.980741 -0.195314 0
    outer loop
      vertex 58.5906 23.5636 1.1
      vertex 58.5625 23.7047 2.2
      vertex 58.5625 23.7047 1.1
    endloop
  endfacet
  facet normal -0.980741 -0.195314 0
    outer loop
      vertex 58.5625 23.7047 2.2
      vertex 58.5906 23.5636 1.1
      vertex 58.5906 23.5636 2.2
    endloop
  endfacet
  facet normal -0.997864 -0.0653198 0
    outer loop
      vertex 58.6 23.42 1.1
      vertex 58.5906 23.5636 2.2
      vertex 58.5906 23.5636 1.1
    endloop
  endfacet
  facet normal -0.997864 -0.0653198 0
    outer loop
      vertex 58.5906 23.5636 2.2
      vertex 58.6 23.42 1.1
      vertex 58.6 23.42 2.2
    endloop
  endfacet
  facet normal 0.65939 -0.751801 0
    outer loop
      vertex 56.7222 24.1978 1.1
      vertex 56.8304 24.2927 2.2
      vertex 56.7222 24.1978 2.2
    endloop
  endfacet
  facet normal 0.65939 -0.751801 0
    outer loop
      vertex 56.8304 24.2927 2.2
      vertex 56.7222 24.1978 1.1
      vertex 56.8304 24.2927 1.1
    endloop
  endfacet
  facet normal -0.555502 0.831515 0
    outer loop
      vertex 58.1696 22.5473 1.1
      vertex 58.05 22.4674 2.2
      vertex 58.1696 22.5473 2.2
    endloop
  endfacet
  facet normal -0.555502 0.831515 0
    outer loop
      vertex 58.05 22.4674 2.2
      vertex 58.1696 22.5473 1.1
      vertex 58.05 22.4674 1.1
    endloop
  endfacet
  facet normal 0.44276 0.89664 -0
    outer loop
      vertex 57.079 22.4037 1.1
      vertex 56.95 22.4674 2.2
      vertex 57.079 22.4037 2.2
    endloop
  endfacet
  facet normal 0.44276 0.89664 0
    outer loop
      vertex 56.95 22.4674 2.2
      vertex 57.079 22.4037 1.1
      vertex 56.95 22.4674 1.1
    endloop
  endfacet
  facet normal -0.195314 -0.980741 0
    outer loop
      vertex 57.6436 24.5106 1.1
      vertex 57.7847 24.4825 2.2
      vertex 57.6436 24.5106 2.2
    endloop
  endfacet
  facet normal -0.195314 -0.980741 -0
    outer loop
      vertex 57.7847 24.4825 2.2
      vertex 57.6436 24.5106 1.1
      vertex 57.7847 24.4825 1.1
    endloop
  endfacet
  facet normal 0.195314 0.980741 -0
    outer loop
      vertex 57.3564 22.3294 1.1
      vertex 57.2153 22.3575 2.2
      vertex 57.3564 22.3294 2.2
    endloop
  endfacet
  facet normal 0.195314 0.980741 0
    outer loop
      vertex 57.2153 22.3575 2.2
      vertex 57.3564 22.3294 1.1
      vertex 57.2153 22.3575 1.1
    endloop
  endfacet
  facet normal 0.831515 0.555502 0
    outer loop
      vertex 56.6273 22.7504 2.2
      vertex 56.5474 22.87 1.1
      vertex 56.5474 22.87 2.2
    endloop
  endfacet
  facet normal 0.831515 0.555502 0
    outer loop
      vertex 56.5474 22.87 1.1
      vertex 56.6273 22.7504 2.2
      vertex 56.6273 22.7504 1.1
    endloop
  endfacet
  facet normal -0.947073 0.321018 0
    outer loop
      vertex 58.5163 22.999 1.1
      vertex 58.5625 23.1353 2.2
      vertex 58.5625 23.1353 1.1
    endloop
  endfacet
  facet normal -0.947073 0.321018 0
    outer loop
      vertex 58.5625 23.1353 2.2
      vertex 58.5163 22.999 1.1
      vertex 58.5163 22.999 2.2
    endloop
  endfacet
  facet normal -0.751801 0.65939 0
    outer loop
      vertex 58.2778 22.6422 1.1
      vertex 58.3727 22.7504 2.2
      vertex 58.3727 22.7504 1.1
    endloop
  endfacet
  facet normal -0.751801 0.65939 0
    outer loop
      vertex 58.3727 22.7504 2.2
      vertex 58.2778 22.6422 1.1
      vertex 58.2778 22.6422 2.2
    endloop
  endfacet
  facet normal -0.751801 -0.65939 0
    outer loop
      vertex 58.3727 24.0896 1.1
      vertex 58.2778 24.1978 2.2
      vertex 58.2778 24.1978 1.1
    endloop
  endfacet
  facet normal -0.751801 -0.65939 0
    outer loop
      vertex 58.2778 24.1978 2.2
      vertex 58.3727 24.0896 1.1
      vertex 58.3727 24.0896 2.2
    endloop
  endfacet
  facet normal 0.947073 0.321018 0
    outer loop
      vertex 56.4837 22.999 2.2
      vertex 56.4375 23.1353 1.1
      vertex 56.4375 23.1353 2.2
    endloop
  endfacet
  facet normal 0.947073 0.321018 0
    outer loop
      vertex 56.4375 23.1353 1.1
      vertex 56.4837 22.999 2.2
      vertex 56.4837 22.999 1.1
    endloop
  endfacet
  facet normal -0.195314 0.980741 0
    outer loop
      vertex 57.7847 22.3575 1.1
      vertex 57.6436 22.3294 2.2
      vertex 57.7847 22.3575 2.2
    endloop
  endfacet
  facet normal -0.195314 0.980741 0
    outer loop
      vertex 57.6436 22.3294 2.2
      vertex 57.7847 22.3575 1.1
      vertex 57.6436 22.3294 1.1
    endloop
  endfacet
  facet normal 0.321018 -0.947073 0
    outer loop
      vertex 57.079 24.4363 1.1
      vertex 57.2153 24.4825 2.2
      vertex 57.079 24.4363 2.2
    endloop
  endfacet
  facet normal 0.321018 -0.947073 0
    outer loop
      vertex 57.2153 24.4825 2.2
      vertex 57.079 24.4363 1.1
      vertex 57.2153 24.4825 1.1
    endloop
  endfacet
  facet normal -0.947073 -0.321018 0
    outer loop
      vertex 58.5625 23.7047 1.1
      vertex 58.5163 23.841 2.2
      vertex 58.5163 23.841 1.1
    endloop
  endfacet
  facet normal -0.947073 -0.321018 0
    outer loop
      vertex 58.5163 23.841 2.2
      vertex 58.5625 23.7047 1.1
      vertex 58.5625 23.7047 2.2
    endloop
  endfacet
  facet normal -0.44276 0.89664 0
    outer loop
      vertex 58.05 22.4674 1.1
      vertex 57.921 22.4037 2.2
      vertex 58.05 22.4674 2.2
    endloop
  endfacet
  facet normal -0.44276 0.89664 0
    outer loop
      vertex 57.921 22.4037 2.2
      vertex 58.05 22.4674 1.1
      vertex 57.921 22.4037 1.1
    endloop
  endfacet
  facet normal 0.89664 0.44276 0
    outer loop
      vertex 56.5474 22.87 2.2
      vertex 56.4837 22.999 1.1
      vertex 56.4837 22.999 2.2
    endloop
  endfacet
  facet normal 0.89664 0.44276 0
    outer loop
      vertex 56.4837 22.999 1.1
      vertex 56.5474 22.87 2.2
      vertex 56.5474 22.87 1.1
    endloop
  endfacet
  facet normal 0.980741 0.195314 0
    outer loop
      vertex 56.4375 23.1353 2.2
      vertex 56.4094 23.2764 1.1
      vertex 56.4094 23.2764 2.2
    endloop
  endfacet
  facet normal 0.980741 0.195314 0
    outer loop
      vertex 56.4094 23.2764 1.1
      vertex 56.4375 23.1353 2.2
      vertex 56.4375 23.1353 1.1
    endloop
  endfacet
  facet normal 0.751801 0.65939 0
    outer loop
      vertex 56.7222 22.6422 2.2
      vertex 56.6273 22.7504 1.1
      vertex 56.6273 22.7504 2.2
    endloop
  endfacet
  facet normal 0.751801 0.65939 0
    outer loop
      vertex 56.6273 22.7504 1.1
      vertex 56.7222 22.6422 2.2
      vertex 56.7222 22.6422 1.1
    endloop
  endfacet
  facet normal 0.0653198 0.997864 -0
    outer loop
      vertex 57.5 22.32 1.1
      vertex 57.3564 22.3294 2.2
      vertex 57.5 22.32 2.2
    endloop
  endfacet
  facet normal 0.0653198 0.997864 0
    outer loop
      vertex 57.3564 22.3294 2.2
      vertex 57.5 22.32 1.1
      vertex 57.3564 22.3294 1.1
    endloop
  endfacet
  facet normal -0.831515 -0.555502 0
    outer loop
      vertex 58.4526 23.97 1.1
      vertex 58.3727 24.0896 2.2
      vertex 58.3727 24.0896 1.1
    endloop
  endfacet
  facet normal -0.831515 -0.555502 0
    outer loop
      vertex 58.3727 24.0896 2.2
      vertex 58.4526 23.97 1.1
      vertex 58.4526 23.97 2.2
    endloop
  endfacet
  facet normal 0.89664 -0.44276 0
    outer loop
      vertex 56.4837 23.841 2.2
      vertex 56.5474 23.97 1.1
      vertex 56.5474 23.97 2.2
    endloop
  endfacet
  facet normal 0.89664 -0.44276 0
    outer loop
      vertex 56.5474 23.97 1.1
      vertex 56.4837 23.841 2.2
      vertex 56.4837 23.841 1.1
    endloop
  endfacet
  facet normal -0.997864 0.0653198 0
    outer loop
      vertex 58.5906 23.2764 1.1
      vertex 58.6 23.42 2.2
      vertex 58.6 23.42 1.1
    endloop
  endfacet
  facet normal -0.997864 0.0653198 0
    outer loop
      vertex 58.6 23.42 2.2
      vertex 58.5906 23.2764 1.1
      vertex 58.5906 23.2764 2.2
    endloop
  endfacet
  facet normal -0.44276 -0.89664 0
    outer loop
      vertex 57.921 24.4363 1.1
      vertex 58.05 24.3726 2.2
      vertex 57.921 24.4363 2.2
    endloop
  endfacet
  facet normal -0.44276 -0.89664 -0
    outer loop
      vertex 58.05 24.3726 2.2
      vertex 57.921 24.4363 1.1
      vertex 58.05 24.3726 1.1
    endloop
  endfacet
  facet normal -0.555502 -0.831515 0
    outer loop
      vertex 58.05 24.3726 1.1
      vertex 58.1696 24.2927 2.2
      vertex 58.05 24.3726 2.2
    endloop
  endfacet
  facet normal -0.555502 -0.831515 -0
    outer loop
      vertex 58.1696 24.2927 2.2
      vertex 58.05 24.3726 1.1
      vertex 58.1696 24.2927 1.1
    endloop
  endfacet
  facet normal -0.65939 0.751801 0
    outer loop
      vertex 58.2778 22.6422 1.1
      vertex 58.1696 22.5473 2.2
      vertex 58.2778 22.6422 2.2
    endloop
  endfacet
  facet normal -0.65939 0.751801 0
    outer loop
      vertex 58.1696 22.5473 2.2
      vertex 58.2778 22.6422 1.1
      vertex 58.1696 22.5473 1.1
    endloop
  endfacet
  facet normal 0.947073 -0.321018 0
    outer loop
      vertex 56.4375 23.7047 2.2
      vertex 56.4837 23.841 1.1
      vertex 56.4837 23.841 2.2
    endloop
  endfacet
  facet normal 0.947073 -0.321018 0
    outer loop
      vertex 56.4837 23.841 1.1
      vertex 56.4375 23.7047 2.2
      vertex 56.4375 23.7047 1.1
    endloop
  endfacet
  facet normal -0.321018 0.947073 0
    outer loop
      vertex 57.921 22.4037 1.1
      vertex 57.7847 22.3575 2.2
      vertex 57.921 22.4037 2.2
    endloop
  endfacet
  facet normal -0.321018 0.947073 0
    outer loop
      vertex 57.7847 22.3575 2.2
      vertex 57.921 22.4037 1.1
      vertex 57.7847 22.3575 1.1
    endloop
  endfacet
  facet normal -0.0653198 0.997864 0
    outer loop
      vertex 57.6436 22.3294 1.1
      vertex 57.5 22.32 2.2
      vertex 57.6436 22.3294 2.2
    endloop
  endfacet
  facet normal -0.0653198 0.997864 0
    outer loop
      vertex 57.5 22.32 2.2
      vertex 57.6436 22.3294 1.1
      vertex 57.5 22.32 1.1
    endloop
  endfacet
  facet normal 0.980741 -0.195314 0
    outer loop
      vertex 56.4094 23.5636 2.2
      vertex 56.4375 23.7047 1.1
      vertex 56.4375 23.7047 2.2
    endloop
  endfacet
  facet normal 0.980741 -0.195314 0
    outer loop
      vertex 56.4375 23.7047 1.1
      vertex 56.4094 23.5636 2.2
      vertex 56.4094 23.5636 1.1
    endloop
  endfacet
  facet normal 0.65939 0.751801 -0
    outer loop
      vertex 56.8304 22.5473 1.1
      vertex 56.7222 22.6422 2.2
      vertex 56.8304 22.5473 2.2
    endloop
  endfacet
  facet normal 0.65939 0.751801 0
    outer loop
      vertex 56.7222 22.6422 2.2
      vertex 56.8304 22.5473 1.1
      vertex 56.7222 22.6422 1.1
    endloop
  endfacet
  facet normal -0.65939 -0.751801 0
    outer loop
      vertex 58.1696 24.2927 1.1
      vertex 58.2778 24.1978 2.2
      vertex 58.1696 24.2927 2.2
    endloop
  endfacet
  facet normal -0.65939 -0.751801 -0
    outer loop
      vertex 58.2778 24.1978 2.2
      vertex 58.1696 24.2927 1.1
      vertex 58.2778 24.1978 1.1
    endloop
  endfacet
  facet normal -0.0653198 -0.997864 0
    outer loop
      vertex 57.5 24.52 1.1
      vertex 57.6436 24.5106 2.2
      vertex 57.5 24.52 2.2
    endloop
  endfacet
  facet normal -0.0653198 -0.997864 -0
    outer loop
      vertex 57.6436 24.5106 2.2
      vertex 57.5 24.52 1.1
      vertex 57.6436 24.5106 1.1
    endloop
  endfacet
  facet normal -0.831515 0.555502 0
    outer loop
      vertex 58.3727 22.7504 1.1
      vertex 58.4526 22.87 2.2
      vertex 58.4526 22.87 1.1
    endloop
  endfacet
  facet normal -0.831515 0.555502 0
    outer loop
      vertex 58.4526 22.87 2.2
      vertex 58.3727 22.7504 1.1
      vertex 58.3727 22.7504 2.2
    endloop
  endfacet
  facet normal -0.89664 0.44276 0
    outer loop
      vertex 58.4526 22.87 1.1
      vertex 58.5163 22.999 2.2
      vertex 58.5163 22.999 1.1
    endloop
  endfacet
  facet normal -0.89664 0.44276 0
    outer loop
      vertex 58.5163 22.999 2.2
      vertex 58.4526 22.87 1.1
      vertex 58.4526 22.87 2.2
    endloop
  endfacet
  facet normal -0.321018 -0.947073 0
    outer loop
      vertex 57.7847 24.4825 1.1
      vertex 57.921 24.4363 2.2
      vertex 57.7847 24.4825 2.2
    endloop
  endfacet
  facet normal -0.321018 -0.947073 -0
    outer loop
      vertex 57.921 24.4363 2.2
      vertex 57.7847 24.4825 1.1
      vertex 57.921 24.4363 1.1
    endloop
  endfacet
  facet normal 0.997864 0.0653198 0
    outer loop
      vertex 56.4094 23.2764 2.2
      vertex 56.4 23.42 1.1
      vertex 56.4 23.42 2.2
    endloop
  endfacet
  facet normal 0.997864 0.0653198 0
    outer loop
      vertex 56.4 23.42 1.1
      vertex 56.4094 23.2764 2.2
      vertex 56.4094 23.2764 1.1
    endloop
  endfacet
  facet normal 0.751801 -0.65939 0
    outer loop
      vertex 56.6273 24.0896 2.2
      vertex 56.7222 24.1978 1.1
      vertex 56.7222 24.1978 2.2
    endloop
  endfacet
  facet normal 0.751801 -0.65939 0
    outer loop
      vertex 56.7222 24.1978 1.1
      vertex 56.6273 24.0896 2.2
      vertex 56.6273 24.0896 1.1
    endloop
  endfacet
  facet normal 0.555502 -0.831515 0
    outer loop
      vertex 56.8304 24.2927 1.1
      vertex 56.95 24.3726 2.2
      vertex 56.8304 24.2927 2.2
    endloop
  endfacet
  facet normal 0.555502 -0.831515 0
    outer loop
      vertex 56.95 24.3726 2.2
      vertex 56.8304 24.2927 1.1
      vertex 56.95 24.3726 1.1
    endloop
  endfacet
  facet normal -0.89664 -0.44276 0
    outer loop
      vertex 58.5163 23.841 1.1
      vertex 58.4526 23.97 2.2
      vertex 58.4526 23.97 1.1
    endloop
  endfacet
  facet normal -0.89664 -0.44276 0
    outer loop
      vertex 58.4526 23.97 2.2
      vertex 58.5163 23.841 1.1
      vertex 58.5163 23.841 2.2
    endloop
  endfacet
  facet normal 0.0653198 -0.997864 0
    outer loop
      vertex 57.3564 24.5106 1.1
      vertex 57.5 24.52 2.2
      vertex 57.3564 24.5106 2.2
    endloop
  endfacet
  facet normal 0.0653198 -0.997864 0
    outer loop
      vertex 57.5 24.52 2.2
      vertex 57.3564 24.5106 1.1
      vertex 57.5 24.52 1.1
    endloop
  endfacet
  facet normal 0.997864 -0.0653198 0
    outer loop
      vertex 56.4 23.42 2.2
      vertex 56.4094 23.5636 1.1
      vertex 56.4094 23.5636 2.2
    endloop
  endfacet
  facet normal 0.997864 -0.0653198 0
    outer loop
      vertex 56.4094 23.5636 1.1
      vertex 56.4 23.42 2.2
      vertex 56.4 23.42 1.1
    endloop
  endfacet
  facet normal 0.195314 -0.980741 0
    outer loop
      vertex 57.2153 24.4825 1.1
      vertex 57.3564 24.5106 2.2
      vertex 57.2153 24.4825 2.2
    endloop
  endfacet
  facet normal 0.195314 -0.980741 0
    outer loop
      vertex 57.3564 24.5106 2.2
      vertex 57.2153 24.4825 1.1
      vertex 57.3564 24.5106 1.1
    endloop
  endfacet
  facet normal 0.321018 0.947073 -0
    outer loop
      vertex 57.2153 22.3575 1.1
      vertex 57.079 22.4037 2.2
      vertex 57.2153 22.3575 2.2
    endloop
  endfacet
  facet normal 0.321018 0.947073 0
    outer loop
      vertex 57.079 22.4037 2.2
      vertex 57.2153 22.3575 1.1
      vertex 57.079 22.4037 1.1
    endloop
  endfacet
  facet normal 0.44276 -0.89664 0
    outer loop
      vertex 56.95 24.3726 1.1
      vertex 57.079 24.4363 2.2
      vertex 56.95 24.3726 2.2
    endloop
  endfacet
  facet normal 0.44276 -0.89664 0
    outer loop
      vertex 57.079 24.4363 2.2
      vertex 56.95 24.3726 1.1
      vertex 57.079 24.4363 1.1
    endloop
  endfacet
  facet normal 0.831515 -0.555502 0
    outer loop
      vertex 56.5474 23.97 2.2
      vertex 56.6273 24.0896 1.1
      vertex 56.6273 24.0896 2.2
    endloop
  endfacet
  facet normal 0.831515 -0.555502 0
    outer loop
      vertex 56.6273 24.0896 1.1
      vertex 56.5474 23.97 2.2
      vertex 56.5474 23.97 1.1
    endloop
  endfacet
  facet normal 0.555502 0.831515 -0
    outer loop
      vertex 56.95 22.4674 1.1
      vertex 56.8304 22.5473 2.2
      vertex 56.95 22.4674 2.2
    endloop
  endfacet
  facet normal 0.555502 0.831515 0
    outer loop
      vertex 56.8304 22.5473 2.2
      vertex 56.95 22.4674 1.1
      vertex 56.8304 22.5473 1.1
    endloop
  endfacet
  facet normal -0.980741 0.195314 0
    outer loop
      vertex 63.0625 14.1353 1.1
      vertex 63.0906 14.2764 2.2
      vertex 63.0906 14.2764 1.1
    endloop
  endfacet
  facet normal -0.980741 0.195314 0
    outer loop
      vertex 63.0906 14.2764 2.2
      vertex 63.0625 14.1353 1.1
      vertex 63.0625 14.1353 2.2
    endloop
  endfacet
  facet normal -0.980741 -0.195314 0
    outer loop
      vertex 63.0906 14.5636 1.1
      vertex 63.0625 14.7047 2.2
      vertex 63.0625 14.7047 1.1
    endloop
  endfacet
  facet normal -0.980741 -0.195314 0
    outer loop
      vertex 63.0625 14.7047 2.2
      vertex 63.0906 14.5636 1.1
      vertex 63.0906 14.5636 2.2
    endloop
  endfacet
  facet normal -0.997864 -0.0653198 0
    outer loop
      vertex 63.1 14.42 1.1
      vertex 63.0906 14.5636 2.2
      vertex 63.0906 14.5636 1.1
    endloop
  endfacet
  facet normal -0.997864 -0.0653198 0
    outer loop
      vertex 63.0906 14.5636 2.2
      vertex 63.1 14.42 1.1
      vertex 63.1 14.42 2.2
    endloop
  endfacet
  facet normal 0.65939 -0.751801 0
    outer loop
      vertex 61.2222 15.1978 1.1
      vertex 61.3304 15.2927 2.2
      vertex 61.2222 15.1978 2.2
    endloop
  endfacet
  facet normal 0.65939 -0.751801 0
    outer loop
      vertex 61.3304 15.2927 2.2
      vertex 61.2222 15.1978 1.1
      vertex 61.3304 15.2927 1.1
    endloop
  endfacet
  facet normal -0.555502 0.831515 0
    outer loop
      vertex 62.6696 13.5473 1.1
      vertex 62.55 13.4674 2.2
      vertex 62.6696 13.5473 2.2
    endloop
  endfacet
  facet normal -0.555502 0.831515 0
    outer loop
      vertex 62.55 13.4674 2.2
      vertex 62.6696 13.5473 1.1
      vertex 62.55 13.4674 1.1
    endloop
  endfacet
  facet normal 0.44276 0.89664 -0
    outer loop
      vertex 61.579 13.4037 1.1
      vertex 61.45 13.4674 2.2
      vertex 61.579 13.4037 2.2
    endloop
  endfacet
  facet normal 0.44276 0.89664 0
    outer loop
      vertex 61.45 13.4674 2.2
      vertex 61.579 13.4037 1.1
      vertex 61.45 13.4674 1.1
    endloop
  endfacet
  facet normal -0.195314 -0.980741 0
    outer loop
      vertex 62.1436 15.5106 1.1
      vertex 62.2847 15.4825 2.2
      vertex 62.1436 15.5106 2.2
    endloop
  endfacet
  facet normal -0.195314 -0.980741 -0
    outer loop
      vertex 62.2847 15.4825 2.2
      vertex 62.1436 15.5106 1.1
      vertex 62.2847 15.4825 1.1
    endloop
  endfacet
  facet normal 0.195314 0.980741 -0
    outer loop
      vertex 61.8564 13.3294 1.1
      vertex 61.7153 13.3575 2.2
      vertex 61.8564 13.3294 2.2
    endloop
  endfacet
  facet normal 0.195314 0.980741 0
    outer loop
      vertex 61.7153 13.3575 2.2
      vertex 61.8564 13.3294 1.1
      vertex 61.7153 13.3575 1.1
    endloop
  endfacet
  facet normal 0.831515 0.555502 0
    outer loop
      vertex 61.1273 13.7504 2.2
      vertex 61.0474 13.87 1.1
      vertex 61.0474 13.87 2.2
    endloop
  endfacet
  facet normal 0.831515 0.555502 0
    outer loop
      vertex 61.0474 13.87 1.1
      vertex 61.1273 13.7504 2.2
      vertex 61.1273 13.7504 1.1
    endloop
  endfacet
  facet normal -0.947073 0.321018 0
    outer loop
      vertex 63.0163 13.999 1.1
      vertex 63.0625 14.1353 2.2
      vertex 63.0625 14.1353 1.1
    endloop
  endfacet
  facet normal -0.947073 0.321018 0
    outer loop
      vertex 63.0625 14.1353 2.2
      vertex 63.0163 13.999 1.1
      vertex 63.0163 13.999 2.2
    endloop
  endfacet
  facet normal -0.751801 0.65939 0
    outer loop
      vertex 62.7778 13.6422 1.1
      vertex 62.8727 13.7504 2.2
      vertex 62.8727 13.7504 1.1
    endloop
  endfacet
  facet normal -0.751801 0.65939 0
    outer loop
      vertex 62.8727 13.7504 2.2
      vertex 62.7778 13.6422 1.1
      vertex 62.7778 13.6422 2.2
    endloop
  endfacet
  facet normal -0.751801 -0.65939 0
    outer loop
      vertex 62.8727 15.0896 1.1
      vertex 62.7778 15.1978 2.2
      vertex 62.7778 15.1978 1.1
    endloop
  endfacet
  facet normal -0.751801 -0.65939 0
    outer loop
      vertex 62.7778 15.1978 2.2
      vertex 62.8727 15.0896 1.1
      vertex 62.8727 15.0896 2.2
    endloop
  endfacet
  facet normal 0.947073 0.321018 0
    outer loop
      vertex 60.9837 13.999 2.2
      vertex 60.9375 14.1353 1.1
      vertex 60.9375 14.1353 2.2
    endloop
  endfacet
  facet normal 0.947073 0.321018 0
    outer loop
      vertex 60.9375 14.1353 1.1
      vertex 60.9837 13.999 2.2
      vertex 60.9837 13.999 1.1
    endloop
  endfacet
  facet normal -0.195314 0.980741 0
    outer loop
      vertex 62.2847 13.3575 1.1
      vertex 62.1436 13.3294 2.2
      vertex 62.2847 13.3575 2.2
    endloop
  endfacet
  facet normal -0.195314 0.980741 0
    outer loop
      vertex 62.1436 13.3294 2.2
      vertex 62.2847 13.3575 1.1
      vertex 62.1436 13.3294 1.1
    endloop
  endfacet
  facet normal 0.321018 -0.947073 0
    outer loop
      vertex 61.579 15.4363 1.1
      vertex 61.7153 15.4825 2.2
      vertex 61.579 15.4363 2.2
    endloop
  endfacet
  facet normal 0.321018 -0.947073 0
    outer loop
      vertex 61.7153 15.4825 2.2
      vertex 61.579 15.4363 1.1
      vertex 61.7153 15.4825 1.1
    endloop
  endfacet
  facet normal -0.947073 -0.321018 0
    outer loop
      vertex 63.0625 14.7047 1.1
      vertex 63.0163 14.841 2.2
      vertex 63.0163 14.841 1.1
    endloop
  endfacet
  facet normal -0.947073 -0.321018 0
    outer loop
      vertex 63.0163 14.841 2.2
      vertex 63.0625 14.7047 1.1
      vertex 63.0625 14.7047 2.2
    endloop
  endfacet
  facet normal -0.44276 0.89664 0
    outer loop
      vertex 62.55 13.4674 1.1
      vertex 62.421 13.4037 2.2
      vertex 62.55 13.4674 2.2
    endloop
  endfacet
  facet normal -0.44276 0.89664 0
    outer loop
      vertex 62.421 13.4037 2.2
      vertex 62.55 13.4674 1.1
      vertex 62.421 13.4037 1.1
    endloop
  endfacet
  facet normal 0.89664 0.44276 0
    outer loop
      vertex 61.0474 13.87 2.2
      vertex 60.9837 13.999 1.1
      vertex 60.9837 13.999 2.2
    endloop
  endfacet
  facet normal 0.89664 0.44276 0
    outer loop
      vertex 60.9837 13.999 1.1
      vertex 61.0474 13.87 2.2
      vertex 61.0474 13.87 1.1
    endloop
  endfacet
  facet normal 0.980741 0.195314 0
    outer loop
      vertex 60.9375 14.1353 2.2
      vertex 60.9094 14.2764 1.1
      vertex 60.9094 14.2764 2.2
    endloop
  endfacet
  facet normal 0.980741 0.195314 0
    outer loop
      vertex 60.9094 14.2764 1.1
      vertex 60.9375 14.1353 2.2
      vertex 60.9375 14.1353 1.1
    endloop
  endfacet
  facet normal 0.751801 0.65939 0
    outer loop
      vertex 61.2222 13.6422 2.2
      vertex 61.1273 13.7504 1.1
      vertex 61.1273 13.7504 2.2
    endloop
  endfacet
  facet normal 0.751801 0.65939 0
    outer loop
      vertex 61.1273 13.7504 1.1
      vertex 61.2222 13.6422 2.2
      vertex 61.2222 13.6422 1.1
    endloop
  endfacet
  facet normal 0.0653198 0.997864 -0
    outer loop
      vertex 62 13.32 1.1
      vertex 61.8564 13.3294 2.2
      vertex 62 13.32 2.2
    endloop
  endfacet
  facet normal 0.0653198 0.997864 0
    outer loop
      vertex 61.8564 13.3294 2.2
      vertex 62 13.32 1.1
      vertex 61.8564 13.3294 1.1
    endloop
  endfacet
  facet normal -0.831515 -0.555502 0
    outer loop
      vertex 62.9526 14.97 1.1
      vertex 62.8727 15.0896 2.2
      vertex 62.8727 15.0896 1.1
    endloop
  endfacet
  facet normal -0.831515 -0.555502 0
    outer loop
      vertex 62.8727 15.0896 2.2
      vertex 62.9526 14.97 1.1
      vertex 62.9526 14.97 2.2
    endloop
  endfacet
  facet normal 0.89664 -0.44276 0
    outer loop
      vertex 60.9837 14.841 2.2
      vertex 61.0474 14.97 1.1
      vertex 61.0474 14.97 2.2
    endloop
  endfacet
  facet normal 0.89664 -0.44276 0
    outer loop
      vertex 61.0474 14.97 1.1
      vertex 60.9837 14.841 2.2
      vertex 60.9837 14.841 1.1
    endloop
  endfacet
  facet normal -0.997864 0.0653198 0
    outer loop
      vertex 63.0906 14.2764 1.1
      vertex 63.1 14.42 2.2
      vertex 63.1 14.42 1.1
    endloop
  endfacet
  facet normal -0.997864 0.0653198 0
    outer loop
      vertex 63.1 14.42 2.2
      vertex 63.0906 14.2764 1.1
      vertex 63.0906 14.2764 2.2
    endloop
  endfacet
  facet normal -0.555502 -0.831515 0
    outer loop
      vertex 62.55 15.3726 1.1
      vertex 62.6696 15.2927 2.2
      vertex 62.55 15.3726 2.2
    endloop
  endfacet
  facet normal -0.555502 -0.831515 -0
    outer loop
      vertex 62.6696 15.2927 2.2
      vertex 62.55 15.3726 1.1
      vertex 62.6696 15.2927 1.1
    endloop
  endfacet
  facet normal -0.44276 -0.89664 0
    outer loop
      vertex 62.421 15.4363 1.1
      vertex 62.55 15.3726 2.2
      vertex 62.421 15.4363 2.2
    endloop
  endfacet
  facet normal -0.44276 -0.89664 -0
    outer loop
      vertex 62.55 15.3726 2.2
      vertex 62.421 15.4363 1.1
      vertex 62.55 15.3726 1.1
    endloop
  endfacet
  facet normal -0.65939 0.751801 0
    outer loop
      vertex 62.7778 13.6422 1.1
      vertex 62.6696 13.5473 2.2
      vertex 62.7778 13.6422 2.2
    endloop
  endfacet
  facet normal -0.65939 0.751801 0
    outer loop
      vertex 62.6696 13.5473 2.2
      vertex 62.7778 13.6422 1.1
      vertex 62.6696 13.5473 1.1
    endloop
  endfacet
  facet normal 0.947073 -0.321018 0
    outer loop
      vertex 60.9375 14.7047 2.2
      vertex 60.9837 14.841 1.1
      vertex 60.9837 14.841 2.2
    endloop
  endfacet
  facet normal 0.947073 -0.321018 0
    outer loop
      vertex 60.9837 14.841 1.1
      vertex 60.9375 14.7047 2.2
      vertex 60.9375 14.7047 1.1
    endloop
  endfacet
  facet normal -0.321018 0.947073 0
    outer loop
      vertex 62.421 13.4037 1.1
      vertex 62.2847 13.3575 2.2
      vertex 62.421 13.4037 2.2
    endloop
  endfacet
  facet normal -0.321018 0.947073 0
    outer loop
      vertex 62.2847 13.3575 2.2
      vertex 62.421 13.4037 1.1
      vertex 62.2847 13.3575 1.1
    endloop
  endfacet
  facet normal -0.0653198 0.997864 0
    outer loop
      vertex 62.1436 13.3294 1.1
      vertex 62 13.32 2.2
      vertex 62.1436 13.3294 2.2
    endloop
  endfacet
  facet normal -0.0653198 0.997864 0
    outer loop
      vertex 62 13.32 2.2
      vertex 62.1436 13.3294 1.1
      vertex 62 13.32 1.1
    endloop
  endfacet
  facet normal 0.980741 -0.195314 0
    outer loop
      vertex 60.9094 14.5636 2.2
      vertex 60.9375 14.7047 1.1
      vertex 60.9375 14.7047 2.2
    endloop
  endfacet
  facet normal 0.980741 -0.195314 0
    outer loop
      vertex 60.9375 14.7047 1.1
      vertex 60.9094 14.5636 2.2
      vertex 60.9094 14.5636 1.1
    endloop
  endfacet
  facet normal 0.65939 0.751801 -0
    outer loop
      vertex 61.3304 13.5473 1.1
      vertex 61.2222 13.6422 2.2
      vertex 61.3304 13.5473 2.2
    endloop
  endfacet
  facet normal 0.65939 0.751801 0
    outer loop
      vertex 61.2222 13.6422 2.2
      vertex 61.3304 13.5473 1.1
      vertex 61.2222 13.6422 1.1
    endloop
  endfacet
  facet normal -0.65939 -0.751801 0
    outer loop
      vertex 62.6696 15.2927 1.1
      vertex 62.7778 15.1978 2.2
      vertex 62.6696 15.2927 2.2
    endloop
  endfacet
  facet normal -0.65939 -0.751801 -0
    outer loop
      vertex 62.7778 15.1978 2.2
      vertex 62.6696 15.2927 1.1
      vertex 62.7778 15.1978 1.1
    endloop
  endfacet
  facet normal -0.0653198 -0.997864 0
    outer loop
      vertex 62 15.52 1.1
      vertex 62.1436 15.5106 2.2
      vertex 62 15.52 2.2
    endloop
  endfacet
  facet normal -0.0653198 -0.997864 -0
    outer loop
      vertex 62.1436 15.5106 2.2
      vertex 62 15.52 1.1
      vertex 62.1436 15.5106 1.1
    endloop
  endfacet
  facet normal -0.831515 0.555502 0
    outer loop
      vertex 62.8727 13.7504 1.1
      vertex 62.9526 13.87 2.2
      vertex 62.9526 13.87 1.1
    endloop
  endfacet
  facet normal -0.831515 0.555502 0
    outer loop
      vertex 62.9526 13.87 2.2
      vertex 62.8727 13.7504 1.1
      vertex 62.8727 13.7504 2.2
    endloop
  endfacet
  facet normal -0.89664 0.44276 0
    outer loop
      vertex 62.9526 13.87 1.1
      vertex 63.0163 13.999 2.2
      vertex 63.0163 13.999 1.1
    endloop
  endfacet
  facet normal -0.89664 0.44276 0
    outer loop
      vertex 63.0163 13.999 2.2
      vertex 62.9526 13.87 1.1
      vertex 62.9526 13.87 2.2
    endloop
  endfacet
  facet normal -0.321018 -0.947073 0
    outer loop
      vertex 62.2847 15.4825 1.1
      vertex 62.421 15.4363 2.2
      vertex 62.2847 15.4825 2.2
    endloop
  endfacet
  facet normal -0.321018 -0.947073 -0
    outer loop
      vertex 62.421 15.4363 2.2
      vertex 62.2847 15.4825 1.1
      vertex 62.421 15.4363 1.1
    endloop
  endfacet
  facet normal 0.997864 0.0653198 0
    outer loop
      vertex 60.9094 14.2764 2.2
      vertex 60.9 14.42 1.1
      vertex 60.9 14.42 2.2
    endloop
  endfacet
  facet normal 0.997864 0.0653198 0
    outer loop
      vertex 60.9 14.42 1.1
      vertex 60.9094 14.2764 2.2
      vertex 60.9094 14.2764 1.1
    endloop
  endfacet
  facet normal 0.751801 -0.65939 0
    outer loop
      vertex 61.1273 15.0896 2.2
      vertex 61.2222 15.1978 1.1
      vertex 61.2222 15.1978 2.2
    endloop
  endfacet
  facet normal 0.751801 -0.65939 0
    outer loop
      vertex 61.2222 15.1978 1.1
      vertex 61.1273 15.0896 2.2
      vertex 61.1273 15.0896 1.1
    endloop
  endfacet
  facet normal 0.555502 -0.831515 0
    outer loop
      vertex 61.3304 15.2927 1.1
      vertex 61.45 15.3726 2.2
      vertex 61.3304 15.2927 2.2
    endloop
  endfacet
  facet normal 0.555502 -0.831515 0
    outer loop
      vertex 61.45 15.3726 2.2
      vertex 61.3304 15.2927 1.1
      vertex 61.45 15.3726 1.1
    endloop
  endfacet
  facet normal -0.89664 -0.44276 0
    outer loop
      vertex 63.0163 14.841 1.1
      vertex 62.9526 14.97 2.2
      vertex 62.9526 14.97 1.1
    endloop
  endfacet
  facet normal -0.89664 -0.44276 0
    outer loop
      vertex 62.9526 14.97 2.2
      vertex 63.0163 14.841 1.1
      vertex 63.0163 14.841 2.2
    endloop
  endfacet
  facet normal 0.0653198 -0.997864 0
    outer loop
      vertex 61.8564 15.5106 1.1
      vertex 62 15.52 2.2
      vertex 61.8564 15.5106 2.2
    endloop
  endfacet
  facet normal 0.0653198 -0.997864 0
    outer loop
      vertex 62 15.52 2.2
      vertex 61.8564 15.5106 1.1
      vertex 62 15.52 1.1
    endloop
  endfacet
  facet normal 0.997864 -0.0653198 0
    outer loop
      vertex 60.9 14.42 2.2
      vertex 60.9094 14.5636 1.1
      vertex 60.9094 14.5636 2.2
    endloop
  endfacet
  facet normal 0.997864 -0.0653198 0
    outer loop
      vertex 60.9094 14.5636 1.1
      vertex 60.9 14.42 2.2
      vertex 60.9 14.42 1.1
    endloop
  endfacet
  facet normal 0.195314 -0.980741 0
    outer loop
      vertex 61.7153 15.4825 1.1
      vertex 61.8564 15.5106 2.2
      vertex 61.7153 15.4825 2.2
    endloop
  endfacet
  facet normal 0.195314 -0.980741 0
    outer loop
      vertex 61.8564 15.5106 2.2
      vertex 61.7153 15.4825 1.1
      vertex 61.8564 15.5106 1.1
    endloop
  endfacet
  facet normal 0.321018 0.947073 -0
    outer loop
      vertex 61.7153 13.3575 1.1
      vertex 61.579 13.4037 2.2
      vertex 61.7153 13.3575 2.2
    endloop
  endfacet
  facet normal 0.321018 0.947073 0
    outer loop
      vertex 61.579 13.4037 2.2
      vertex 61.7153 13.3575 1.1
      vertex 61.579 13.4037 1.1
    endloop
  endfacet
  facet normal 0.44276 -0.89664 0
    outer loop
      vertex 61.45 15.3726 1.1
      vertex 61.579 15.4363 2.2
      vertex 61.45 15.3726 2.2
    endloop
  endfacet
  facet normal 0.44276 -0.89664 0
    outer loop
      vertex 61.579 15.4363 2.2
      vertex 61.45 15.3726 1.1
      vertex 61.579 15.4363 1.1
    endloop
  endfacet
  facet normal 0.831515 -0.555502 0
    outer loop
      vertex 61.0474 14.97 2.2
      vertex 61.1273 15.0896 1.1
      vertex 61.1273 15.0896 2.2
    endloop
  endfacet
  facet normal 0.831515 -0.555502 0
    outer loop
      vertex 61.1273 15.0896 1.1
      vertex 61.0474 14.97 2.2
      vertex 61.0474 14.97 1.1
    endloop
  endfacet
  facet normal 0.555502 0.831515 -0
    outer loop
      vertex 61.45 13.4674 1.1
      vertex 61.3304 13.5473 2.2
      vertex 61.45 13.4674 2.2
    endloop
  endfacet
  facet normal 0.555502 0.831515 0
    outer loop
      vertex 61.3304 13.5473 2.2
      vertex 61.45 13.4674 1.1
      vertex 61.3304 13.5473 1.1
    endloop
  endfacet
  facet normal -0.980741 0.195314 0
    outer loop
      vertex 63.0625 18.6353 1.1
      vertex 63.0906 18.7764 2.2
      vertex 63.0906 18.7764 1.1
    endloop
  endfacet
  facet normal -0.980741 0.195314 0
    outer loop
      vertex 63.0906 18.7764 2.2
      vertex 63.0625 18.6353 1.1
      vertex 63.0625 18.6353 2.2
    endloop
  endfacet
  facet normal -0.980741 -0.195314 0
    outer loop
      vertex 63.0906 19.0636 1.1
      vertex 63.0625 19.2047 2.2
      vertex 63.0625 19.2047 1.1
    endloop
  endfacet
  facet normal -0.980741 -0.195314 0
    outer loop
      vertex 63.0625 19.2047 2.2
      vertex 63.0906 19.0636 1.1
      vertex 63.0906 19.0636 2.2
    endloop
  endfacet
  facet normal -0.997864 -0.0653198 0
    outer loop
      vertex 63.1 18.92 1.1
      vertex 63.0906 19.0636 2.2
      vertex 63.0906 19.0636 1.1
    endloop
  endfacet
  facet normal -0.997864 -0.0653198 0
    outer loop
      vertex 63.0906 19.0636 2.2
      vertex 63.1 18.92 1.1
      vertex 63.1 18.92 2.2
    endloop
  endfacet
  facet normal 0.65939 -0.751801 0
    outer loop
      vertex 61.2222 19.6978 1.1
      vertex 61.3304 19.7927 2.2
      vertex 61.2222 19.6978 2.2
    endloop
  endfacet
  facet normal 0.65939 -0.751801 0
    outer loop
      vertex 61.3304 19.7927 2.2
      vertex 61.2222 19.6978 1.1
      vertex 61.3304 19.7927 1.1
    endloop
  endfacet
  facet normal -0.555502 0.831515 0
    outer loop
      vertex 62.6696 18.0473 1.1
      vertex 62.55 17.9674 2.2
      vertex 62.6696 18.0473 2.2
    endloop
  endfacet
  facet normal -0.555502 0.831515 0
    outer loop
      vertex 62.55 17.9674 2.2
      vertex 62.6696 18.0473 1.1
      vertex 62.55 17.9674 1.1
    endloop
  endfacet
  facet normal 0.44276 0.89664 -0
    outer loop
      vertex 61.579 17.9037 1.1
      vertex 61.45 17.9674 2.2
      vertex 61.579 17.9037 2.2
    endloop
  endfacet
  facet normal 0.44276 0.89664 0
    outer loop
      vertex 61.45 17.9674 2.2
      vertex 61.579 17.9037 1.1
      vertex 61.45 17.9674 1.1
    endloop
  endfacet
  facet normal -0.195314 -0.980741 0
    outer loop
      vertex 62.1436 20.0106 1.1
      vertex 62.2847 19.9825 2.2
      vertex 62.1436 20.0106 2.2
    endloop
  endfacet
  facet normal -0.195314 -0.980741 -0
    outer loop
      vertex 62.2847 19.9825 2.2
      vertex 62.1436 20.0106 1.1
      vertex 62.2847 19.9825 1.1
    endloop
  endfacet
  facet normal 0.195314 0.980741 -0
    outer loop
      vertex 61.8564 17.8294 1.1
      vertex 61.7153 17.8575 2.2
      vertex 61.8564 17.8294 2.2
    endloop
  endfacet
  facet normal 0.195314 0.980741 0
    outer loop
      vertex 61.7153 17.8575 2.2
      vertex 61.8564 17.8294 1.1
      vertex 61.7153 17.8575 1.1
    endloop
  endfacet
  facet normal 0.831515 0.555502 0
    outer loop
      vertex 61.1273 18.2504 2.2
      vertex 61.0474 18.37 1.1
      vertex 61.0474 18.37 2.2
    endloop
  endfacet
  facet normal 0.831515 0.555502 0
    outer loop
      vertex 61.0474 18.37 1.1
      vertex 61.1273 18.2504 2.2
      vertex 61.1273 18.2504 1.1
    endloop
  endfacet
  facet normal -0.947073 0.321018 0
    outer loop
      vertex 63.0163 18.499 1.1
      vertex 63.0625 18.6353 2.2
      vertex 63.0625 18.6353 1.1
    endloop
  endfacet
  facet normal -0.947073 0.321018 0
    outer loop
      vertex 63.0625 18.6353 2.2
      vertex 63.0163 18.499 1.1
      vertex 63.0163 18.499 2.2
    endloop
  endfacet
  facet normal -0.751801 0.65939 0
    outer loop
      vertex 62.7778 18.1422 1.1
      vertex 62.8727 18.2504 2.2
      vertex 62.8727 18.2504 1.1
    endloop
  endfacet
  facet normal -0.751801 0.65939 0
    outer loop
      vertex 62.8727 18.2504 2.2
      vertex 62.7778 18.1422 1.1
      vertex 62.7778 18.1422 2.2
    endloop
  endfacet
  facet normal -0.751801 -0.65939 0
    outer loop
      vertex 62.8727 19.5896 1.1
      vertex 62.7778 19.6978 2.2
      vertex 62.7778 19.6978 1.1
    endloop
  endfacet
  facet normal -0.751801 -0.65939 0
    outer loop
      vertex 62.7778 19.6978 2.2
      vertex 62.8727 19.5896 1.1
      vertex 62.8727 19.5896 2.2
    endloop
  endfacet
  facet normal 0.947073 0.321018 0
    outer loop
      vertex 60.9837 18.499 2.2
      vertex 60.9375 18.6353 1.1
      vertex 60.9375 18.6353 2.2
    endloop
  endfacet
  facet normal 0.947073 0.321018 0
    outer loop
      vertex 60.9375 18.6353 1.1
      vertex 60.9837 18.499 2.2
      vertex 60.9837 18.499 1.1
    endloop
  endfacet
  facet normal -0.195314 0.980741 0
    outer loop
      vertex 62.2847 17.8575 1.1
      vertex 62.1436 17.8294 2.2
      vertex 62.2847 17.8575 2.2
    endloop
  endfacet
  facet normal -0.195314 0.980741 0
    outer loop
      vertex 62.1436 17.8294 2.2
      vertex 62.2847 17.8575 1.1
      vertex 62.1436 17.8294 1.1
    endloop
  endfacet
  facet normal 0.321018 -0.947073 0
    outer loop
      vertex 61.579 19.9363 1.1
      vertex 61.7153 19.9825 2.2
      vertex 61.579 19.9363 2.2
    endloop
  endfacet
  facet normal 0.321018 -0.947073 0
    outer loop
      vertex 61.7153 19.9825 2.2
      vertex 61.579 19.9363 1.1
      vertex 61.7153 19.9825 1.1
    endloop
  endfacet
  facet normal -0.947073 -0.321018 0
    outer loop
      vertex 63.0625 19.2047 1.1
      vertex 63.0163 19.341 2.2
      vertex 63.0163 19.341 1.1
    endloop
  endfacet
  facet normal -0.947073 -0.321018 0
    outer loop
      vertex 63.0163 19.341 2.2
      vertex 63.0625 19.2047 1.1
      vertex 63.0625 19.2047 2.2
    endloop
  endfacet
  facet normal -0.44276 0.89664 0
    outer loop
      vertex 62.55 17.9674 1.1
      vertex 62.421 17.9037 2.2
      vertex 62.55 17.9674 2.2
    endloop
  endfacet
  facet normal -0.44276 0.89664 0
    outer loop
      vertex 62.421 17.9037 2.2
      vertex 62.55 17.9674 1.1
      vertex 62.421 17.9037 1.1
    endloop
  endfacet
  facet normal 0.89664 0.44276 0
    outer loop
      vertex 61.0474 18.37 2.2
      vertex 60.9837 18.499 1.1
      vertex 60.9837 18.499 2.2
    endloop
  endfacet
  facet normal 0.89664 0.44276 0
    outer loop
      vertex 60.9837 18.499 1.1
      vertex 61.0474 18.37 2.2
      vertex 61.0474 18.37 1.1
    endloop
  endfacet
  facet normal 0.980741 0.195314 0
    outer loop
      vertex 60.9375 18.6353 2.2
      vertex 60.9094 18.7764 1.1
      vertex 60.9094 18.7764 2.2
    endloop
  endfacet
  facet normal 0.980741 0.195314 0
    outer loop
      vertex 60.9094 18.7764 1.1
      vertex 60.9375 18.6353 2.2
      vertex 60.9375 18.6353 1.1
    endloop
  endfacet
  facet normal 0.751801 0.65939 0
    outer loop
      vertex 61.2222 18.1422 2.2
      vertex 61.1273 18.2504 1.1
      vertex 61.1273 18.2504 2.2
    endloop
  endfacet
  facet normal 0.751801 0.65939 0
    outer loop
      vertex 61.1273 18.2504 1.1
      vertex 61.2222 18.1422 2.2
      vertex 61.2222 18.1422 1.1
    endloop
  endfacet
  facet normal 0.0653198 0.997864 -0
    outer loop
      vertex 62 17.82 1.1
      vertex 61.8564 17.8294 2.2
      vertex 62 17.82 2.2
    endloop
  endfacet
  facet normal 0.0653198 0.997864 0
    outer loop
      vertex 61.8564 17.8294 2.2
      vertex 62 17.82 1.1
      vertex 61.8564 17.8294 1.1
    endloop
  endfacet
  facet normal -0.831515 -0.555502 0
    outer loop
      vertex 62.9526 19.47 1.1
      vertex 62.8727 19.5896 2.2
      vertex 62.8727 19.5896 1.1
    endloop
  endfacet
  facet normal -0.831515 -0.555502 0
    outer loop
      vertex 62.8727 19.5896 2.2
      vertex 62.9526 19.47 1.1
      vertex 62.9526 19.47 2.2
    endloop
  endfacet
  facet normal 0.89664 -0.44276 0
    outer loop
      vertex 60.9837 19.341 2.2
      vertex 61.0474 19.47 1.1
      vertex 61.0474 19.47 2.2
    endloop
  endfacet
  facet normal 0.89664 -0.44276 0
    outer loop
      vertex 61.0474 19.47 1.1
      vertex 60.9837 19.341 2.2
      vertex 60.9837 19.341 1.1
    endloop
  endfacet
  facet normal -0.997864 0.0653198 0
    outer loop
      vertex 63.0906 18.7764 1.1
      vertex 63.1 18.92 2.2
      vertex 63.1 18.92 1.1
    endloop
  endfacet
  facet normal -0.997864 0.0653198 0
    outer loop
      vertex 63.1 18.92 2.2
      vertex 63.0906 18.7764 1.1
      vertex 63.0906 18.7764 2.2
    endloop
  endfacet
  facet normal -0.44276 -0.89664 0
    outer loop
      vertex 62.421 19.9363 1.1
      vertex 62.55 19.8726 2.2
      vertex 62.421 19.9363 2.2
    endloop
  endfacet
  facet normal -0.44276 -0.89664 -0
    outer loop
      vertex 62.55 19.8726 2.2
      vertex 62.421 19.9363 1.1
      vertex 62.55 19.8726 1.1
    endloop
  endfacet
  facet normal -0.555502 -0.831515 0
    outer loop
      vertex 62.55 19.8726 1.1
      vertex 62.6696 19.7927 2.2
      vertex 62.55 19.8726 2.2
    endloop
  endfacet
  facet normal -0.555502 -0.831515 -0
    outer loop
      vertex 62.6696 19.7927 2.2
      vertex 62.55 19.8726 1.1
      vertex 62.6696 19.7927 1.1
    endloop
  endfacet
  facet normal -0.65939 0.751801 0
    outer loop
      vertex 62.7778 18.1422 1.1
      vertex 62.6696 18.0473 2.2
      vertex 62.7778 18.1422 2.2
    endloop
  endfacet
  facet normal -0.65939 0.751801 0
    outer loop
      vertex 62.6696 18.0473 2.2
      vertex 62.7778 18.1422 1.1
      vertex 62.6696 18.0473 1.1
    endloop
  endfacet
  facet normal 0.947073 -0.321018 0
    outer loop
      vertex 60.9375 19.2047 2.2
      vertex 60.9837 19.341 1.1
      vertex 60.9837 19.341 2.2
    endloop
  endfacet
  facet normal 0.947073 -0.321018 0
    outer loop
      vertex 60.9837 19.341 1.1
      vertex 60.9375 19.2047 2.2
      vertex 60.9375 19.2047 1.1
    endloop
  endfacet
  facet normal -0.321018 0.947073 0
    outer loop
      vertex 62.421 17.9037 1.1
      vertex 62.2847 17.8575 2.2
      vertex 62.421 17.9037 2.2
    endloop
  endfacet
  facet normal -0.321018 0.947073 0
    outer loop
      vertex 62.2847 17.8575 2.2
      vertex 62.421 17.9037 1.1
      vertex 62.2847 17.8575 1.1
    endloop
  endfacet
  facet normal -0.0653198 0.997864 0
    outer loop
      vertex 62.1436 17.8294 1.1
      vertex 62 17.82 2.2
      vertex 62.1436 17.8294 2.2
    endloop
  endfacet
  facet normal -0.0653198 0.997864 0
    outer loop
      vertex 62 17.82 2.2
      vertex 62.1436 17.8294 1.1
      vertex 62 17.82 1.1
    endloop
  endfacet
  facet normal 0.980741 -0.195314 0
    outer loop
      vertex 60.9094 19.0636 2.2
      vertex 60.9375 19.2047 1.1
      vertex 60.9375 19.2047 2.2
    endloop
  endfacet
  facet normal 0.980741 -0.195314 0
    outer loop
      vertex 60.9375 19.2047 1.1
      vertex 60.9094 19.0636 2.2
      vertex 60.9094 19.0636 1.1
    endloop
  endfacet
  facet normal 0.65939 0.751801 -0
    outer loop
      vertex 61.3304 18.0473 1.1
      vertex 61.2222 18.1422 2.2
      vertex 61.3304 18.0473 2.2
    endloop
  endfacet
  facet normal 0.65939 0.751801 0
    outer loop
      vertex 61.2222 18.1422 2.2
      vertex 61.3304 18.0473 1.1
      vertex 61.2222 18.1422 1.1
    endloop
  endfacet
  facet normal -0.65939 -0.751801 0
    outer loop
      vertex 62.6696 19.7927 1.1
      vertex 62.7778 19.6978 2.2
      vertex 62.6696 19.7927 2.2
    endloop
  endfacet
  facet normal -0.65939 -0.751801 -0
    outer loop
      vertex 62.7778 19.6978 2.2
      vertex 62.6696 19.7927 1.1
      vertex 62.7778 19.6978 1.1
    endloop
  endfacet
  facet normal -0.0653198 -0.997864 0
    outer loop
      vertex 62 20.02 1.1
      vertex 62.1436 20.0106 2.2
      vertex 62 20.02 2.2
    endloop
  endfacet
  facet normal -0.0653198 -0.997864 -0
    outer loop
      vertex 62.1436 20.0106 2.2
      vertex 62 20.02 1.1
      vertex 62.1436 20.0106 1.1
    endloop
  endfacet
  facet normal -0.831515 0.555502 0
    outer loop
      vertex 62.8727 18.2504 1.1
      vertex 62.9526 18.37 2.2
      vertex 62.9526 18.37 1.1
    endloop
  endfacet
  facet normal -0.831515 0.555502 0
    outer loop
      vertex 62.9526 18.37 2.2
      vertex 62.8727 18.2504 1.1
      vertex 62.8727 18.2504 2.2
    endloop
  endfacet
  facet normal -0.89664 0.44276 0
    outer loop
      vertex 62.9526 18.37 1.1
      vertex 63.0163 18.499 2.2
      vertex 63.0163 18.499 1.1
    endloop
  endfacet
  facet normal -0.89664 0.44276 0
    outer loop
      vertex 63.0163 18.499 2.2
      vertex 62.9526 18.37 1.1
      vertex 62.9526 18.37 2.2
    endloop
  endfacet
  facet normal -0.321018 -0.947073 0
    outer loop
      vertex 62.2847 19.9825 1.1
      vertex 62.421 19.9363 2.2
      vertex 62.2847 19.9825 2.2
    endloop
  endfacet
  facet normal -0.321018 -0.947073 -0
    outer loop
      vertex 62.421 19.9363 2.2
      vertex 62.2847 19.9825 1.1
      vertex 62.421 19.9363 1.1
    endloop
  endfacet
  facet normal 0.997864 0.0653198 0
    outer loop
      vertex 60.9094 18.7764 2.2
      vertex 60.9 18.92 1.1
      vertex 60.9 18.92 2.2
    endloop
  endfacet
  facet normal 0.997864 0.0653198 0
    outer loop
      vertex 60.9 18.92 1.1
      vertex 60.9094 18.7764 2.2
      vertex 60.9094 18.7764 1.1
    endloop
  endfacet
  facet normal 0.751801 -0.65939 0
    outer loop
      vertex 61.1273 19.5896 2.2
      vertex 61.2222 19.6978 1.1
      vertex 61.2222 19.6978 2.2
    endloop
  endfacet
  facet normal 0.751801 -0.65939 0
    outer loop
      vertex 61.2222 19.6978 1.1
      vertex 61.1273 19.5896 2.2
      vertex 61.1273 19.5896 1.1
    endloop
  endfacet
  facet normal 0.555502 -0.831515 0
    outer loop
      vertex 61.3304 19.7927 1.1
      vertex 61.45 19.8726 2.2
      vertex 61.3304 19.7927 2.2
    endloop
  endfacet
  facet normal 0.555502 -0.831515 0
    outer loop
      vertex 61.45 19.8726 2.2
      vertex 61.3304 19.7927 1.1
      vertex 61.45 19.8726 1.1
    endloop
  endfacet
  facet normal -0.89664 -0.44276 0
    outer loop
      vertex 63.0163 19.341 1.1
      vertex 62.9526 19.47 2.2
      vertex 62.9526 19.47 1.1
    endloop
  endfacet
  facet normal -0.89664 -0.44276 0
    outer loop
      vertex 62.9526 19.47 2.2
      vertex 63.0163 19.341 1.1
      vertex 63.0163 19.341 2.2
    endloop
  endfacet
  facet normal 0.0653198 -0.997864 0
    outer loop
      vertex 61.8564 20.0106 1.1
      vertex 62 20.02 2.2
      vertex 61.8564 20.0106 2.2
    endloop
  endfacet
  facet normal 0.0653198 -0.997864 0
    outer loop
      vertex 62 20.02 2.2
      vertex 61.8564 20.0106 1.1
      vertex 62 20.02 1.1
    endloop
  endfacet
  facet normal 0.997864 -0.0653198 0
    outer loop
      vertex 60.9 18.92 2.2
      vertex 60.9094 19.0636 1.1
      vertex 60.9094 19.0636 2.2
    endloop
  endfacet
  facet normal 0.997864 -0.0653198 0
    outer loop
      vertex 60.9094 19.0636 1.1
      vertex 60.9 18.92 2.2
      vertex 60.9 18.92 1.1
    endloop
  endfacet
  facet normal 0.195314 -0.980741 0
    outer loop
      vertex 61.7153 19.9825 1.1
      vertex 61.8564 20.0106 2.2
      vertex 61.7153 19.9825 2.2
    endloop
  endfacet
  facet normal 0.195314 -0.980741 0
    outer loop
      vertex 61.8564 20.0106 2.2
      vertex 61.7153 19.9825 1.1
      vertex 61.8564 20.0106 1.1
    endloop
  endfacet
  facet normal 0.321018 0.947073 -0
    outer loop
      vertex 61.7153 17.8575 1.1
      vertex 61.579 17.9037 2.2
      vertex 61.7153 17.8575 2.2
    endloop
  endfacet
  facet normal 0.321018 0.947073 0
    outer loop
      vertex 61.579 17.9037 2.2
      vertex 61.7153 17.8575 1.1
      vertex 61.579 17.9037 1.1
    endloop
  endfacet
  facet normal 0.44276 -0.89664 0
    outer loop
      vertex 61.45 19.8726 1.1
      vertex 61.579 19.9363 2.2
      vertex 61.45 19.8726 2.2
    endloop
  endfacet
  facet normal 0.44276 -0.89664 0
    outer loop
      vertex 61.579 19.9363 2.2
      vertex 61.45 19.8726 1.1
      vertex 61.579 19.9363 1.1
    endloop
  endfacet
  facet normal 0.831515 -0.555502 0
    outer loop
      vertex 61.0474 19.47 2.2
      vertex 61.1273 19.5896 1.1
      vertex 61.1273 19.5896 2.2
    endloop
  endfacet
  facet normal 0.831515 -0.555502 0
    outer loop
      vertex 61.1273 19.5896 1.1
      vertex 61.0474 19.47 2.2
      vertex 61.0474 19.47 1.1
    endloop
  endfacet
  facet normal 0.555502 0.831515 -0
    outer loop
      vertex 61.45 17.9674 1.1
      vertex 61.3304 18.0473 2.2
      vertex 61.45 17.9674 2.2
    endloop
  endfacet
  facet normal 0.555502 0.831515 0
    outer loop
      vertex 61.3304 18.0473 2.2
      vertex 61.45 17.9674 1.1
      vertex 61.3304 18.0473 1.1
    endloop
  endfacet
  facet normal -0.980741 0.195314 0
    outer loop
      vertex 63.0625 23.1353 1.1
      vertex 63.0906 23.2764 2.2
      vertex 63.0906 23.2764 1.1
    endloop
  endfacet
  facet normal -0.980741 0.195314 0
    outer loop
      vertex 63.0906 23.2764 2.2
      vertex 63.0625 23.1353 1.1
      vertex 63.0625 23.1353 2.2
    endloop
  endfacet
  facet normal -0.980741 -0.195314 0
    outer loop
      vertex 63.0906 23.5636 1.1
      vertex 63.0625 23.7047 2.2
      vertex 63.0625 23.7047 1.1
    endloop
  endfacet
  facet normal -0.980741 -0.195314 0
    outer loop
      vertex 63.0625 23.7047 2.2
      vertex 63.0906 23.5636 1.1
      vertex 63.0906 23.5636 2.2
    endloop
  endfacet
  facet normal -0.997864 -0.0653198 0
    outer loop
      vertex 63.1 23.42 1.1
      vertex 63.0906 23.5636 2.2
      vertex 63.0906 23.5636 1.1
    endloop
  endfacet
  facet normal -0.997864 -0.0653198 0
    outer loop
      vertex 63.0906 23.5636 2.2
      vertex 63.1 23.42 1.1
      vertex 63.1 23.42 2.2
    endloop
  endfacet
  facet normal 0.65939 -0.751801 0
    outer loop
      vertex 61.2222 24.1978 1.1
      vertex 61.3304 24.2927 2.2
      vertex 61.2222 24.1978 2.2
    endloop
  endfacet
  facet normal 0.65939 -0.751801 0
    outer loop
      vertex 61.3304 24.2927 2.2
      vertex 61.2222 24.1978 1.1
      vertex 61.3304 24.2927 1.1
    endloop
  endfacet
  facet normal -0.555502 0.831515 0
    outer loop
      vertex 62.6696 22.5473 1.1
      vertex 62.55 22.4674 2.2
      vertex 62.6696 22.5473 2.2
    endloop
  endfacet
  facet normal -0.555502 0.831515 0
    outer loop
      vertex 62.55 22.4674 2.2
      vertex 62.6696 22.5473 1.1
      vertex 62.55 22.4674 1.1
    endloop
  endfacet
  facet normal 0.44276 0.89664 -0
    outer loop
      vertex 61.579 22.4037 1.1
      vertex 61.45 22.4674 2.2
      vertex 61.579 22.4037 2.2
    endloop
  endfacet
  facet normal 0.44276 0.89664 0
    outer loop
      vertex 61.45 22.4674 2.2
      vertex 61.579 22.4037 1.1
      vertex 61.45 22.4674 1.1
    endloop
  endfacet
  facet normal -0.195314 -0.980741 0
    outer loop
      vertex 62.1436 24.5106 1.1
      vertex 62.2847 24.4825 2.2
      vertex 62.1436 24.5106 2.2
    endloop
  endfacet
  facet normal -0.195314 -0.980741 -0
    outer loop
      vertex 62.2847 24.4825 2.2
      vertex 62.1436 24.5106 1.1
      vertex 62.2847 24.4825 1.1
    endloop
  endfacet
  facet normal 0.195314 0.980741 -0
    outer loop
      vertex 61.8564 22.3294 1.1
      vertex 61.7153 22.3575 2.2
      vertex 61.8564 22.3294 2.2
    endloop
  endfacet
  facet normal 0.195314 0.980741 0
    outer loop
      vertex 61.7153 22.3575 2.2
      vertex 61.8564 22.3294 1.1
      vertex 61.7153 22.3575 1.1
    endloop
  endfacet
  facet normal -0.831515 0.555502 0
    outer loop
      vertex 62.8727 22.7504 1.1
      vertex 62.9526 22.87 2.2
      vertex 62.9526 22.87 1.1
    endloop
  endfacet
  facet normal -0.831515 0.555502 0
    outer loop
      vertex 62.9526 22.87 2.2
      vertex 62.8727 22.7504 1.1
      vertex 62.8727 22.7504 2.2
    endloop
  endfacet
  facet normal 0.831515 0.555502 0
    outer loop
      vertex 61.1273 22.7504 2.2
      vertex 61.0474 22.87 1.1
      vertex 61.0474 22.87 2.2
    endloop
  endfacet
  facet normal 0.831515 0.555502 0
    outer loop
      vertex 61.0474 22.87 1.1
      vertex 61.1273 22.7504 2.2
      vertex 61.1273 22.7504 1.1
    endloop
  endfacet
  facet normal -0.947073 0.321018 0
    outer loop
      vertex 63.0163 22.999 1.1
      vertex 63.0625 23.1353 2.2
      vertex 63.0625 23.1353 1.1
    endloop
  endfacet
  facet normal -0.947073 0.321018 0
    outer loop
      vertex 63.0625 23.1353 2.2
      vertex 63.0163 22.999 1.1
      vertex 63.0163 22.999 2.2
    endloop
  endfacet
  facet normal -0.751801 0.65939 0
    outer loop
      vertex 62.7778 22.6422 1.1
      vertex 62.8727 22.7504 2.2
      vertex 62.8727 22.7504 1.1
    endloop
  endfacet
  facet normal -0.751801 0.65939 0
    outer loop
      vertex 62.8727 22.7504 2.2
      vertex 62.7778 22.6422 1.1
      vertex 62.7778 22.6422 2.2
    endloop
  endfacet
  facet normal -0.751801 -0.65939 0
    outer loop
      vertex 62.8727 24.0896 1.1
      vertex 62.7778 24.1978 2.2
      vertex 62.7778 24.1978 1.1
    endloop
  endfacet
  facet normal -0.751801 -0.65939 0
    outer loop
      vertex 62.7778 24.1978 2.2
      vertex 62.8727 24.0896 1.1
      vertex 62.8727 24.0896 2.2
    endloop
  endfacet
  facet normal 0.947073 0.321018 0
    outer loop
      vertex 60.9837 22.999 2.2
      vertex 60.9375 23.1353 1.1
      vertex 60.9375 23.1353 2.2
    endloop
  endfacet
  facet normal 0.947073 0.321018 0
    outer loop
      vertex 60.9375 23.1353 1.1
      vertex 60.9837 22.999 2.2
      vertex 60.9837 22.999 1.1
    endloop
  endfacet
  facet normal -0.195314 0.980741 0
    outer loop
      vertex 62.2847 22.3575 1.1
      vertex 62.1436 22.3294 2.2
      vertex 62.2847 22.3575 2.2
    endloop
  endfacet
  facet normal -0.195314 0.980741 0
    outer loop
      vertex 62.1436 22.3294 2.2
      vertex 62.2847 22.3575 1.1
      vertex 62.1436 22.3294 1.1
    endloop
  endfacet
  facet normal 0.321018 -0.947073 0
    outer loop
      vertex 61.579 24.4363 1.1
      vertex 61.7153 24.4825 2.2
      vertex 61.579 24.4363 2.2
    endloop
  endfacet
  facet normal 0.321018 -0.947073 0
    outer loop
      vertex 61.7153 24.4825 2.2
      vertex 61.579 24.4363 1.1
      vertex 61.7153 24.4825 1.1
    endloop
  endfacet
  facet normal -0.947073 -0.321018 0
    outer loop
      vertex 63.0625 23.7047 1.1
      vertex 63.0163 23.841 2.2
      vertex 63.0163 23.841 1.1
    endloop
  endfacet
  facet normal -0.947073 -0.321018 0
    outer loop
      vertex 63.0163 23.841 2.2
      vertex 63.0625 23.7047 1.1
      vertex 63.0625 23.7047 2.2
    endloop
  endfacet
  facet normal -0.44276 0.89664 0
    outer loop
      vertex 62.55 22.4674 1.1
      vertex 62.421 22.4037 2.2
      vertex 62.55 22.4674 2.2
    endloop
  endfacet
  facet normal -0.44276 0.89664 0
    outer loop
      vertex 62.421 22.4037 2.2
      vertex 62.55 22.4674 1.1
      vertex 62.421 22.4037 1.1
    endloop
  endfacet
  facet normal 0.89664 0.44276 0
    outer loop
      vertex 61.0474 22.87 2.2
      vertex 60.9837 22.999 1.1
      vertex 60.9837 22.999 2.2
    endloop
  endfacet
  facet normal 0.89664 0.44276 0
    outer loop
      vertex 60.9837 22.999 1.1
      vertex 61.0474 22.87 2.2
      vertex 61.0474 22.87 1.1
    endloop
  endfacet
  facet normal 0.980741 0.195314 0
    outer loop
      vertex 60.9375 23.1353 2.2
      vertex 60.9094 23.2764 1.1
      vertex 60.9094 23.2764 2.2
    endloop
  endfacet
  facet normal 0.980741 0.195314 0
    outer loop
      vertex 60.9094 23.2764 1.1
      vertex 60.9375 23.1353 2.2
      vertex 60.9375 23.1353 1.1
    endloop
  endfacet
  facet normal 0.751801 0.65939 0
    outer loop
      vertex 61.2222 22.6422 2.2
      vertex 61.1273 22.7504 1.1
      vertex 61.1273 22.7504 2.2
    endloop
  endfacet
  facet normal 0.751801 0.65939 0
    outer loop
      vertex 61.1273 22.7504 1.1
      vertex 61.2222 22.6422 2.2
      vertex 61.2222 22.6422 1.1
    endloop
  endfacet
  facet normal 0.0653198 0.997864 -0
    outer loop
      vertex 62 22.32 1.1
      vertex 61.8564 22.3294 2.2
      vertex 62 22.32 2.2
    endloop
  endfacet
  facet normal 0.0653198 0.997864 0
    outer loop
      vertex 61.8564 22.3294 2.2
      vertex 62 22.32 1.1
      vertex 61.8564 22.3294 1.1
    endloop
  endfacet
  facet normal -0.831515 -0.555502 0
    outer loop
      vertex 62.9526 23.97 1.1
      vertex 62.8727 24.0896 2.2
      vertex 62.8727 24.0896 1.1
    endloop
  endfacet
  facet normal -0.831515 -0.555502 0
    outer loop
      vertex 62.8727 24.0896 2.2
      vertex 62.9526 23.97 1.1
      vertex 62.9526 23.97 2.2
    endloop
  endfacet
  facet normal 0.89664 -0.44276 0
    outer loop
      vertex 60.9837 23.841 2.2
      vertex 61.0474 23.97 1.1
      vertex 61.0474 23.97 2.2
    endloop
  endfacet
  facet normal 0.89664 -0.44276 0
    outer loop
      vertex 61.0474 23.97 1.1
      vertex 60.9837 23.841 2.2
      vertex 60.9837 23.841 1.1
    endloop
  endfacet
  facet normal -0.997864 0.0653198 0
    outer loop
      vertex 63.0906 23.2764 1.1
      vertex 63.1 23.42 2.2
      vertex 63.1 23.42 1.1
    endloop
  endfacet
  facet normal -0.997864 0.0653198 0
    outer loop
      vertex 63.1 23.42 2.2
      vertex 63.0906 23.2764 1.1
      vertex 63.0906 23.2764 2.2
    endloop
  endfacet
  facet normal -0.44276 -0.89664 0
    outer loop
      vertex 62.421 24.4363 1.1
      vertex 62.55 24.3726 2.2
      vertex 62.421 24.4363 2.2
    endloop
  endfacet
  facet normal -0.44276 -0.89664 -0
    outer loop
      vertex 62.55 24.3726 2.2
      vertex 62.421 24.4363 1.1
      vertex 62.55 24.3726 1.1
    endloop
  endfacet
  facet normal -0.555502 -0.831515 0
    outer loop
      vertex 62.55 24.3726 1.1
      vertex 62.6696 24.2927 2.2
      vertex 62.55 24.3726 2.2
    endloop
  endfacet
  facet normal -0.555502 -0.831515 -0
    outer loop
      vertex 62.6696 24.2927 2.2
      vertex 62.55 24.3726 1.1
      vertex 62.6696 24.2927 1.1
    endloop
  endfacet
  facet normal -0.65939 0.751801 0
    outer loop
      vertex 62.7778 22.6422 1.1
      vertex 62.6696 22.5473 2.2
      vertex 62.7778 22.6422 2.2
    endloop
  endfacet
  facet normal -0.65939 0.751801 0
    outer loop
      vertex 62.6696 22.5473 2.2
      vertex 62.7778 22.6422 1.1
      vertex 62.6696 22.5473 1.1
    endloop
  endfacet
  facet normal 0.947073 -0.321018 0
    outer loop
      vertex 60.9375 23.7047 2.2
      vertex 60.9837 23.841 1.1
      vertex 60.9837 23.841 2.2
    endloop
  endfacet
  facet normal 0.947073 -0.321018 0
    outer loop
      vertex 60.9837 23.841 1.1
      vertex 60.9375 23.7047 2.2
      vertex 60.9375 23.7047 1.1
    endloop
  endfacet
  facet normal -0.321018 0.947073 0
    outer loop
      vertex 62.421 22.4037 1.1
      vertex 62.2847 22.3575 2.2
      vertex 62.421 22.4037 2.2
    endloop
  endfacet
  facet normal -0.321018 0.947073 0
    outer loop
      vertex 62.2847 22.3575 2.2
      vertex 62.421 22.4037 1.1
      vertex 62.2847 22.3575 1.1
    endloop
  endfacet
  facet normal -0.0653198 0.997864 0
    outer loop
      vertex 62.1436 22.3294 1.1
      vertex 62 22.32 2.2
      vertex 62.1436 22.3294 2.2
    endloop
  endfacet
  facet normal -0.0653198 0.997864 0
    outer loop
      vertex 62 22.32 2.2
      vertex 62.1436 22.3294 1.1
      vertex 62 22.32 1.1
    endloop
  endfacet
  facet normal 0.980741 -0.195314 0
    outer loop
      vertex 60.9094 23.5636 2.2
      vertex 60.9375 23.7047 1.1
      vertex 60.9375 23.7047 2.2
    endloop
  endfacet
  facet normal 0.980741 -0.195314 0
    outer loop
      vertex 60.9375 23.7047 1.1
      vertex 60.9094 23.5636 2.2
      vertex 60.9094 23.5636 1.1
    endloop
  endfacet
  facet normal 0.65939 0.751801 -0
    outer loop
      vertex 61.3304 22.5473 1.1
      vertex 61.2222 22.6422 2.2
      vertex 61.3304 22.5473 2.2
    endloop
  endfacet
  facet normal 0.65939 0.751801 0
    outer loop
      vertex 61.2222 22.6422 2.2
      vertex 61.3304 22.5473 1.1
      vertex 61.2222 22.6422 1.1
    endloop
  endfacet
  facet normal -0.65939 -0.751801 0
    outer loop
      vertex 62.6696 24.2927 1.1
      vertex 62.7778 24.1978 2.2
      vertex 62.6696 24.2927 2.2
    endloop
  endfacet
  facet normal -0.65939 -0.751801 -0
    outer loop
      vertex 62.7778 24.1978 2.2
      vertex 62.6696 24.2927 1.1
      vertex 62.7778 24.1978 1.1
    endloop
  endfacet
  facet normal -0.0653198 -0.997864 0
    outer loop
      vertex 62 24.52 1.1
      vertex 62.1436 24.5106 2.2
      vertex 62 24.52 2.2
    endloop
  endfacet
  facet normal -0.0653198 -0.997864 -0
    outer loop
      vertex 62.1436 24.5106 2.2
      vertex 62 24.52 1.1
      vertex 62.1436 24.5106 1.1
    endloop
  endfacet
  facet normal -0.89664 0.44276 0
    outer loop
      vertex 62.9526 22.87 1.1
      vertex 63.0163 22.999 2.2
      vertex 63.0163 22.999 1.1
    endloop
  endfacet
  facet normal -0.89664 0.44276 0
    outer loop
      vertex 63.0163 22.999 2.2
      vertex 62.9526 22.87 1.1
      vertex 62.9526 22.87 2.2
    endloop
  endfacet
  facet normal -0.321018 -0.947073 0
    outer loop
      vertex 62.2847 24.4825 1.1
      vertex 62.421 24.4363 2.2
      vertex 62.2847 24.4825 2.2
    endloop
  endfacet
  facet normal -0.321018 -0.947073 -0
    outer loop
      vertex 62.421 24.4363 2.2
      vertex 62.2847 24.4825 1.1
      vertex 62.421 24.4363 1.1
    endloop
  endfacet
  facet normal 0.997864 0.0653198 0
    outer loop
      vertex 60.9094 23.2764 2.2
      vertex 60.9 23.42 1.1
      vertex 60.9 23.42 2.2
    endloop
  endfacet
  facet normal 0.997864 0.0653198 0
    outer loop
      vertex 60.9 23.42 1.1
      vertex 60.9094 23.2764 2.2
      vertex 60.9094 23.2764 1.1
    endloop
  endfacet
  facet normal 0.751801 -0.65939 0
    outer loop
      vertex 61.1273 24.0896 2.2
      vertex 61.2222 24.1978 1.1
      vertex 61.2222 24.1978 2.2
    endloop
  endfacet
  facet normal 0.751801 -0.65939 0
    outer loop
      vertex 61.2222 24.1978 1.1
      vertex 61.1273 24.0896 2.2
      vertex 61.1273 24.0896 1.1
    endloop
  endfacet
  facet normal 0.555502 -0.831515 0
    outer loop
      vertex 61.3304 24.2927 1.1
      vertex 61.45 24.3726 2.2
      vertex 61.3304 24.2927 2.2
    endloop
  endfacet
  facet normal 0.555502 -0.831515 0
    outer loop
      vertex 61.45 24.3726 2.2
      vertex 61.3304 24.2927 1.1
      vertex 61.45 24.3726 1.1
    endloop
  endfacet
  facet normal -0.89664 -0.44276 0
    outer loop
      vertex 63.0163 23.841 1.1
      vertex 62.9526 23.97 2.2
      vertex 62.9526 23.97 1.1
    endloop
  endfacet
  facet normal -0.89664 -0.44276 0
    outer loop
      vertex 62.9526 23.97 2.2
      vertex 63.0163 23.841 1.1
      vertex 63.0163 23.841 2.2
    endloop
  endfacet
  facet normal 0.0653198 -0.997864 0
    outer loop
      vertex 61.8564 24.5106 1.1
      vertex 62 24.52 2.2
      vertex 61.8564 24.5106 2.2
    endloop
  endfacet
  facet normal 0.0653198 -0.997864 0
    outer loop
      vertex 62 24.52 2.2
      vertex 61.8564 24.5106 1.1
      vertex 62 24.52 1.1
    endloop
  endfacet
  facet normal 0.997864 -0.0653198 0
    outer loop
      vertex 60.9 23.42 2.2
      vertex 60.9094 23.5636 1.1
      vertex 60.9094 23.5636 2.2
    endloop
  endfacet
  facet normal 0.997864 -0.0653198 0
    outer loop
      vertex 60.9094 23.5636 1.1
      vertex 60.9 23.42 2.2
      vertex 60.9 23.42 1.1
    endloop
  endfacet
  facet normal 0.195314 -0.980741 0
    outer loop
      vertex 61.7153 24.4825 1.1
      vertex 61.8564 24.5106 2.2
      vertex 61.7153 24.4825 2.2
    endloop
  endfacet
  facet normal 0.195314 -0.980741 0
    outer loop
      vertex 61.8564 24.5106 2.2
      vertex 61.7153 24.4825 1.1
      vertex 61.8564 24.5106 1.1
    endloop
  endfacet
  facet normal 0.321018 0.947073 -0
    outer loop
      vertex 61.7153 22.3575 1.1
      vertex 61.579 22.4037 2.2
      vertex 61.7153 22.3575 2.2
    endloop
  endfacet
  facet normal 0.321018 0.947073 0
    outer loop
      vertex 61.579 22.4037 2.2
      vertex 61.7153 22.3575 1.1
      vertex 61.579 22.4037 1.1
    endloop
  endfacet
  facet normal 0.44276 -0.89664 0
    outer loop
      vertex 61.45 24.3726 1.1
      vertex 61.579 24.4363 2.2
      vertex 61.45 24.3726 2.2
    endloop
  endfacet
  facet normal 0.44276 -0.89664 0
    outer loop
      vertex 61.579 24.4363 2.2
      vertex 61.45 24.3726 1.1
      vertex 61.579 24.4363 1.1
    endloop
  endfacet
  facet normal 0.831515 -0.555502 0
    outer loop
      vertex 61.0474 23.97 2.2
      vertex 61.1273 24.0896 1.1
      vertex 61.1273 24.0896 2.2
    endloop
  endfacet
  facet normal 0.831515 -0.555502 0
    outer loop
      vertex 61.1273 24.0896 1.1
      vertex 61.0474 23.97 2.2
      vertex 61.0474 23.97 1.1
    endloop
  endfacet
  facet normal 0.555502 0.831515 -0
    outer loop
      vertex 61.45 22.4674 1.1
      vertex 61.3304 22.5473 2.2
      vertex 61.45 22.4674 2.2
    endloop
  endfacet
  facet normal 0.555502 0.831515 0
    outer loop
      vertex 61.3304 22.5473 2.2
      vertex 61.45 22.4674 1.1
      vertex 61.3304 22.5473 1.1
    endloop
  endfacet
  facet normal -0.980741 0.195314 0
    outer loop
      vertex 67.5625 14.1353 1.1
      vertex 67.5906 14.2764 2.2
      vertex 67.5906 14.2764 1.1
    endloop
  endfacet
  facet normal -0.980741 0.195314 0
    outer loop
      vertex 67.5906 14.2764 2.2
      vertex 67.5625 14.1353 1.1
      vertex 67.5625 14.1353 2.2
    endloop
  endfacet
  facet normal -0.980741 -0.195314 0
    outer loop
      vertex 67.5906 14.5636 1.1
      vertex 67.5625 14.7047 2.2
      vertex 67.5625 14.7047 1.1
    endloop
  endfacet
  facet normal -0.980741 -0.195314 0
    outer loop
      vertex 67.5625 14.7047 2.2
      vertex 67.5906 14.5636 1.1
      vertex 67.5906 14.5636 2.2
    endloop
  endfacet
  facet normal -0.997864 -0.0653198 0
    outer loop
      vertex 67.6 14.42 1.1
      vertex 67.5906 14.5636 2.2
      vertex 67.5906 14.5636 1.1
    endloop
  endfacet
  facet normal -0.997864 -0.0653198 0
    outer loop
      vertex 67.5906 14.5636 2.2
      vertex 67.6 14.42 1.1
      vertex 67.6 14.42 2.2
    endloop
  endfacet
  facet normal 0.65939 -0.751801 0
    outer loop
      vertex 65.7222 15.1978 1.1
      vertex 65.8304 15.2927 2.2
      vertex 65.7222 15.1978 2.2
    endloop
  endfacet
  facet normal 0.65939 -0.751801 0
    outer loop
      vertex 65.8304 15.2927 2.2
      vertex 65.7222 15.1978 1.1
      vertex 65.8304 15.2927 1.1
    endloop
  endfacet
  facet normal -0.555502 0.831515 0
    outer loop
      vertex 67.1696 13.5473 1.1
      vertex 67.05 13.4674 2.2
      vertex 67.1696 13.5473 2.2
    endloop
  endfacet
  facet normal -0.555502 0.831515 0
    outer loop
      vertex 67.05 13.4674 2.2
      vertex 67.1696 13.5473 1.1
      vertex 67.05 13.4674 1.1
    endloop
  endfacet
  facet normal 0.44276 0.89664 -0
    outer loop
      vertex 66.079 13.4037 1.1
      vertex 65.95 13.4674 2.2
      vertex 66.079 13.4037 2.2
    endloop
  endfacet
  facet normal 0.44276 0.89664 0
    outer loop
      vertex 65.95 13.4674 2.2
      vertex 66.079 13.4037 1.1
      vertex 65.95 13.4674 1.1
    endloop
  endfacet
  facet normal -0.195314 -0.980741 0
    outer loop
      vertex 66.6436 15.5106 1.1
      vertex 66.7847 15.4825 2.2
      vertex 66.6436 15.5106 2.2
    endloop
  endfacet
  facet normal -0.195314 -0.980741 -0
    outer loop
      vertex 66.7847 15.4825 2.2
      vertex 66.6436 15.5106 1.1
      vertex 66.7847 15.4825 1.1
    endloop
  endfacet
  facet normal 0.195314 0.980741 -0
    outer loop
      vertex 66.3564 13.3294 1.1
      vertex 66.2153 13.3575 2.2
      vertex 66.3564 13.3294 2.2
    endloop
  endfacet
  facet normal 0.195314 0.980741 0
    outer loop
      vertex 66.2153 13.3575 2.2
      vertex 66.3564 13.3294 1.1
      vertex 66.2153 13.3575 1.1
    endloop
  endfacet
  facet normal 0.831515 0.555502 0
    outer loop
      vertex 65.6273 13.7504 2.2
      vertex 65.5474 13.87 1.1
      vertex 65.5474 13.87 2.2
    endloop
  endfacet
  facet normal 0.831515 0.555502 0
    outer loop
      vertex 65.5474 13.87 1.1
      vertex 65.6273 13.7504 2.2
      vertex 65.6273 13.7504 1.1
    endloop
  endfacet
  facet normal -0.947073 0.321018 0
    outer loop
      vertex 67.5163 13.999 1.1
      vertex 67.5625 14.1353 2.2
      vertex 67.5625 14.1353 1.1
    endloop
  endfacet
  facet normal -0.947073 0.321018 0
    outer loop
      vertex 67.5625 14.1353 2.2
      vertex 67.5163 13.999 1.1
      vertex 67.5163 13.999 2.2
    endloop
  endfacet
  facet normal -0.751801 0.65939 0
    outer loop
      vertex 67.2778 13.6422 1.1
      vertex 67.3727 13.7504 2.2
      vertex 67.3727 13.7504 1.1
    endloop
  endfacet
  facet normal -0.751801 0.65939 0
    outer loop
      vertex 67.3727 13.7504 2.2
      vertex 67.2778 13.6422 1.1
      vertex 67.2778 13.6422 2.2
    endloop
  endfacet
  facet normal -0.751801 -0.65939 0
    outer loop
      vertex 67.3727 15.0896 1.1
      vertex 67.2778 15.1978 2.2
      vertex 67.2778 15.1978 1.1
    endloop
  endfacet
  facet normal -0.751801 -0.65939 0
    outer loop
      vertex 67.2778 15.1978 2.2
      vertex 67.3727 15.0896 1.1
      vertex 67.3727 15.0896 2.2
    endloop
  endfacet
  facet normal 0.947073 0.321018 0
    outer loop
      vertex 65.4837 13.999 2.2
      vertex 65.4375 14.1353 1.1
      vertex 65.4375 14.1353 2.2
    endloop
  endfacet
  facet normal 0.947073 0.321018 0
    outer loop
      vertex 65.4375 14.1353 1.1
      vertex 65.4837 13.999 2.2
      vertex 65.4837 13.999 1.1
    endloop
  endfacet
  facet normal -0.195314 0.980741 0
    outer loop
      vertex 66.7847 13.3575 1.1
      vertex 66.6436 13.3294 2.2
      vertex 66.7847 13.3575 2.2
    endloop
  endfacet
  facet normal -0.195314 0.980741 0
    outer loop
      vertex 66.6436 13.3294 2.2
      vertex 66.7847 13.3575 1.1
      vertex 66.6436 13.3294 1.1
    endloop
  endfacet
  facet normal 0.321018 -0.947073 0
    outer loop
      vertex 66.079 15.4363 1.1
      vertex 66.2153 15.4825 2.2
      vertex 66.079 15.4363 2.2
    endloop
  endfacet
  facet normal 0.321018 -0.947073 0
    outer loop
      vertex 66.2153 15.4825 2.2
      vertex 66.079 15.4363 1.1
      vertex 66.2153 15.4825 1.1
    endloop
  endfacet
  facet normal -0.947073 -0.321018 0
    outer loop
      vertex 67.5625 14.7047 1.1
      vertex 67.5163 14.841 2.2
      vertex 67.5163 14.841 1.1
    endloop
  endfacet
  facet normal -0.947073 -0.321018 0
    outer loop
      vertex 67.5163 14.841 2.2
      vertex 67.5625 14.7047 1.1
      vertex 67.5625 14.7047 2.2
    endloop
  endfacet
  facet normal -0.44276 0.89664 0
    outer loop
      vertex 67.05 13.4674 1.1
      vertex 66.921 13.4037 2.2
      vertex 67.05 13.4674 2.2
    endloop
  endfacet
  facet normal -0.44276 0.89664 0
    outer loop
      vertex 66.921 13.4037 2.2
      vertex 67.05 13.4674 1.1
      vertex 66.921 13.4037 1.1
    endloop
  endfacet
  facet normal 0.89664 0.44276 0
    outer loop
      vertex 65.5474 13.87 2.2
      vertex 65.4837 13.999 1.1
      vertex 65.4837 13.999 2.2
    endloop
  endfacet
  facet normal 0.89664 0.44276 0
    outer loop
      vertex 65.4837 13.999 1.1
      vertex 65.5474 13.87 2.2
      vertex 65.5474 13.87 1.1
    endloop
  endfacet
  facet normal 0.980741 0.195314 0
    outer loop
      vertex 65.4375 14.1353 2.2
      vertex 65.4094 14.2764 1.1
      vertex 65.4094 14.2764 2.2
    endloop
  endfacet
  facet normal 0.980741 0.195314 0
    outer loop
      vertex 65.4094 14.2764 1.1
      vertex 65.4375 14.1353 2.2
      vertex 65.4375 14.1353 1.1
    endloop
  endfacet
  facet normal 0.751801 0.65939 0
    outer loop
      vertex 65.7222 13.6422 2.2
      vertex 65.6273 13.7504 1.1
      vertex 65.6273 13.7504 2.2
    endloop
  endfacet
  facet normal 0.751801 0.65939 0
    outer loop
      vertex 65.6273 13.7504 1.1
      vertex 65.7222 13.6422 2.2
      vertex 65.7222 13.6422 1.1
    endloop
  endfacet
  facet normal 0.0653198 0.997864 -0
    outer loop
      vertex 66.5 13.32 1.1
      vertex 66.3564 13.3294 2.2
      vertex 66.5 13.32 2.2
    endloop
  endfacet
  facet normal 0.0653198 0.997864 0
    outer loop
      vertex 66.3564 13.3294 2.2
      vertex 66.5 13.32 1.1
      vertex 66.3564 13.3294 1.1
    endloop
  endfacet
  facet normal -0.831515 -0.555502 0
    outer loop
      vertex 67.4526 14.97 1.1
      vertex 67.3727 15.0896 2.2
      vertex 67.3727 15.0896 1.1
    endloop
  endfacet
  facet normal -0.831515 -0.555502 0
    outer loop
      vertex 67.3727 15.0896 2.2
      vertex 67.4526 14.97 1.1
      vertex 67.4526 14.97 2.2
    endloop
  endfacet
  facet normal 0.89664 -0.44276 0
    outer loop
      vertex 65.4837 14.841 2.2
      vertex 65.5474 14.97 1.1
      vertex 65.5474 14.97 2.2
    endloop
  endfacet
  facet normal 0.89664 -0.44276 0
    outer loop
      vertex 65.5474 14.97 1.1
      vertex 65.4837 14.841 2.2
      vertex 65.4837 14.841 1.1
    endloop
  endfacet
  facet normal -0.997864 0.0653198 0
    outer loop
      vertex 67.5906 14.2764 1.1
      vertex 67.6 14.42 2.2
      vertex 67.6 14.42 1.1
    endloop
  endfacet
  facet normal -0.997864 0.0653198 0
    outer loop
      vertex 67.6 14.42 2.2
      vertex 67.5906 14.2764 1.1
      vertex 67.5906 14.2764 2.2
    endloop
  endfacet
  facet normal -0.44276 -0.89664 0
    outer loop
      vertex 66.921 15.4363 1.1
      vertex 67.05 15.3726 2.2
      vertex 66.921 15.4363 2.2
    endloop
  endfacet
  facet normal -0.44276 -0.89664 -0
    outer loop
      vertex 67.05 15.3726 2.2
      vertex 66.921 15.4363 1.1
      vertex 67.05 15.3726 1.1
    endloop
  endfacet
  facet normal -0.555502 -0.831515 0
    outer loop
      vertex 67.05 15.3726 1.1
      vertex 67.1696 15.2927 2.2
      vertex 67.05 15.3726 2.2
    endloop
  endfacet
  facet normal -0.555502 -0.831515 -0
    outer loop
      vertex 67.1696 15.2927 2.2
      vertex 67.05 15.3726 1.1
      vertex 67.1696 15.2927 1.1
    endloop
  endfacet
  facet normal -0.65939 0.751801 0
    outer loop
      vertex 67.2778 13.6422 1.1
      vertex 67.1696 13.5473 2.2
      vertex 67.2778 13.6422 2.2
    endloop
  endfacet
  facet normal -0.65939 0.751801 0
    outer loop
      vertex 67.1696 13.5473 2.2
      vertex 67.2778 13.6422 1.1
      vertex 67.1696 13.5473 1.1
    endloop
  endfacet
  facet normal 0.947073 -0.321018 0
    outer loop
      vertex 65.4375 14.7047 2.2
      vertex 65.4837 14.841 1.1
      vertex 65.4837 14.841 2.2
    endloop
  endfacet
  facet normal 0.947073 -0.321018 0
    outer loop
      vertex 65.4837 14.841 1.1
      vertex 65.4375 14.7047 2.2
      vertex 65.4375 14.7047 1.1
    endloop
  endfacet
  facet normal -0.321018 0.947073 0
    outer loop
      vertex 66.921 13.4037 1.1
      vertex 66.7847 13.3575 2.2
      vertex 66.921 13.4037 2.2
    endloop
  endfacet
  facet normal -0.321018 0.947073 0
    outer loop
      vertex 66.7847 13.3575 2.2
      vertex 66.921 13.4037 1.1
      vertex 66.7847 13.3575 1.1
    endloop
  endfacet
  facet normal -0.0653198 0.997864 0
    outer loop
      vertex 66.6436 13.3294 1.1
      vertex 66.5 13.32 2.2
      vertex 66.6436 13.3294 2.2
    endloop
  endfacet
  facet normal -0.0653198 0.997864 0
    outer loop
      vertex 66.5 13.32 2.2
      vertex 66.6436 13.3294 1.1
      vertex 66.5 13.32 1.1
    endloop
  endfacet
  facet normal 0.980741 -0.195314 0
    outer loop
      vertex 65.4094 14.5636 2.2
      vertex 65.4375 14.7047 1.1
      vertex 65.4375 14.7047 2.2
    endloop
  endfacet
  facet normal 0.980741 -0.195314 0
    outer loop
      vertex 65.4375 14.7047 1.1
      vertex 65.4094 14.5636 2.2
      vertex 65.4094 14.5636 1.1
    endloop
  endfacet
  facet normal 0.65939 0.751801 -0
    outer loop
      vertex 65.8304 13.5473 1.1
      vertex 65.7222 13.6422 2.2
      vertex 65.8304 13.5473 2.2
    endloop
  endfacet
  facet normal 0.65939 0.751801 0
    outer loop
      vertex 65.7222 13.6422 2.2
      vertex 65.8304 13.5473 1.1
      vertex 65.7222 13.6422 1.1
    endloop
  endfacet
  facet normal -0.65939 -0.751801 0
    outer loop
      vertex 67.1696 15.2927 1.1
      vertex 67.2778 15.1978 2.2
      vertex 67.1696 15.2927 2.2
    endloop
  endfacet
  facet normal -0.65939 -0.751801 -0
    outer loop
      vertex 67.2778 15.1978 2.2
      vertex 67.1696 15.2927 1.1
      vertex 67.2778 15.1978 1.1
    endloop
  endfacet
  facet normal -0.0653198 -0.997864 0
    outer loop
      vertex 66.5 15.52 1.1
      vertex 66.6436 15.5106 2.2
      vertex 66.5 15.52 2.2
    endloop
  endfacet
  facet normal -0.0653198 -0.997864 -0
    outer loop
      vertex 66.6436 15.5106 2.2
      vertex 66.5 15.52 1.1
      vertex 66.6436 15.5106 1.1
    endloop
  endfacet
  facet normal -0.831515 0.555502 0
    outer loop
      vertex 67.3727 13.7504 1.1
      vertex 67.4526 13.87 2.2
      vertex 67.4526 13.87 1.1
    endloop
  endfacet
  facet normal -0.831515 0.555502 0
    outer loop
      vertex 67.4526 13.87 2.2
      vertex 67.3727 13.7504 1.1
      vertex 67.3727 13.7504 2.2
    endloop
  endfacet
  facet normal -0.89664 0.44276 0
    outer loop
      vertex 67.4526 13.87 1.1
      vertex 67.5163 13.999 2.2
      vertex 67.5163 13.999 1.1
    endloop
  endfacet
  facet normal -0.89664 0.44276 0
    outer loop
      vertex 67.5163 13.999 2.2
      vertex 67.4526 13.87 1.1
      vertex 67.4526 13.87 2.2
    endloop
  endfacet
  facet normal -0.321018 -0.947073 0
    outer loop
      vertex 66.7847 15.4825 1.1
      vertex 66.921 15.4363 2.2
      vertex 66.7847 15.4825 2.2
    endloop
  endfacet
  facet normal -0.321018 -0.947073 -0
    outer loop
      vertex 66.921 15.4363 2.2
      vertex 66.7847 15.4825 1.1
      vertex 66.921 15.4363 1.1
    endloop
  endfacet
  facet normal 0.997864 0.0653198 0
    outer loop
      vertex 65.4094 14.2764 2.2
      vertex 65.4 14.42 1.1
      vertex 65.4 14.42 2.2
    endloop
  endfacet
  facet normal 0.997864 0.0653198 0
    outer loop
      vertex 65.4 14.42 1.1
      vertex 65.4094 14.2764 2.2
      vertex 65.4094 14.2764 1.1
    endloop
  endfacet
  facet normal 0.751801 -0.65939 0
    outer loop
      vertex 65.6273 15.0896 2.2
      vertex 65.7222 15.1978 1.1
      vertex 65.7222 15.1978 2.2
    endloop
  endfacet
  facet normal 0.751801 -0.65939 0
    outer loop
      vertex 65.7222 15.1978 1.1
      vertex 65.6273 15.0896 2.2
      vertex 65.6273 15.0896 1.1
    endloop
  endfacet
  facet normal -0.89664 -0.44276 0
    outer loop
      vertex 67.5163 14.841 1.1
      vertex 67.4526 14.97 2.2
      vertex 67.4526 14.97 1.1
    endloop
  endfacet
  facet normal -0.89664 -0.44276 0
    outer loop
      vertex 67.4526 14.97 2.2
      vertex 67.5163 14.841 1.1
      vertex 67.5163 14.841 2.2
    endloop
  endfacet
  facet normal 0.0653198 -0.997864 0
    outer loop
      vertex 66.3564 15.5106 1.1
      vertex 66.5 15.52 2.2
      vertex 66.3564 15.5106 2.2
    endloop
  endfacet
  facet normal 0.0653198 -0.997864 0
    outer loop
      vertex 66.5 15.52 2.2
      vertex 66.3564 15.5106 1.1
      vertex 66.5 15.52 1.1
    endloop
  endfacet
  facet normal 0.997864 -0.0653198 0
    outer loop
      vertex 65.4 14.42 2.2
      vertex 65.4094 14.5636 1.1
      vertex 65.4094 14.5636 2.2
    endloop
  endfacet
  facet normal 0.997864 -0.0653198 0
    outer loop
      vertex 65.4094 14.5636 1.1
      vertex 65.4 14.42 2.2
      vertex 65.4 14.42 1.1
    endloop
  endfacet
  facet normal 0.195314 -0.980741 0
    outer loop
      vertex 66.2153 15.4825 1.1
      vertex 66.3564 15.5106 2.2
      vertex 66.2153 15.4825 2.2
    endloop
  endfacet
  facet normal 0.195314 -0.980741 0
    outer loop
      vertex 66.3564 15.5106 2.2
      vertex 66.2153 15.4825 1.1
      vertex 66.3564 15.5106 1.1
    endloop
  endfacet
  facet normal 0.321018 0.947073 -0
    outer loop
      vertex 66.2153 13.3575 1.1
      vertex 66.079 13.4037 2.2
      vertex 66.2153 13.3575 2.2
    endloop
  endfacet
  facet normal 0.321018 0.947073 0
    outer loop
      vertex 66.079 13.4037 2.2
      vertex 66.2153 13.3575 1.1
      vertex 66.079 13.4037 1.1
    endloop
  endfacet
  facet normal 0.44276 -0.89664 0
    outer loop
      vertex 65.95 15.3726 1.1
      vertex 66.079 15.4363 2.2
      vertex 65.95 15.3726 2.2
    endloop
  endfacet
  facet normal 0.44276 -0.89664 0
    outer loop
      vertex 66.079 15.4363 2.2
      vertex 65.95 15.3726 1.1
      vertex 66.079 15.4363 1.1
    endloop
  endfacet
  facet normal 0.555502 -0.831515 0
    outer loop
      vertex 65.8304 15.2927 1.1
      vertex 65.95 15.3726 2.2
      vertex 65.8304 15.2927 2.2
    endloop
  endfacet
  facet normal 0.555502 -0.831515 0
    outer loop
      vertex 65.95 15.3726 2.2
      vertex 65.8304 15.2927 1.1
      vertex 65.95 15.3726 1.1
    endloop
  endfacet
  facet normal 0.831515 -0.555502 0
    outer loop
      vertex 65.5474 14.97 2.2
      vertex 65.6273 15.0896 1.1
      vertex 65.6273 15.0896 2.2
    endloop
  endfacet
  facet normal 0.831515 -0.555502 0
    outer loop
      vertex 65.6273 15.0896 1.1
      vertex 65.5474 14.97 2.2
      vertex 65.5474 14.97 1.1
    endloop
  endfacet
  facet normal 0.555502 0.831515 -0
    outer loop
      vertex 65.95 13.4674 1.1
      vertex 65.8304 13.5473 2.2
      vertex 65.95 13.4674 2.2
    endloop
  endfacet
  facet normal 0.555502 0.831515 0
    outer loop
      vertex 65.8304 13.5473 2.2
      vertex 65.95 13.4674 1.1
      vertex 65.8304 13.5473 1.1
    endloop
  endfacet
  facet normal 0.65939 -0.751801 0
    outer loop
      vertex 65.7222 19.6978 1.1
      vertex 65.8304 19.7927 2.2
      vertex 65.7222 19.6978 2.2
    endloop
  endfacet
  facet normal 0.65939 -0.751801 0
    outer loop
      vertex 65.8304 19.7927 2.2
      vertex 65.7222 19.6978 1.1
      vertex 65.8304 19.7927 1.1
    endloop
  endfacet
  facet normal 0.44276 0.89664 -0
    outer loop
      vertex 66.079 17.9037 1.1
      vertex 65.95 17.9674 2.2
      vertex 66.079 17.9037 2.2
    endloop
  endfacet
  facet normal 0.44276 0.89664 0
    outer loop
      vertex 65.95 17.9674 2.2
      vertex 66.079 17.9037 1.1
      vertex 65.95 17.9674 1.1
    endloop
  endfacet
  facet normal 0.195314 0.980741 -0
    outer loop
      vertex 66.3564 17.8294 1.1
      vertex 66.2153 17.8575 2.2
      vertex 66.3564 17.8294 2.2
    endloop
  endfacet
  facet normal 0.195314 0.980741 0
    outer loop
      vertex 66.2153 17.8575 2.2
      vertex 66.3564 17.8294 1.1
      vertex 66.2153 17.8575 1.1
    endloop
  endfacet
  facet normal 0.831515 0.555502 0
    outer loop
      vertex 65.6273 18.2504 2.2
      vertex 65.5474 18.37 1.1
      vertex 65.5474 18.37 2.2
    endloop
  endfacet
  facet normal 0.831515 0.555502 0
    outer loop
      vertex 65.5474 18.37 1.1
      vertex 65.6273 18.2504 2.2
      vertex 65.6273 18.2504 1.1
    endloop
  endfacet
  facet normal 0.947073 0.321018 0
    outer loop
      vertex 65.4837 18.499 2.2
      vertex 65.4375 18.6353 1.1
      vertex 65.4375 18.6353 2.2
    endloop
  endfacet
  facet normal 0.947073 0.321018 0
    outer loop
      vertex 65.4375 18.6353 1.1
      vertex 65.4837 18.499 2.2
      vertex 65.4837 18.499 1.1
    endloop
  endfacet
  facet normal 0.321018 -0.947073 0
    outer loop
      vertex 66.079 19.9363 1.1
      vertex 66.2153 19.9825 2.2
      vertex 66.079 19.9363 2.2
    endloop
  endfacet
  facet normal 0.321018 -0.947073 0
    outer loop
      vertex 66.2153 19.9825 2.2
      vertex 66.079 19.9363 1.1
      vertex 66.2153 19.9825 1.1
    endloop
  endfacet
  facet normal 0.89664 0.44276 0
    outer loop
      vertex 65.5474 18.37 2.2
      vertex 65.4837 18.499 1.1
      vertex 65.4837 18.499 2.2
    endloop
  endfacet
  facet normal 0.89664 0.44276 0
    outer loop
      vertex 65.4837 18.499 1.1
      vertex 65.5474 18.37 2.2
      vertex 65.5474 18.37 1.1
    endloop
  endfacet
  facet normal 0.980741 0.195314 0
    outer loop
      vertex 65.4375 18.6353 2.2
      vertex 65.4094 18.7764 1.1
      vertex 65.4094 18.7764 2.2
    endloop
  endfacet
  facet normal 0.980741 0.195314 0
    outer loop
      vertex 65.4094 18.7764 1.1
      vertex 65.4375 18.6353 2.2
      vertex 65.4375 18.6353 1.1
    endloop
  endfacet
  facet normal 0.751801 0.65939 0
    outer loop
      vertex 65.7222 18.1422 2.2
      vertex 65.6273 18.2504 1.1
      vertex 65.6273 18.2504 2.2
    endloop
  endfacet
  facet normal 0.751801 0.65939 0
    outer loop
      vertex 65.6273 18.2504 1.1
      vertex 65.7222 18.1422 2.2
      vertex 65.7222 18.1422 1.1
    endloop
  endfacet
  facet normal 0.0653198 0.997864 -0
    outer loop
      vertex 66.5 17.82 1.1
      vertex 66.3564 17.8294 2.2
      vertex 66.5 17.82 2.2
    endloop
  endfacet
  facet normal 0.0653198 0.997864 0
    outer loop
      vertex 66.3564 17.8294 2.2
      vertex 66.5 17.82 1.1
      vertex 66.3564 17.8294 1.1
    endloop
  endfacet
  facet normal 0.89664 -0.44276 0
    outer loop
      vertex 65.4837 19.341 2.2
      vertex 65.5474 19.47 1.1
      vertex 65.5474 19.47 2.2
    endloop
  endfacet
  facet normal 0.89664 -0.44276 0
    outer loop
      vertex 65.5474 19.47 1.1
      vertex 65.4837 19.341 2.2
      vertex 65.4837 19.341 1.1
    endloop
  endfacet
  facet normal 0.947073 -0.321018 0
    outer loop
      vertex 65.4375 19.2047 2.2
      vertex 65.4837 19.341 1.1
      vertex 65.4837 19.341 2.2
    endloop
  endfacet
  facet normal 0.947073 -0.321018 0
    outer loop
      vertex 65.4837 19.341 1.1
      vertex 65.4375 19.2047 2.2
      vertex 65.4375 19.2047 1.1
    endloop
  endfacet
  facet normal -0.064135 0.997941 0
    outer loop
      vertex 66.5389 17.8225 1.1
      vertex 66.5 17.82 2.2
      vertex 66.5389 17.8225 2.2
    endloop
  endfacet
  facet normal -0.064135 0.997941 0
    outer loop
      vertex 66.5 17.82 2.2
      vertex 66.5389 17.8225 1.1
      vertex 66.5 17.82 1.1
    endloop
  endfacet
  facet normal 0.980741 -0.195314 0
    outer loop
      vertex 65.4094 19.0636 2.2
      vertex 65.4375 19.2047 1.1
      vertex 65.4375 19.2047 2.2
    endloop
  endfacet
  facet normal 0.980741 -0.195314 0
    outer loop
      vertex 65.4375 19.2047 1.1
      vertex 65.4094 19.0636 2.2
      vertex 65.4094 19.0636 1.1
    endloop
  endfacet
  facet normal 0.65939 0.751801 -0
    outer loop
      vertex 65.8304 18.0473 1.1
      vertex 65.7222 18.1422 2.2
      vertex 65.8304 18.0473 2.2
    endloop
  endfacet
  facet normal 0.65939 0.751801 0
    outer loop
      vertex 65.7222 18.1422 2.2
      vertex 65.8304 18.0473 1.1
      vertex 65.7222 18.1422 1.1
    endloop
  endfacet
  facet normal -0.064135 -0.997941 0
    outer loop
      vertex 66.5 20.02 1.1
      vertex 66.5389 20.0175 2.2
      vertex 66.5 20.02 2.2
    endloop
  endfacet
  facet normal -0.064135 -0.997941 -0
    outer loop
      vertex 66.5389 20.0175 2.2
      vertex 66.5 20.02 1.1
      vertex 66.5389 20.0175 1.1
    endloop
  endfacet
  facet normal 0.997864 0.0653198 0
    outer loop
      vertex 65.4094 18.7764 2.2
      vertex 65.4 18.92 1.1
      vertex 65.4 18.92 2.2
    endloop
  endfacet
  facet normal 0.997864 0.0653198 0
    outer loop
      vertex 65.4 18.92 1.1
      vertex 65.4094 18.7764 2.2
      vertex 65.4094 18.7764 1.1
    endloop
  endfacet
  facet normal 0.0653198 -0.997864 0
    outer loop
      vertex 66.3564 20.0106 1.1
      vertex 66.5 20.02 2.2
      vertex 66.3564 20.0106 2.2
    endloop
  endfacet
  facet normal 0.0653198 -0.997864 0
    outer loop
      vertex 66.5 20.02 2.2
      vertex 66.3564 20.0106 1.1
      vertex 66.5 20.02 1.1
    endloop
  endfacet
  facet normal 0.997864 -0.0653198 0
    outer loop
      vertex 65.4 18.92 2.2
      vertex 65.4094 19.0636 1.1
      vertex 65.4094 19.0636 2.2
    endloop
  endfacet
  facet normal 0.997864 -0.0653198 0
    outer loop
      vertex 65.4094 19.0636 1.1
      vertex 65.4 18.92 2.2
      vertex 65.4 18.92 1.1
    endloop
  endfacet
  facet normal 0.195314 -0.980741 0
    outer loop
      vertex 66.2153 19.9825 1.1
      vertex 66.3564 20.0106 2.2
      vertex 66.2153 19.9825 2.2
    endloop
  endfacet
  facet normal 0.195314 -0.980741 0
    outer loop
      vertex 66.3564 20.0106 2.2
      vertex 66.2153 19.9825 1.1
      vertex 66.3564 20.0106 1.1
    endloop
  endfacet
  facet normal 0.321018 0.947073 -0
    outer loop
      vertex 66.2153 17.8575 1.1
      vertex 66.079 17.9037 2.2
      vertex 66.2153 17.8575 2.2
    endloop
  endfacet
  facet normal 0.321018 0.947073 0
    outer loop
      vertex 66.079 17.9037 2.2
      vertex 66.2153 17.8575 1.1
      vertex 66.079 17.9037 1.1
    endloop
  endfacet
  facet normal 0.44276 -0.89664 0
    outer loop
      vertex 65.95 19.8726 1.1
      vertex 66.079 19.9363 2.2
      vertex 65.95 19.8726 2.2
    endloop
  endfacet
  facet normal 0.44276 -0.89664 0
    outer loop
      vertex 66.079 19.9363 2.2
      vertex 65.95 19.8726 1.1
      vertex 66.079 19.9363 1.1
    endloop
  endfacet
  facet normal 0.555502 -0.831515 0
    outer loop
      vertex 65.8304 19.7927 1.1
      vertex 65.95 19.8726 2.2
      vertex 65.8304 19.7927 2.2
    endloop
  endfacet
  facet normal 0.555502 -0.831515 0
    outer loop
      vertex 65.95 19.8726 2.2
      vertex 65.8304 19.7927 1.1
      vertex 65.95 19.8726 1.1
    endloop
  endfacet
  facet normal 0.831515 -0.555502 0
    outer loop
      vertex 65.5474 19.47 2.2
      vertex 65.6273 19.5896 1.1
      vertex 65.6273 19.5896 2.2
    endloop
  endfacet
  facet normal 0.831515 -0.555502 0
    outer loop
      vertex 65.6273 19.5896 1.1
      vertex 65.5474 19.47 2.2
      vertex 65.5474 19.47 1.1
    endloop
  endfacet
  facet normal 0.751801 -0.65939 0
    outer loop
      vertex 65.6273 19.5896 2.2
      vertex 65.7222 19.6978 1.1
      vertex 65.7222 19.6978 2.2
    endloop
  endfacet
  facet normal 0.751801 -0.65939 0
    outer loop
      vertex 65.7222 19.6978 1.1
      vertex 65.6273 19.5896 2.2
      vertex 65.6273 19.5896 1.1
    endloop
  endfacet
  facet normal 0.555502 0.831515 -0
    outer loop
      vertex 65.95 17.9674 1.1
      vertex 65.8304 18.0473 2.2
      vertex 65.95 17.9674 2.2
    endloop
  endfacet
  facet normal 0.555502 0.831515 0
    outer loop
      vertex 65.8304 18.0473 2.2
      vertex 65.95 17.9674 1.1
      vertex 65.8304 18.0473 1.1
    endloop
  endfacet
  facet normal -0.980741 0.195314 0
    outer loop
      vertex 67.5625 23.1353 1.1
      vertex 67.5906 23.2764 2.2
      vertex 67.5906 23.2764 1.1
    endloop
  endfacet
  facet normal -0.980741 0.195314 0
    outer loop
      vertex 67.5906 23.2764 2.2
      vertex 67.5625 23.1353 1.1
      vertex 67.5625 23.1353 2.2
    endloop
  endfacet
  facet normal -0.980741 -0.195314 0
    outer loop
      vertex 67.5906 23.5636 1.1
      vertex 67.5625 23.7047 2.2
      vertex 67.5625 23.7047 1.1
    endloop
  endfacet
  facet normal -0.980741 -0.195314 0
    outer loop
      vertex 67.5625 23.7047 2.2
      vertex 67.5906 23.5636 1.1
      vertex 67.5906 23.5636 2.2
    endloop
  endfacet
  facet normal -0.997864 -0.0653198 0
    outer loop
      vertex 67.6 23.42 1.1
      vertex 67.5906 23.5636 2.2
      vertex 67.5906 23.5636 1.1
    endloop
  endfacet
  facet normal -0.997864 -0.0653198 0
    outer loop
      vertex 67.5906 23.5636 2.2
      vertex 67.6 23.42 1.1
      vertex 67.6 23.42 2.2
    endloop
  endfacet
  facet normal 0.65939 -0.751801 0
    outer loop
      vertex 65.7222 24.1978 1.1
      vertex 65.8304 24.2927 2.2
      vertex 65.7222 24.1978 2.2
    endloop
  endfacet
  facet normal 0.65939 -0.751801 0
    outer loop
      vertex 65.8304 24.2927 2.2
      vertex 65.7222 24.1978 1.1
      vertex 65.8304 24.2927 1.1
    endloop
  endfacet
  facet normal -0.555502 0.831515 0
    outer loop
      vertex 67.1696 22.5473 1.1
      vertex 67.05 22.4674 2.2
      vertex 67.1696 22.5473 2.2
    endloop
  endfacet
  facet normal -0.555502 0.831515 0
    outer loop
      vertex 67.05 22.4674 2.2
      vertex 67.1696 22.5473 1.1
      vertex 67.05 22.4674 1.1
    endloop
  endfacet
  facet normal 0.44276 0.89664 -0
    outer loop
      vertex 66.079 22.4037 1.1
      vertex 65.95 22.4674 2.2
      vertex 66.079 22.4037 2.2
    endloop
  endfacet
  facet normal 0.44276 0.89664 0
    outer loop
      vertex 65.95 22.4674 2.2
      vertex 66.079 22.4037 1.1
      vertex 65.95 22.4674 1.1
    endloop
  endfacet
  facet normal -0.195314 -0.980741 0
    outer loop
      vertex 66.6436 24.5106 1.1
      vertex 66.7847 24.4825 2.2
      vertex 66.6436 24.5106 2.2
    endloop
  endfacet
  facet normal -0.195314 -0.980741 -0
    outer loop
      vertex 66.7847 24.4825 2.2
      vertex 66.6436 24.5106 1.1
      vertex 66.7847 24.4825 1.1
    endloop
  endfacet
  facet normal 0.195314 0.980741 -0
    outer loop
      vertex 66.3564 22.3294 1.1
      vertex 66.2153 22.3575 2.2
      vertex 66.3564 22.3294 2.2
    endloop
  endfacet
  facet normal 0.195314 0.980741 0
    outer loop
      vertex 66.2153 22.3575 2.2
      vertex 66.3564 22.3294 1.1
      vertex 66.2153 22.3575 1.1
    endloop
  endfacet
  facet normal -0.831515 0.555502 0
    outer loop
      vertex 67.3727 22.7504 1.1
      vertex 67.4526 22.87 2.2
      vertex 67.4526 22.87 1.1
    endloop
  endfacet
  facet normal -0.831515 0.555502 0
    outer loop
      vertex 67.4526 22.87 2.2
      vertex 67.3727 22.7504 1.1
      vertex 67.3727 22.7504 2.2
    endloop
  endfacet
  facet normal 0.831515 0.555502 0
    outer loop
      vertex 65.6273 22.7504 2.2
      vertex 65.5474 22.87 1.1
      vertex 65.5474 22.87 2.2
    endloop
  endfacet
  facet normal 0.831515 0.555502 0
    outer loop
      vertex 65.5474 22.87 1.1
      vertex 65.6273 22.7504 2.2
      vertex 65.6273 22.7504 1.1
    endloop
  endfacet
  facet normal -0.947073 0.321018 0
    outer loop
      vertex 67.5163 22.999 1.1
      vertex 67.5625 23.1353 2.2
      vertex 67.5625 23.1353 1.1
    endloop
  endfacet
  facet normal -0.947073 0.321018 0
    outer loop
      vertex 67.5625 23.1353 2.2
      vertex 67.5163 22.999 1.1
      vertex 67.5163 22.999 2.2
    endloop
  endfacet
  facet normal -0.751801 0.65939 0
    outer loop
      vertex 67.2778 22.6422 1.1
      vertex 67.3727 22.7504 2.2
      vertex 67.3727 22.7504 1.1
    endloop
  endfacet
  facet normal -0.751801 0.65939 0
    outer loop
      vertex 67.3727 22.7504 2.2
      vertex 67.2778 22.6422 1.1
      vertex 67.2778 22.6422 2.2
    endloop
  endfacet
  facet normal -0.751801 -0.65939 0
    outer loop
      vertex 67.3727 24.0896 1.1
      vertex 67.2778 24.1978 2.2
      vertex 67.2778 24.1978 1.1
    endloop
  endfacet
  facet normal -0.751801 -0.65939 0
    outer loop
      vertex 67.2778 24.1978 2.2
      vertex 67.3727 24.0896 1.1
      vertex 67.3727 24.0896 2.2
    endloop
  endfacet
  facet normal 0.947073 0.321018 0
    outer loop
      vertex 65.4837 22.999 2.2
      vertex 65.4375 23.1353 1.1
      vertex 65.4375 23.1353 2.2
    endloop
  endfacet
  facet normal 0.947073 0.321018 0
    outer loop
      vertex 65.4375 23.1353 1.1
      vertex 65.4837 22.999 2.2
      vertex 65.4837 22.999 1.1
    endloop
  endfacet
  facet normal -0.195314 0.980741 0
    outer loop
      vertex 66.7847 22.3575 1.1
      vertex 66.6436 22.3294 2.2
      vertex 66.7847 22.3575 2.2
    endloop
  endfacet
  facet normal -0.195314 0.980741 0
    outer loop
      vertex 66.6436 22.3294 2.2
      vertex 66.7847 22.3575 1.1
      vertex 66.6436 22.3294 1.1
    endloop
  endfacet
  facet normal 0.321018 -0.947073 0
    outer loop
      vertex 66.079 24.4363 1.1
      vertex 66.2153 24.4825 2.2
      vertex 66.079 24.4363 2.2
    endloop
  endfacet
  facet normal 0.321018 -0.947073 0
    outer loop
      vertex 66.2153 24.4825 2.2
      vertex 66.079 24.4363 1.1
      vertex 66.2153 24.4825 1.1
    endloop
  endfacet
  facet normal -0.44276 0.89664 0
    outer loop
      vertex 67.05 22.4674 1.1
      vertex 66.921 22.4037 2.2
      vertex 67.05 22.4674 2.2
    endloop
  endfacet
  facet normal -0.44276 0.89664 0
    outer loop
      vertex 66.921 22.4037 2.2
      vertex 67.05 22.4674 1.1
      vertex 66.921 22.4037 1.1
    endloop
  endfacet
  facet normal 0.89664 0.44276 0
    outer loop
      vertex 65.5474 22.87 2.2
      vertex 65.4837 22.999 1.1
      vertex 65.4837 22.999 2.2
    endloop
  endfacet
  facet normal 0.89664 0.44276 0
    outer loop
      vertex 65.4837 22.999 1.1
      vertex 65.5474 22.87 2.2
      vertex 65.5474 22.87 1.1
    endloop
  endfacet
  facet normal 0.980741 0.195314 0
    outer loop
      vertex 65.4375 23.1353 2.2
      vertex 65.4094 23.2764 1.1
      vertex 65.4094 23.2764 2.2
    endloop
  endfacet
  facet normal 0.980741 0.195314 0
    outer loop
      vertex 65.4094 23.2764 1.1
      vertex 65.4375 23.1353 2.2
      vertex 65.4375 23.1353 1.1
    endloop
  endfacet
  facet normal 0.751801 0.65939 0
    outer loop
      vertex 65.7222 22.6422 2.2
      vertex 65.6273 22.7504 1.1
      vertex 65.6273 22.7504 2.2
    endloop
  endfacet
  facet normal 0.751801 0.65939 0
    outer loop
      vertex 65.6273 22.7504 1.1
      vertex 65.7222 22.6422 2.2
      vertex 65.7222 22.6422 1.1
    endloop
  endfacet
  facet normal 0.0653198 0.997864 -0
    outer loop
      vertex 66.5 22.32 1.1
      vertex 66.3564 22.3294 2.2
      vertex 66.5 22.32 2.2
    endloop
  endfacet
  facet normal 0.0653198 0.997864 0
    outer loop
      vertex 66.3564 22.3294 2.2
      vertex 66.5 22.32 1.1
      vertex 66.3564 22.3294 1.1
    endloop
  endfacet
  facet normal -0.831515 -0.555502 0
    outer loop
      vertex 67.4526 23.97 1.1
      vertex 67.3727 24.0896 2.2
      vertex 67.3727 24.0896 1.1
    endloop
  endfacet
  facet normal -0.831515 -0.555502 0
    outer loop
      vertex 67.3727 24.0896 2.2
      vertex 67.4526 23.97 1.1
      vertex 67.4526 23.97 2.2
    endloop
  endfacet
  facet normal 0.89664 -0.44276 0
    outer loop
      vertex 65.4837 23.841 2.2
      vertex 65.5474 23.97 1.1
      vertex 65.5474 23.97 2.2
    endloop
  endfacet
  facet normal 0.89664 -0.44276 0
    outer loop
      vertex 65.5474 23.97 1.1
      vertex 65.4837 23.841 2.2
      vertex 65.4837 23.841 1.1
    endloop
  endfacet
  facet normal -0.997864 0.0653198 0
    outer loop
      vertex 67.5906 23.2764 1.1
      vertex 67.6 23.42 2.2
      vertex 67.6 23.42 1.1
    endloop
  endfacet
  facet normal -0.997864 0.0653198 0
    outer loop
      vertex 67.6 23.42 2.2
      vertex 67.5906 23.2764 1.1
      vertex 67.5906 23.2764 2.2
    endloop
  endfacet
  facet normal -0.44276 -0.89664 0
    outer loop
      vertex 66.921 24.4363 1.1
      vertex 67.05 24.3726 2.2
      vertex 66.921 24.4363 2.2
    endloop
  endfacet
  facet normal -0.44276 -0.89664 -0
    outer loop
      vertex 67.05 24.3726 2.2
      vertex 66.921 24.4363 1.1
      vertex 67.05 24.3726 1.1
    endloop
  endfacet
  facet normal -0.65939 -0.751801 0
    outer loop
      vertex 67.1696 24.2927 1.1
      vertex 67.2778 24.1978 2.2
      vertex 67.1696 24.2927 2.2
    endloop
  endfacet
  facet normal -0.65939 -0.751801 -0
    outer loop
      vertex 67.2778 24.1978 2.2
      vertex 67.1696 24.2927 1.1
      vertex 67.2778 24.1978 1.1
    endloop
  endfacet
  facet normal -0.555502 -0.831515 0
    outer loop
      vertex 67.05 24.3726 1.1
      vertex 67.1696 24.2927 2.2
      vertex 67.05 24.3726 2.2
    endloop
  endfacet
  facet normal -0.555502 -0.831515 -0
    outer loop
      vertex 67.1696 24.2927 2.2
      vertex 67.05 24.3726 1.1
      vertex 67.1696 24.2927 1.1
    endloop
  endfacet
  facet normal -0.65939 0.751801 0
    outer loop
      vertex 67.2778 22.6422 1.1
      vertex 67.1696 22.5473 2.2
      vertex 67.2778 22.6422 2.2
    endloop
  endfacet
  facet normal -0.65939 0.751801 0
    outer loop
      vertex 67.1696 22.5473 2.2
      vertex 67.2778 22.6422 1.1
      vertex 67.1696 22.5473 1.1
    endloop
  endfacet
  facet normal 0.947073 -0.321018 0
    outer loop
      vertex 65.4375 23.7047 2.2
      vertex 65.4837 23.841 1.1
      vertex 65.4837 23.841 2.2
    endloop
  endfacet
  facet normal 0.947073 -0.321018 0
    outer loop
      vertex 65.4837 23.841 1.1
      vertex 65.4375 23.7047 2.2
      vertex 65.4375 23.7047 1.1
    endloop
  endfacet
  facet normal -0.321018 0.947073 0
    outer loop
      vertex 66.921 22.4037 1.1
      vertex 66.7847 22.3575 2.2
      vertex 66.921 22.4037 2.2
    endloop
  endfacet
  facet normal -0.321018 0.947073 0
    outer loop
      vertex 66.7847 22.3575 2.2
      vertex 66.921 22.4037 1.1
      vertex 66.7847 22.3575 1.1
    endloop
  endfacet
  facet normal -0.0653198 0.997864 0
    outer loop
      vertex 66.6436 22.3294 1.1
      vertex 66.5 22.32 2.2
      vertex 66.6436 22.3294 2.2
    endloop
  endfacet
  facet normal -0.0653198 0.997864 0
    outer loop
      vertex 66.5 22.32 2.2
      vertex 66.6436 22.3294 1.1
      vertex 66.5 22.32 1.1
    endloop
  endfacet
  facet normal 0.980741 -0.195314 0
    outer loop
      vertex 65.4094 23.5636 2.2
      vertex 65.4375 23.7047 1.1
      vertex 65.4375 23.7047 2.2
    endloop
  endfacet
  facet normal 0.980741 -0.195314 0
    outer loop
      vertex 65.4375 23.7047 1.1
      vertex 65.4094 23.5636 2.2
      vertex 65.4094 23.5636 1.1
    endloop
  endfacet
  facet normal 0.65939 0.751801 -0
    outer loop
      vertex 65.8304 22.5473 1.1
      vertex 65.7222 22.6422 2.2
      vertex 65.8304 22.5473 2.2
    endloop
  endfacet
  facet normal 0.65939 0.751801 0
    outer loop
      vertex 65.7222 22.6422 2.2
      vertex 65.8304 22.5473 1.1
      vertex 65.7222 22.6422 1.1
    endloop
  endfacet
  facet normal -0.0653198 -0.997864 0
    outer loop
      vertex 66.5 24.52 1.1
      vertex 66.6436 24.5106 2.2
      vertex 66.5 24.52 2.2
    endloop
  endfacet
  facet normal -0.0653198 -0.997864 -0
    outer loop
      vertex 66.6436 24.5106 2.2
      vertex 66.5 24.52 1.1
      vertex 66.6436 24.5106 1.1
    endloop
  endfacet
  facet normal -0.89664 0.44276 0
    outer loop
      vertex 67.4526 22.87 1.1
      vertex 67.5163 22.999 2.2
      vertex 67.5163 22.999 1.1
    endloop
  endfacet
  facet normal -0.89664 0.44276 0
    outer loop
      vertex 67.5163 22.999 2.2
      vertex 67.4526 22.87 1.1
      vertex 67.4526 22.87 2.2
    endloop
  endfacet
  facet normal -0.321018 -0.947073 0
    outer loop
      vertex 66.7847 24.4825 1.1
      vertex 66.921 24.4363 2.2
      vertex 66.7847 24.4825 2.2
    endloop
  endfacet
  facet normal -0.321018 -0.947073 -0
    outer loop
      vertex 66.921 24.4363 2.2
      vertex 66.7847 24.4825 1.1
      vertex 66.921 24.4363 1.1
    endloop
  endfacet
  facet normal 0.997864 0.0653198 0
    outer loop
      vertex 65.4094 23.2764 2.2
      vertex 65.4 23.42 1.1
      vertex 65.4 23.42 2.2
    endloop
  endfacet
  facet normal 0.997864 0.0653198 0
    outer loop
      vertex 65.4 23.42 1.1
      vertex 65.4094 23.2764 2.2
      vertex 65.4094 23.2764 1.1
    endloop
  endfacet
  facet normal 0.751801 -0.65939 0
    outer loop
      vertex 65.6273 24.0896 2.2
      vertex 65.7222 24.1978 1.1
      vertex 65.7222 24.1978 2.2
    endloop
  endfacet
  facet normal 0.751801 -0.65939 0
    outer loop
      vertex 65.7222 24.1978 1.1
      vertex 65.6273 24.0896 2.2
      vertex 65.6273 24.0896 1.1
    endloop
  endfacet
  facet normal -0.89664 -0.44276 0
    outer loop
      vertex 67.5163 23.841 1.1
      vertex 67.4526 23.97 2.2
      vertex 67.4526 23.97 1.1
    endloop
  endfacet
  facet normal -0.89664 -0.44276 0
    outer loop
      vertex 67.4526 23.97 2.2
      vertex 67.5163 23.841 1.1
      vertex 67.5163 23.841 2.2
    endloop
  endfacet
  facet normal -0.947073 -0.321018 0
    outer loop
      vertex 67.5625 23.7047 1.1
      vertex 67.5163 23.841 2.2
      vertex 67.5163 23.841 1.1
    endloop
  endfacet
  facet normal -0.947073 -0.321018 0
    outer loop
      vertex 67.5163 23.841 2.2
      vertex 67.5625 23.7047 1.1
      vertex 67.5625 23.7047 2.2
    endloop
  endfacet
  facet normal 0.0653198 -0.997864 0
    outer loop
      vertex 66.3564 24.5106 1.1
      vertex 66.5 24.52 2.2
      vertex 66.3564 24.5106 2.2
    endloop
  endfacet
  facet normal 0.0653198 -0.997864 0
    outer loop
      vertex 66.5 24.52 2.2
      vertex 66.3564 24.5106 1.1
      vertex 66.5 24.52 1.1
    endloop
  endfacet
  facet normal 0.997864 -0.0653198 0
    outer loop
      vertex 65.4 23.42 2.2
      vertex 65.4094 23.5636 1.1
      vertex 65.4094 23.5636 2.2
    endloop
  endfacet
  facet normal 0.997864 -0.0653198 0
    outer loop
      vertex 65.4094 23.5636 1.1
      vertex 65.4 23.42 2.2
      vertex 65.4 23.42 1.1
    endloop
  endfacet
  facet normal 0.195314 -0.980741 0
    outer loop
      vertex 66.2153 24.4825 1.1
      vertex 66.3564 24.5106 2.2
      vertex 66.2153 24.4825 2.2
    endloop
  endfacet
  facet normal 0.195314 -0.980741 0
    outer loop
      vertex 66.3564 24.5106 2.2
      vertex 66.2153 24.4825 1.1
      vertex 66.3564 24.5106 1.1
    endloop
  endfacet
  facet normal 0.321018 0.947073 -0
    outer loop
      vertex 66.2153 22.3575 1.1
      vertex 66.079 22.4037 2.2
      vertex 66.2153 22.3575 2.2
    endloop
  endfacet
  facet normal 0.321018 0.947073 0
    outer loop
      vertex 66.079 22.4037 2.2
      vertex 66.2153 22.3575 1.1
      vertex 66.079 22.4037 1.1
    endloop
  endfacet
  facet normal 0.44276 -0.89664 0
    outer loop
      vertex 65.95 24.3726 1.1
      vertex 66.079 24.4363 2.2
      vertex 65.95 24.3726 2.2
    endloop
  endfacet
  facet normal 0.44276 -0.89664 0
    outer loop
      vertex 66.079 24.4363 2.2
      vertex 65.95 24.3726 1.1
      vertex 66.079 24.4363 1.1
    endloop
  endfacet
  facet normal 0.555502 -0.831515 0
    outer loop
      vertex 65.8304 24.2927 1.1
      vertex 65.95 24.3726 2.2
      vertex 65.8304 24.2927 2.2
    endloop
  endfacet
  facet normal 0.555502 -0.831515 0
    outer loop
      vertex 65.95 24.3726 2.2
      vertex 65.8304 24.2927 1.1
      vertex 65.95 24.3726 1.1
    endloop
  endfacet
  facet normal 0.831515 -0.555502 0
    outer loop
      vertex 65.5474 23.97 2.2
      vertex 65.6273 24.0896 1.1
      vertex 65.6273 24.0896 2.2
    endloop
  endfacet
  facet normal 0.831515 -0.555502 0
    outer loop
      vertex 65.6273 24.0896 1.1
      vertex 65.5474 23.97 2.2
      vertex 65.5474 23.97 1.1
    endloop
  endfacet
  facet normal 0.555502 0.831515 -0
    outer loop
      vertex 65.95 22.4674 1.1
      vertex 65.8304 22.5473 2.2
      vertex 65.95 22.4674 2.2
    endloop
  endfacet
  facet normal 0.555502 0.831515 0
    outer loop
      vertex 65.8304 22.5473 2.2
      vertex 65.95 22.4674 1.1
      vertex 65.8304 22.5473 1.1
    endloop
  endfacet
  facet normal -0.831481 0.555553 0
    outer loop
      vertex 0.401923 36.34 0
      vertex 0.61994 36.6663 10.8
      vertex 0.61994 36.6663 0
    endloop
  endfacet
  facet normal -0.831481 0.555553 0
    outer loop
      vertex 0.61994 36.6663 10.8
      vertex 0.401923 36.34 0
      vertex 0.401923 36.34 10.8
    endloop
  endfacet
  facet normal -0.946905 0.321512 0
    outer loop
      vertex 0.102222 35.6165 0
      vertex 0.228361 35.988 10.8
      vertex 0.228361 35.988 0
    endloop
  endfacet
  facet normal -0.946905 0.321512 0
    outer loop
      vertex 0.228361 35.988 10.8
      vertex 0.102222 35.6165 0
      vertex 0.102222 35.6165 10.8
    endloop
  endfacet
  facet normal 0.555906 -0.831245 0
    outer loop
      vertex 115.9 0.401923 0
      vertex 116.226 0.61994 10.8
      vertex 115.9 0.401923 10.8
    endloop
  endfacet
  facet normal 0.555906 -0.831245 0
    outer loop
      vertex 116.226 0.61994 10.8
      vertex 115.9 0.401923 0
      vertex 116.226 0.61994 0
    endloop
  endfacet
  facet normal 0 -1 0
    outer loop
      vertex 3 0 0
      vertex 114.4 0 10.8
      vertex 3 0 10.8
    endloop
  endfacet
  facet normal 0 -1 -0
    outer loop
      vertex 114.4 0 10.8
      vertex 3 0 0
      vertex 114.4 0 0
    endloop
  endfacet
  facet normal 0 1 -0
    outer loop
      vertex 114.4 37.84 0
      vertex 3 37.84 10.8
      vertex 114.4 37.84 10.8
    endloop
  endfacet
  facet normal 0 1 0
    outer loop
      vertex 3 37.84 10.8
      vertex 114.4 37.84 0
      vertex 3 37.84 0
    endloop
  endfacet
  facet normal 1 -0 0
    outer loop
      vertex 117.4 3 10.8
      vertex 117.4 34.84 0
      vertex 117.4 34.84 10.8
    endloop
  endfacet
  facet normal 1 0 0
    outer loop
      vertex 117.4 34.84 0
      vertex 117.4 3 10.8
      vertex 117.4 3 0
    endloop
  endfacet
  facet normal 0.195519 -0.9807 0
    outer loop
      vertex 114.792 0.0256653 0
      vertex 115.176 0.102222 10.8
      vertex 114.792 0.0256653 10.8
    endloop
  endfacet
  facet normal 0.195519 -0.9807 0
    outer loop
      vertex 115.176 0.102222 10.8
      vertex 114.792 0.0256653 0
      vertex 115.176 0.102222 0
    endloop
  endfacet
  facet normal 0.442237 -0.896898 0
    outer loop
      vertex 115.548 0.228361 0
      vertex 115.9 0.401923 10.8
      vertex 115.548 0.228361 10.8
    endloop
  endfacet
  facet normal 0.442237 -0.896898 0
    outer loop
      vertex 115.9 0.401923 10.8
      vertex 115.548 0.228361 0
      vertex 115.9 0.401923 0
    endloop
  endfacet
  facet normal 0.997803 -0.0662518 0
    outer loop
      vertex 117.374 2.60842 10.8
      vertex 117.4 3 0
      vertex 117.4 3 10.8
    endloop
  endfacet
  facet normal 0.997803 -0.0662518 0
    outer loop
      vertex 117.4 3 0
      vertex 117.374 2.60842 10.8
      vertex 117.374 2.60842 0
    endloop
  endfacet
  facet normal -0.659339 -0.751846 0
    outer loop
      vertex 0.878679 0.878679 0
      vertex 1.17372 0.61994 10.8
      vertex 0.878679 0.878679 10.8
    endloop
  endfacet
  facet normal -0.659339 -0.751846 -0
    outer loop
      vertex 1.17372 0.61994 10.8
      vertex 0.878679 0.878679 0
      vertex 1.17372 0.61994 0
    endloop
  endfacet
  facet normal 0.997803 0.0662484 0
    outer loop
      vertex 117.4 34.84 10.8
      vertex 117.374 35.2316 0
      vertex 117.374 35.2316 10.8
    endloop
  endfacet
  facet normal 0.997803 0.0662484 0
    outer loop
      vertex 117.374 35.2316 0
      vertex 117.4 34.84 10.8
      vertex 117.4 34.84 0
    endloop
  endfacet
  facet normal 0.981056 -0.193723 0
    outer loop
      vertex 117.298 2.22354 10.8
      vertex 117.374 2.60842 0
      vertex 117.374 2.60842 10.8
    endloop
  endfacet
  facet normal 0.981056 -0.193723 0
    outer loop
      vertex 117.374 2.60842 0
      vertex 117.298 2.22354 10.8
      vertex 117.298 2.22354 0
    endloop
  endfacet
  facet normal 0.751516 -0.659714 0
    outer loop
      vertex 116.521 0.878679 10.8
      vertex 116.78 1.17372 0
      vertex 116.78 1.17372 10.8
    endloop
  endfacet
  facet normal 0.751516 -0.659714 0
    outer loop
      vertex 116.78 1.17372 0
      vertex 116.521 0.878679 10.8
      vertex 116.521 0.878679 0
    endloop
  endfacet
  facet normal -1 0 0
    outer loop
      vertex 0 34.84 0
      vertex 0 23.67 4.2
      vertex 0 34.84 10.8
    endloop
  endfacet
  facet normal -1 0 0
    outer loop
      vertex 0 34.84 0
      vertex 0 14.17 4.2
      vertex 0 23.67 4.2
    endloop
  endfacet
  facet normal -1 0 0
    outer loop
      vertex 0 3 10.8
      vertex 0 14.17 4.2
      vertex 0 3 0
    endloop
  endfacet
  facet normal -1 0 0
    outer loop
      vertex 0 3 0
      vertex 0 14.17 4.2
      vertex 0 34.84 0
    endloop
  endfacet
  facet normal -1 0 0
    outer loop
      vertex 0 23.67 10.4
      vertex 0 34.84 10.8
      vertex 0 23.67 4.2
    endloop
  endfacet
  facet normal -1 0 0
    outer loop
      vertex 0 14.17 10.4
      vertex 0 34.84 10.8
      vertex 0 23.67 10.4
    endloop
  endfacet
  facet normal -1 0 0
    outer loop
      vertex 0 14.17 10.4
      vertex 0 3 10.8
      vertex 0 34.84 10.8
    endloop
  endfacet
  facet normal -1 0 0
    outer loop
      vertex 0 14.17 4.2
      vertex 0 3 10.8
      vertex 0 14.17 10.4
    endloop
  endfacet
  facet normal 0.321264 0.94699 -0
    outer loop
      vertex 115.548 37.6116 0
      vertex 115.176 37.7378 10.8
      vertex 115.548 37.6116 10.8
    endloop
  endfacet
  facet normal 0.321264 0.94699 0
    outer loop
      vertex 115.176 37.7378 10.8
      vertex 115.548 37.6116 0
      vertex 115.176 37.7378 0
    endloop
  endfacet
  facet normal -0.751801 0.65939 0
    outer loop
      vertex 0.61994 36.6663 0
      vertex 0.878679 36.9613 10.8
      vertex 0.878679 36.9613 0
    endloop
  endfacet
  facet normal -0.751801 0.65939 0
    outer loop
      vertex 0.878679 36.9613 10.8
      vertex 0.61994 36.6663 0
      vertex 0.61994 36.6663 10.8
    endloop
  endfacet
  facet normal -0.195089 -0.980786 0
    outer loop
      vertex 2.22354 0.102222 0
      vertex 2.60842 0.0256653 10.8
      vertex 2.22354 0.102222 10.8
    endloop
  endfacet
  facet normal -0.195089 -0.980786 -0
    outer loop
      vertex 2.60842 0.0256653 10.8
      vertex 2.22354 0.102222 0
      vertex 2.60842 0.0256653 0
    endloop
  endfacet
  facet normal -0.0654026 -0.997859 0
    outer loop
      vertex 2.60842 0.0256653 0
      vertex 3 0 10.8
      vertex 2.60842 0.0256653 10.8
    endloop
  endfacet
  facet normal -0.0654026 -0.997859 -0
    outer loop
      vertex 3 0 10.8
      vertex 2.60842 0.0256653 0
      vertex 3 0 0
    endloop
  endfacet
  facet normal -0.555547 0.831485 0
    outer loop
      vertex 1.5 37.4381 0
      vertex 1.17372 37.2201 10.8
      vertex 1.5 37.4381 10.8
    endloop
  endfacet
  facet normal -0.555547 0.831485 0
    outer loop
      vertex 1.17372 37.2201 10.8
      vertex 1.5 37.4381 0
      vertex 1.17372 37.2201 0
    endloop
  endfacet
  facet normal 0 0 -1
    outer loop
      vertex 114.4 0 0
      vertex 117.4 3 0
      vertex 117.374 2.60842 0
    endloop
  endfacet
  facet normal -0 0 -1
    outer loop
      vertex 117.4 3 0
      vertex 114.4 0 0
      vertex 117.4 34.84 0
    endloop
  endfacet
  facet normal 0 0 -1
    outer loop
      vertex 114.4 0 0
      vertex 117.374 2.60842 0
      vertex 117.298 2.22354 0
    endloop
  endfacet
  facet normal 0 0 -1
    outer loop
      vertex 114.4 37.84 0
      vertex 117.4 34.84 0
      vertex 114.4 0 0
    endloop
  endfacet
  facet normal 0 0 -1
    outer loop
      vertex 114.4 0 0
      vertex 117.298 2.22354 0
      vertex 117.172 1.85195 0
    endloop
  endfacet
  facet normal 0 0 -1
    outer loop
      vertex 117.4 34.84 0
      vertex 114.4 37.84 0
      vertex 117.374 35.2316 0
    endloop
  endfacet
  facet normal 0 0 -1
    outer loop
      vertex 114.4 0 0
      vertex 117.172 1.85195 0
      vertex 116.998 1.5 0
    endloop
  endfacet
  facet normal 0 0 -1
    outer loop
      vertex 117.374 35.2316 0
      vertex 114.4 37.84 0
      vertex 117.298 35.6165 0
    endloop
  endfacet
  facet normal 0 0 -1
    outer loop
      vertex 114.4 0 0
      vertex 116.998 1.5 0
      vertex 116.78 1.17372 0
    endloop
  endfacet
  facet normal 0 0 -1
    outer loop
      vertex 117.298 35.6165 0
      vertex 114.4 37.84 0
      vertex 117.172 35.988 0
    endloop
  endfacet
  facet normal 0 0 -1
    outer loop
      vertex 114.4 0 0
      vertex 116.78 1.17372 0
      vertex 116.521 0.878679 0
    endloop
  endfacet
  facet normal 0 0 -1
    outer loop
      vertex 117.172 35.988 0
      vertex 114.4 37.84 0
      vertex 116.998 36.34 0
    endloop
  endfacet
  facet normal 0 0 -1
    outer loop
      vertex 114.4 0 0
      vertex 116.521 0.878679 0
      vertex 116.226 0.61994 0
    endloop
  endfacet
  facet normal 0 0 -1
    outer loop
      vertex 116.998 36.34 0
      vertex 114.4 37.84 0
      vertex 116.78 36.6663 0
    endloop
  endfacet
  facet normal 0 0 -1
    outer loop
      vertex 114.4 0 0
      vertex 116.226 0.61994 0
      vertex 115.9 0.401923 0
    endloop
  endfacet
  facet normal 0 0 -1
    outer loop
      vertex 116.78 36.6663 0
      vertex 114.4 37.84 0
      vertex 116.521 36.9613 0
    endloop
  endfacet
  facet normal 0 0 -1
    outer loop
      vertex 114.4 0 0
      vertex 115.9 0.401923 0
      vertex 115.548 0.228361 0
    endloop
  endfacet
  facet normal 0 0 -1
    outer loop
      vertex 116.521 36.9613 0
      vertex 114.4 37.84 0
      vertex 116.226 37.2201 0
    endloop
  endfacet
  facet normal 0 0 -1
    outer loop
      vertex 114.4 0 0
      vertex 115.548 0.228361 0
      vertex 115.176 0.102222 0
    endloop
  endfacet
  facet normal 0 0 -1
    outer loop
      vertex 116.226 37.2201 0
      vertex 114.4 37.84 0
      vertex 115.9 37.4381 0
    endloop
  endfacet
  facet normal 0 0 -1
    outer loop
      vertex 114.4 0 0
      vertex 115.176 0.102222 0
      vertex 114.792 0.0256653 0
    endloop
  endfacet
  facet normal 0 0 -1
    outer loop
      vertex 115.9 37.4381 0
      vertex 114.4 37.84 0
      vertex 115.548 37.6116 0
    endloop
  endfacet
  facet normal 0 0 -1
    outer loop
      vertex 115.548 37.6116 0
      vertex 114.4 37.84 0
      vertex 115.176 37.7378 0
    endloop
  endfacet
  facet normal 0 0 -1
    outer loop
      vertex 115.176 37.7378 0
      vertex 114.4 37.84 0
      vertex 114.792 37.8143 0
    endloop
  endfacet
  facet normal 0 0 -1
    outer loop
      vertex 114.4 0 0
      vertex 73.7 9.92 0
      vertex 114.4 37.84 0
    endloop
  endfacet
  facet normal 0 0 -1
    outer loop
      vertex 114.4 0 0
      vertex 43.7 9.92 0
      vertex 73.7 9.92 0
    endloop
  endfacet
  facet normal -0 0 -1
    outer loop
      vertex 43.7 9.92 0
      vertex 3 0 0
      vertex 43.7 27.92 0
    endloop
  endfacet
  facet normal 0 0 -1
    outer loop
      vertex 3 0 0
      vertex 43.7 9.92 0
      vertex 114.4 0 0
    endloop
  endfacet
  facet normal 0 0 -1
    outer loop
      vertex 73.7 27.92 0
      vertex 114.4 37.84 0
      vertex 73.7 9.92 0
    endloop
  endfacet
  facet normal 0 0 -1
    outer loop
      vertex 43.7 27.92 0
      vertex 114.4 37.84 0
      vertex 73.7 27.92 0
    endloop
  endfacet
  facet normal 0 0 -1
    outer loop
      vertex 43.7 27.92 0
      vertex 3 37.84 0
      vertex 114.4 37.84 0
    endloop
  endfacet
  facet normal 0 0 -1
    outer loop
      vertex 3 0 0
      vertex 3 37.84 0
      vertex 43.7 27.92 0
    endloop
  endfacet
  facet normal 0 0 -1
    outer loop
      vertex 0 3 0
      vertex 3 0 0
      vertex 2.60842 0.0256653 0
    endloop
  endfacet
  facet normal 0 0 -1
    outer loop
      vertex 3 0 0
      vertex 0 3 0
      vertex 3 37.84 0
    endloop
  endfacet
  facet normal 0 0 -1
    outer loop
      vertex 0 3 0
      vertex 2.60842 0.0256653 0
      vertex 2.22354 0.102222 0
    endloop
  endfacet
  facet normal 0 0 -1
    outer loop
      vertex 0 34.84 0
      vertex 3 37.84 0
      vertex 0 3 0
    endloop
  endfacet
  facet normal 0 0 -1
    outer loop
      vertex 0 3 0
      vertex 2.22354 0.102222 0
      vertex 1.85195 0.228361 0
    endloop
  endfacet
  facet normal 0 0 -1
    outer loop
      vertex 3 37.84 0
      vertex 0 34.84 0
      vertex 2.60842 37.8143 0
    endloop
  endfacet
  facet normal 0 0 -1
    outer loop
      vertex 0 3 0
      vertex 1.85195 0.228361 0
      vertex 1.5 0.401923 0
    endloop
  endfacet
  facet normal 0 0 -1
    outer loop
      vertex 2.60842 37.8143 0
      vertex 0 34.84 0
      vertex 2.22354 37.7378 0
    endloop
  endfacet
  facet normal 0 0 -1
    outer loop
      vertex 0 3 0
      vertex 1.5 0.401923 0
      vertex 1.17372 0.61994 0
    endloop
  endfacet
  facet normal 0 0 -1
    outer loop
      vertex 2.22354 37.7378 0
      vertex 0 34.84 0
      vertex 1.85195 37.6116 0
    endloop
  endfacet
  facet normal 0 0 -1
    outer loop
      vertex 0 3 0
      vertex 1.17372 0.61994 0
      vertex 0.878679 0.878679 0
    endloop
  endfacet
  facet normal 0 0 -1
    outer loop
      vertex 1.85195 37.6116 0
      vertex 0 34.84 0
      vertex 1.5 37.4381 0
    endloop
  endfacet
  facet normal 0 0 -1
    outer loop
      vertex 0 3 0
      vertex 0.878679 0.878679 0
      vertex 0.61994 1.17372 0
    endloop
  endfacet
  facet normal 0 0 -1
    outer loop
      vertex 1.5 37.4381 0
      vertex 0 34.84 0
      vertex 1.17372 37.2201 0
    endloop
  endfacet
  facet normal 0 0 -1
    outer loop
      vertex 0 3 0
      vertex 0.61994 1.17372 0
      vertex 0.401923 1.5 0
    endloop
  endfacet
  facet normal 0 0 -1
    outer loop
      vertex 1.17372 37.2201 0
      vertex 0 34.84 0
      vertex 0.878679 36.9613 0
    endloop
  endfacet
  facet normal 0 0 -1
    outer loop
      vertex 0 3 0
      vertex 0.401923 1.5 0
      vertex 0.228361 1.85195 0
    endloop
  endfacet
  facet normal 0 0 -1
    outer loop
      vertex 0.878679 36.9613 0
      vertex 0 34.84 0
      vertex 0.61994 36.6663 0
    endloop
  endfacet
  facet normal 0 0 -1
    outer loop
      vertex 0 3 0
      vertex 0.228361 1.85195 0
      vertex 0.102222 2.22354 0
    endloop
  endfacet
  facet normal 0 0 -1
    outer loop
      vertex 0.61994 36.6663 0
      vertex 0 34.84 0
      vertex 0.401923 36.34 0
    endloop
  endfacet
  facet normal 0 0 -1
    outer loop
      vertex 0 3 0
      vertex 0.102222 2.22354 0
      vertex 0.0256653 2.60842 0
    endloop
  endfacet
  facet normal 0 0 -1
    outer loop
      vertex 0.401923 36.34 0
      vertex 0 34.84 0
      vertex 0.228361 35.988 0
    endloop
  endfacet
  facet normal 0 0 -1
    outer loop
      vertex 0.228361 35.988 0
      vertex 0 34.84 0
      vertex 0.102222 35.6165 0
    endloop
  endfacet
  facet normal 0 0 -1
    outer loop
      vertex 0.102222 35.6165 0
      vertex 0 34.84 0
      vertex 0.0256653 35.2316 0
    endloop
  endfacet
  facet normal 0.321124 -0.947037 0
    outer loop
      vertex 115.176 0.102222 0
      vertex 115.548 0.228361 10.8
      vertex 115.176 0.102222 10.8
    endloop
  endfacet
  facet normal 0.321124 -0.947037 0
    outer loop
      vertex 115.548 0.228361 10.8
      vertex 115.176 0.102222 0
      vertex 115.548 0.228361 0
    endloop
  endfacet
  facet normal 0.65939 -0.751801 0
    outer loop
      vertex 116.226 0.61994 0
      vertex 116.521 0.878679 10.8
      vertex 116.226 0.61994 10.8
    endloop
  endfacet
  facet normal 0.65939 -0.751801 0
    outer loop
      vertex 116.521 0.878679 10.8
      vertex 116.226 0.61994 0
      vertex 116.521 0.878679 0
    endloop
  endfacet
  facet normal -0.997859 0.0653993 0
    outer loop
      vertex 0 34.84 0
      vertex 0.0256653 35.2316 10.8
      vertex 0.0256653 35.2316 0
    endloop
  endfacet
  facet normal -0.997859 0.0653993 0
    outer loop
      vertex 0.0256653 35.2316 10.8
      vertex 0 34.84 0
      vertex 0 34.84 10.8
    endloop
  endfacet
  facet normal -0.659426 0.751769 0
    outer loop
      vertex 1.17372 37.2201 0
      vertex 0.878679 36.9613 10.8
      vertex 1.17372 37.2201 10.8
    endloop
  endfacet
  facet normal -0.659426 0.751769 0
    outer loop
      vertex 0.878679 36.9613 10.8
      vertex 1.17372 37.2201 0
      vertex 0.878679 36.9613 0
    endloop
  endfacet
  facet normal 0.0653328 -0.997864 0
    outer loop
      vertex 114.4 0 0
      vertex 114.792 0.0256653 10.8
      vertex 114.4 0 10.8
    endloop
  endfacet
  facet normal 0.0653328 -0.997864 0
    outer loop
      vertex 114.792 0.0256653 10.8
      vertex 114.4 0 0
      vertex 114.792 0.0256653 0
    endloop
  endfacet
  facet normal 0.195379 0.980728 -0
    outer loop
      vertex 115.176 37.7378 0
      vertex 114.792 37.8143 10.8
      vertex 115.176 37.7378 10.8
    endloop
  endfacet
  facet normal 0.195379 0.980728 0
    outer loop
      vertex 114.792 37.8143 10.8
      vertex 115.176 37.7378 0
      vertex 114.792 37.8143 0
    endloop
  endfacet
  facet normal 0.555877 0.831265 -0
    outer loop
      vertex 116.226 37.2201 0
      vertex 115.9 37.4381 10.8
      vertex 116.226 37.2201 10.8
    endloop
  endfacet
  facet normal 0.555877 0.831265 0
    outer loop
      vertex 115.9 37.4381 10.8
      vertex 116.226 37.2201 0
      vertex 115.9 37.4381 0
    endloop
  endfacet
  facet normal -0.0654906 0.997853 0
    outer loop
      vertex 3 37.84 0
      vertex 2.60842 37.8143 10.8
      vertex 3 37.84 10.8
    endloop
  endfacet
  facet normal -0.0654906 0.997853 0
    outer loop
      vertex 2.60842 37.8143 10.8
      vertex 3 37.84 0
      vertex 2.60842 37.8143 0
    endloop
  endfacet
  facet normal 0.947037 -0.321125 0
    outer loop
      vertex 117.172 1.85195 10.8
      vertex 117.298 2.22354 0
      vertex 117.298 2.22354 10.8
    endloop
  endfacet
  facet normal 0.947037 -0.321125 0
    outer loop
      vertex 117.298 2.22354 0
      vertex 117.172 1.85195 10.8
      vertex 117.172 1.85195 0
    endloop
  endfacet
  facet normal -0.321442 -0.946929 0
    outer loop
      vertex 1.85195 0.228361 0
      vertex 2.22354 0.102222 10.8
      vertex 1.85195 0.228361 10.8
    endloop
  endfacet
  facet normal -0.321442 -0.946929 -0
    outer loop
      vertex 2.22354 0.102222 10.8
      vertex 1.85195 0.228361 0
      vertex 2.22354 0.102222 0
    endloop
  endfacet
  facet normal -0.896898 0.442237 0
    outer loop
      vertex 0.228361 35.988 0
      vertex 0.401923 36.34 10.8
      vertex 0.401923 36.34 0
    endloop
  endfacet
  facet normal -0.896898 0.442237 0
    outer loop
      vertex 0.401923 36.34 10.8
      vertex 0.228361 35.988 0
      vertex 0.228361 35.988 10.8
    endloop
  endfacet
  facet normal -0.19495 0.980813 0
    outer loop
      vertex 2.60842 37.8143 0
      vertex 2.22354 37.7378 10.8
      vertex 2.60842 37.8143 10.8
    endloop
  endfacet
  facet normal -0.19495 0.980813 0
    outer loop
      vertex 2.22354 37.7378 10.8
      vertex 2.60842 37.8143 0
      vertex 2.22354 37.7378 0
    endloop
  endfacet
  facet normal 0.831485 -0.555547 0
    outer loop
      vertex 116.78 1.17372 10.8
      vertex 116.998 1.5 0
      vertex 116.998 1.5 10.8
    endloop
  endfacet
  facet normal 0.831485 -0.555547 0
    outer loop
      vertex 116.998 1.5 0
      vertex 116.78 1.17372 10.8
      vertex 116.78 1.17372 0
    endloop
  endfacet
  facet normal 0.896455 0.443134 0
    outer loop
      vertex 117.172 35.988 10.8
      vertex 116.998 36.34 0
      vertex 116.998 36.34 10.8
    endloop
  endfacet
  facet normal 0.896455 0.443134 0
    outer loop
      vertex 116.998 36.34 0
      vertex 117.172 35.988 10.8
      vertex 117.172 35.988 0
    endloop
  endfacet
  facet normal -0.555577 -0.831465 0
    outer loop
      vertex 1.17372 0.61994 0
      vertex 1.5 0.401923 10.8
      vertex 1.17372 0.61994 10.8
    endloop
  endfacet
  facet normal -0.555577 -0.831465 -0
    outer loop
      vertex 1.5 0.401923 10.8
      vertex 1.17372 0.61994 0
      vertex 1.5 0.401923 0
    endloop
  endfacet
  facet normal 0.0654208 0.997858 -0
    outer loop
      vertex 114.792 37.8143 0
      vertex 114.4 37.84 10.8
      vertex 114.792 37.8143 10.8
    endloop
  endfacet
  facet normal 0.0654208 0.997858 0
    outer loop
      vertex 114.4 37.84 10.8
      vertex 114.792 37.8143 0
      vertex 114.4 37.84 0
    endloop
  endfacet
  facet normal 0.751471 0.659766 0
    outer loop
      vertex 116.78 36.6663 10.8
      vertex 116.521 36.9613 0
      vertex 116.521 36.9613 10.8
    endloop
  endfacet
  facet normal 0.751471 0.659766 0
    outer loop
      vertex 116.521 36.9613 0
      vertex 116.78 36.6663 10.8
      vertex 116.78 36.6663 0
    endloop
  endfacet
  facet normal 0.44211 0.896961 -0
    outer loop
      vertex 115.9 37.4381 0
      vertex 115.548 37.6116 10.8
      vertex 115.9 37.4381 10.8
    endloop
  endfacet
  facet normal 0.44211 0.896961 0
    outer loop
      vertex 115.548 37.6116 10.8
      vertex 115.9 37.4381 0
      vertex 115.548 37.6116 0
    endloop
  endfacet
  facet normal -0.980788 0.195079 0
    outer loop
      vertex 0.0256653 35.2316 0
      vertex 0.102222 35.6165 10.8
      vertex 0.102222 35.6165 0
    endloop
  endfacet
  facet normal -0.980788 0.195079 0
    outer loop
      vertex 0.102222 35.6165 10.8
      vertex 0.0256653 35.2316 0
      vertex 0.0256653 35.2316 10.8
    endloop
  endfacet
  facet normal -0.44216 0.896936 0
    outer loop
      vertex 1.85195 37.6116 0
      vertex 1.5 37.4381 10.8
      vertex 1.85195 37.6116 10.8
    endloop
  endfacet
  facet normal -0.44216 0.896936 0
    outer loop
      vertex 1.5 37.4381 10.8
      vertex 1.85195 37.6116 0
      vertex 1.5 37.4381 0
    endloop
  endfacet
  facet normal -0.321582 0.946882 0
    outer loop
      vertex 2.22354 37.7378 0
      vertex 1.85195 37.6116 10.8
      vertex 2.22354 37.7378 10.8
    endloop
  endfacet
  facet normal -0.321582 0.946882 0
    outer loop
      vertex 1.85195 37.6116 10.8
      vertex 2.22354 37.7378 0
      vertex 1.85195 37.6116 0
    endloop
  endfacet
  facet normal -0.442288 -0.896873 0
    outer loop
      vertex 1.5 0.401923 0
      vertex 1.85195 0.228361 10.8
      vertex 1.5 0.401923 10.8
    endloop
  endfacet
  facet normal -0.442288 -0.896873 -0
    outer loop
      vertex 1.85195 0.228361 10.8
      vertex 1.5 0.401923 0
      vertex 1.85195 0.228361 0
    endloop
  endfacet
  facet normal 0.947013 0.321194 0
    outer loop
      vertex 117.298 35.6165 10.8
      vertex 117.172 35.988 0
      vertex 117.172 35.988 10.8
    endloop
  endfacet
  facet normal 0.947013 0.321194 0
    outer loop
      vertex 117.172 35.988 0
      vertex 117.298 35.6165 10.8
      vertex 117.298 35.6165 0
    endloop
  endfacet
  facet normal 0.981058 0.193714 0
    outer loop
      vertex 117.374 35.2316 10.8
      vertex 117.298 35.6165 0
      vertex 117.298 35.6165 10.8
    endloop
  endfacet
  facet normal 0.981058 0.193714 0
    outer loop
      vertex 117.298 35.6165 0
      vertex 117.374 35.2316 10.8
      vertex 117.374 35.2316 0
    endloop
  endfacet
  facet normal 0.89643 -0.443185 0
    outer loop
      vertex 116.998 1.5 10.8
      vertex 117.172 1.85195 0
      vertex 117.172 1.85195 10.8
    endloop
  endfacet
  facet normal 0.89643 -0.443185 0
    outer loop
      vertex 117.172 1.85195 0
      vertex 116.998 1.5 10.8
      vertex 116.998 1.5 0
    endloop
  endfacet
  facet normal -0.751846 -0.659339 0
    outer loop
      vertex 0.878679 0.878679 0
      vertex 0.61994 1.17372 10.8
      vertex 0.61994 1.17372 0
    endloop
  endfacet
  facet normal -0.751846 -0.659339 0
    outer loop
      vertex 0.61994 1.17372 10.8
      vertex 0.878679 0.878679 0
      vertex 0.878679 0.878679 10.8
    endloop
  endfacet
  facet normal -0.831465 -0.555577 0
    outer loop
      vertex 0.61994 1.17372 0
      vertex 0.401923 1.5 10.8
      vertex 0.401923 1.5 0
    endloop
  endfacet
  facet normal -0.831465 -0.555577 0
    outer loop
      vertex 0.401923 1.5 10.8
      vertex 0.61994 1.17372 0
      vertex 0.61994 1.17372 10.8
    endloop
  endfacet
  facet normal -0.997859 -0.0654026 0
    outer loop
      vertex 0.0256653 2.60842 0
      vertex 0 3 10.8
      vertex 0 3 0
    endloop
  endfacet
  facet normal -0.997859 -0.0654026 0
    outer loop
      vertex 0 3 10.8
      vertex 0.0256653 2.60842 0
      vertex 0.0256653 2.60842 10.8
    endloop
  endfacet
  facet normal 0.831501 0.555523 0
    outer loop
      vertex 116.998 36.34 10.8
      vertex 116.78 36.6663 0
      vertex 116.78 36.6663 10.8
    endloop
  endfacet
  facet normal 0.831501 0.555523 0
    outer loop
      vertex 116.78 36.6663 0
      vertex 116.998 36.34 10.8
      vertex 116.998 36.34 0
    endloop
  endfacet
  facet normal -0.896873 -0.442288 0
    outer loop
      vertex 0.401923 1.5 0
      vertex 0.228361 1.85195 10.8
      vertex 0.228361 1.85195 0
    endloop
  endfacet
  facet normal -0.896873 -0.442288 0
    outer loop
      vertex 0.228361 1.85195 10.8
      vertex 0.401923 1.5 0
      vertex 0.401923 1.5 10.8
    endloop
  endfacet
  facet normal 0.659478 0.751724 -0
    outer loop
      vertex 116.521 36.9613 0
      vertex 116.226 37.2201 10.8
      vertex 116.521 36.9613 10.8
    endloop
  endfacet
  facet normal 0.659478 0.751724 0
    outer loop
      vertex 116.226 37.2201 10.8
      vertex 116.521 36.9613 0
      vertex 116.226 37.2201 0
    endloop
  endfacet
  facet normal -0.980786 -0.195089 0
    outer loop
      vertex 0.102222 2.22354 0
      vertex 0.0256653 2.60842 10.8
      vertex 0.0256653 2.60842 0
    endloop
  endfacet
  facet normal -0.980786 -0.195089 0
    outer loop
      vertex 0.0256653 2.60842 10.8
      vertex 0.102222 2.22354 0
      vertex 0.102222 2.22354 10.8
    endloop
  endfacet
  facet normal -0.946929 -0.321442 0
    outer loop
      vertex 0.228361 1.85195 0
      vertex 0.102222 2.22354 10.8
      vertex 0.102222 2.22354 0
    endloop
  endfacet
  facet normal -0.946929 -0.321442 0
    outer loop
      vertex 0.102222 2.22354 10.8
      vertex 0.228361 1.85195 0
      vertex 0.228361 1.85195 10.8
    endloop
  endfacet
  facet normal 0 0 1
    outer loop
      vertex 114.365 33.89 10.8
      vertex 117.4 34.84 10.8
      vertex 117.374 35.2316 10.8
    endloop
  endfacet
  facet normal 0 0 1
    outer loop
      vertex 117.4 34.84 10.8
      vertex 114.7 32.64 10.8
      vertex 117.4 3 10.8
    endloop
  endfacet
  facet normal 0 0 1
    outer loop
      vertex 114.183 34.1619 10.8
      vertex 117.374 35.2316 10.8
      vertex 117.298 35.6165 10.8
    endloop
  endfacet
  facet normal -0 0 1
    outer loop
      vertex 114.7 5.2 10.8
      vertex 117.4 3 10.8
      vertex 114.7 32.64 10.8
    endloop
  endfacet
  facet normal 0 0 1
    outer loop
      vertex 114.183 34.1619 10.8
      vertex 117.298 35.6165 10.8
      vertex 117.172 35.988 10.8
    endloop
  endfacet
  facet normal -0 0 1
    outer loop
      vertex 114.679 4.87368 10.8
      vertex 117.4 3 10.8
      vertex 114.7 5.2 10.8
    endloop
  endfacet
  facet normal 0 0 1
    outer loop
      vertex 114.183 34.1619 10.8
      vertex 117.172 35.988 10.8
      vertex 116.998 36.34 10.8
    endloop
  endfacet
  facet normal -0 0 1
    outer loop
      vertex 114.615 4.55295 10.8
      vertex 117.4 3 10.8
      vertex 114.679 4.87368 10.8
    endloop
  endfacet
  facet normal 0 0 1
    outer loop
      vertex 113.968 34.4078 10.8
      vertex 116.998 36.34 10.8
      vertex 116.78 36.6663 10.8
    endloop
  endfacet
  facet normal -0 0 1
    outer loop
      vertex 114.51 4.24329 10.8
      vertex 117.4 3 10.8
      vertex 114.615 4.55295 10.8
    endloop
  endfacet
  facet normal 0 0 1
    outer loop
      vertex 113.968 34.4078 10.8
      vertex 116.78 36.6663 10.8
      vertex 116.521 36.9613 10.8
    endloop
  endfacet
  facet normal -0 0 1
    outer loop
      vertex 114.365 3.95 10.8
      vertex 117.4 3 10.8
      vertex 114.51 4.24329 10.8
    endloop
  endfacet
  facet normal 0 0 1
    outer loop
      vertex 113.968 34.4078 10.8
      vertex 116.521 36.9613 10.8
      vertex 116.226 37.2201 10.8
    endloop
  endfacet
  facet normal 0 0 1
    outer loop
      vertex 117.4 3 10.8
      vertex 114.365 3.95 10.8
      vertex 117.374 2.60842 10.8
    endloop
  endfacet
  facet normal 0 0 1
    outer loop
      vertex 113.968 34.4078 10.8
      vertex 116.226 37.2201 10.8
      vertex 115.9 37.4381 10.8
    endloop
  endfacet
  facet normal -0 0 1
    outer loop
      vertex 114.183 3.6781 10.8
      vertex 117.374 2.60842 10.8
      vertex 114.365 3.95 10.8
    endloop
  endfacet
  facet normal 0 0 1
    outer loop
      vertex 113.722 34.6234 10.8
      vertex 115.9 37.4381 10.8
      vertex 115.548 37.6116 10.8
    endloop
  endfacet
  facet normal 0 0 1
    outer loop
      vertex 117.374 2.60842 10.8
      vertex 114.183 3.6781 10.8
      vertex 117.298 2.22354 10.8
    endloop
  endfacet
  facet normal 0 0 1
    outer loop
      vertex 113.722 34.6234 10.8
      vertex 115.548 37.6116 10.8
      vertex 115.176 37.7378 10.8
    endloop
  endfacet
  facet normal 0 0 1
    outer loop
      vertex 117.298 2.22354 10.8
      vertex 114.183 3.6781 10.8
      vertex 117.172 1.85195 10.8
    endloop
  endfacet
  facet normal 0 0 1
    outer loop
      vertex 113.722 34.6234 10.8
      vertex 115.176 37.7378 10.8
      vertex 114.792 37.8143 10.8
    endloop
  endfacet
  facet normal 0 0 1
    outer loop
      vertex 117.172 1.85195 10.8
      vertex 114.183 3.6781 10.8
      vertex 116.998 1.5 10.8
    endloop
  endfacet
  facet normal -0 0 1
    outer loop
      vertex 113.968 3.43223 10.8
      vertex 116.998 1.5 10.8
      vertex 114.183 3.6781 10.8
    endloop
  endfacet
  facet normal 0 0 1
    outer loop
      vertex 117.4 34.84 10.8
      vertex 114.679 32.9663 10.8
      vertex 114.7 32.64 10.8
    endloop
  endfacet
  facet normal 0 0 1
    outer loop
      vertex 117.4 34.84 10.8
      vertex 114.615 33.287 10.8
      vertex 114.679 32.9663 10.8
    endloop
  endfacet
  facet normal 0 0 1
    outer loop
      vertex 117.4 34.84 10.8
      vertex 114.51 33.5967 10.8
      vertex 114.615 33.287 10.8
    endloop
  endfacet
  facet normal 0 0 1
    outer loop
      vertex 113.45 34.8051 10.8
      vertex 114.792 37.8143 10.8
      vertex 114.4 37.84 10.8
    endloop
  endfacet
  facet normal 0 0 1
    outer loop
      vertex 117.4 34.84 10.8
      vertex 114.365 33.89 10.8
      vertex 114.51 33.5967 10.8
    endloop
  endfacet
  facet normal 0 0 1
    outer loop
      vertex 117.374 35.2316 10.8
      vertex 114.183 34.1619 10.8
      vertex 114.365 33.89 10.8
    endloop
  endfacet
  facet normal 0 0 1
    outer loop
      vertex 116.998 36.34 10.8
      vertex 113.968 34.4078 10.8
      vertex 114.183 34.1619 10.8
    endloop
  endfacet
  facet normal 0 0 1
    outer loop
      vertex 115.9 37.4381 10.8
      vertex 113.722 34.6234 10.8
      vertex 113.968 34.4078 10.8
    endloop
  endfacet
  facet normal 0 0 1
    outer loop
      vertex 114.792 37.8143 10.8
      vertex 113.45 34.8051 10.8
      vertex 113.722 34.6234 10.8
    endloop
  endfacet
  facet normal 0 0 1
    outer loop
      vertex 114.4 37.84 10.8
      vertex 113.157 34.9497 10.8
      vertex 113.45 34.8051 10.8
    endloop
  endfacet
  facet normal 0 0 1
    outer loop
      vertex 114.4 37.84 10.8
      vertex 112.847 35.0548 10.8
      vertex 113.157 34.9497 10.8
    endloop
  endfacet
  facet normal 0 0 1
    outer loop
      vertex 114.4 37.84 10.8
      vertex 112.526 35.1186 10.8
      vertex 112.847 35.0548 10.8
    endloop
  endfacet
  facet normal 0 0 1
    outer loop
      vertex 114.4 37.84 10.8
      vertex 112.2 35.14 10.8
      vertex 112.526 35.1186 10.8
    endloop
  endfacet
  facet normal 0 0 1
    outer loop
      vertex 114.4 37.84 10.8
      vertex 5.2 35.14 10.8
      vertex 112.2 35.14 10.8
    endloop
  endfacet
  facet normal -0 0 1
    outer loop
      vertex 3 37.84 10.8
      vertex 5.2 35.14 10.8
      vertex 114.4 37.84 10.8
    endloop
  endfacet
  facet normal 0 0 1
    outer loop
      vertex 3 37.84 10.8
      vertex 4.87368 35.1186 10.8
      vertex 5.2 35.14 10.8
    endloop
  endfacet
  facet normal 0 0 1
    outer loop
      vertex 3 37.84 10.8
      vertex 4.55295 35.0548 10.8
      vertex 4.87368 35.1186 10.8
    endloop
  endfacet
  facet normal 0 0 1
    outer loop
      vertex 3 37.84 10.8
      vertex 4.24329 34.9497 10.8
      vertex 4.55295 35.0548 10.8
    endloop
  endfacet
  facet normal 0 0 1
    outer loop
      vertex 3 37.84 10.8
      vertex 3.95 34.8051 10.8
      vertex 4.24329 34.9497 10.8
    endloop
  endfacet
  facet normal -0 0 1
    outer loop
      vertex 2.60842 37.8143 10.8
      vertex 3.95 34.8051 10.8
      vertex 3 37.84 10.8
    endloop
  endfacet
  facet normal 0 0 1
    outer loop
      vertex 3.95 34.8051 10.8
      vertex 2.60842 37.8143 10.8
      vertex 3.6781 34.6234 10.8
    endloop
  endfacet
  facet normal -0 0 1
    outer loop
      vertex 2.22354 37.7378 10.8
      vertex 3.6781 34.6234 10.8
      vertex 2.60842 37.8143 10.8
    endloop
  endfacet
  facet normal -0 0 1
    outer loop
      vertex 1.85195 37.6116 10.8
      vertex 3.6781 34.6234 10.8
      vertex 2.22354 37.7378 10.8
    endloop
  endfacet
  facet normal -0 0 1
    outer loop
      vertex 1.5 37.4381 10.8
      vertex 3.6781 34.6234 10.8
      vertex 1.85195 37.6116 10.8
    endloop
  endfacet
  facet normal 0 0 1
    outer loop
      vertex 3.6781 34.6234 10.8
      vertex 1.5 37.4381 10.8
      vertex 3.43223 34.4078 10.8
    endloop
  endfacet
  facet normal -0 0 1
    outer loop
      vertex 1.17372 37.2201 10.8
      vertex 3.43223 34.4078 10.8
      vertex 1.5 37.4381 10.8
    endloop
  endfacet
  facet normal -0 0 1
    outer loop
      vertex 0.878679 36.9613 10.8
      vertex 3.43223 34.4078 10.8
      vertex 1.17372 37.2201 10.8
    endloop
  endfacet
  facet normal -0 0 1
    outer loop
      vertex 0.401923 36.34 10.8
      vertex 3.43223 34.4078 10.8
      vertex 0.61994 36.6663 10.8
    endloop
  endfacet
  facet normal -0 0 1
    outer loop
      vertex 0.61994 36.6663 10.8
      vertex 3.43223 34.4078 10.8
      vertex 0.878679 36.9613 10.8
    endloop
  endfacet
  facet normal 0 0 1
    outer loop
      vertex 116.998 1.5 10.8
      vertex 113.968 3.43223 10.8
      vertex 116.78 1.17372 10.8
    endloop
  endfacet
  facet normal 0 0 1
    outer loop
      vertex 116.78 1.17372 10.8
      vertex 113.968 3.43223 10.8
      vertex 116.521 0.878679 10.8
    endloop
  endfacet
  facet normal 0 0 1
    outer loop
      vertex 116.521 0.878679 10.8
      vertex 113.968 3.43223 10.8
      vertex 116.226 0.61994 10.8
    endloop
  endfacet
  facet normal 0 0 1
    outer loop
      vertex 116.226 0.61994 10.8
      vertex 113.968 3.43223 10.8
      vertex 115.9 0.401923 10.8
    endloop
  endfacet
  facet normal -0 0 1
    outer loop
      vertex 113.722 3.21662 10.8
      vertex 115.9 0.401923 10.8
      vertex 113.968 3.43223 10.8
    endloop
  endfacet
  facet normal 0 0 1
    outer loop
      vertex 115.9 0.401923 10.8
      vertex 113.722 3.21662 10.8
      vertex 115.548 0.228361 10.8
    endloop
  endfacet
  facet normal 0 0 1
    outer loop
      vertex 115.548 0.228361 10.8
      vertex 113.722 3.21662 10.8
      vertex 115.176 0.102222 10.8
    endloop
  endfacet
  facet normal 0 0 1
    outer loop
      vertex 115.176 0.102222 10.8
      vertex 113.722 3.21662 10.8
      vertex 114.792 0.0256653 10.8
    endloop
  endfacet
  facet normal -0 0 1
    outer loop
      vertex 113.45 3.03494 10.8
      vertex 114.792 0.0256653 10.8
      vertex 113.722 3.21662 10.8
    endloop
  endfacet
  facet normal 0 0 1
    outer loop
      vertex 114.792 0.0256653 10.8
      vertex 113.45 3.03494 10.8
      vertex 114.4 0 10.8
    endloop
  endfacet
  facet normal -0 0 1
    outer loop
      vertex 113.157 2.8903 10.8
      vertex 114.4 0 10.8
      vertex 113.45 3.03494 10.8
    endloop
  endfacet
  facet normal -0 0 1
    outer loop
      vertex 112.847 2.78518 10.8
      vertex 114.4 0 10.8
      vertex 113.157 2.8903 10.8
    endloop
  endfacet
  facet normal -0 0 1
    outer loop
      vertex 112.526 2.72139 10.8
      vertex 114.4 0 10.8
      vertex 112.847 2.78518 10.8
    endloop
  endfacet
  facet normal -0 0 1
    outer loop
      vertex 112.2 2.7 10.8
      vertex 114.4 0 10.8
      vertex 112.526 2.72139 10.8
    endloop
  endfacet
  facet normal -0 0 1
    outer loop
      vertex 5.2 2.7 10.8
      vertex 114.4 0 10.8
      vertex 112.2 2.7 10.8
    endloop
  endfacet
  facet normal 0 0 1
    outer loop
      vertex 5.2 2.7 10.8
      vertex 3 0 10.8
      vertex 114.4 0 10.8
    endloop
  endfacet
  facet normal 0 0 1
    outer loop
      vertex 4.87368 2.72139 10.8
      vertex 3 0 10.8
      vertex 5.2 2.7 10.8
    endloop
  endfacet
  facet normal 0 0 1
    outer loop
      vertex 4.55295 2.78518 10.8
      vertex 3 0 10.8
      vertex 4.87368 2.72139 10.8
    endloop
  endfacet
  facet normal 0 0 1
    outer loop
      vertex 4.24329 2.8903 10.8
      vertex 3 0 10.8
      vertex 4.55295 2.78518 10.8
    endloop
  endfacet
  facet normal 0 0 1
    outer loop
      vertex 3.95 3.03494 10.8
      vertex 3 0 10.8
      vertex 4.24329 2.8903 10.8
    endloop
  endfacet
  facet normal 0 0 1
    outer loop
      vertex 2.60842 0.0256653 10.8
      vertex 3.95 3.03494 10.8
      vertex 3.6781 3.21662 10.8
    endloop
  endfacet
  facet normal 0 0 1
    outer loop
      vertex 1.5 0.401923 10.8
      vertex 3.6781 3.21662 10.8
      vertex 3.43223 3.43223 10.8
    endloop
  endfacet
  facet normal 0 0 1
    outer loop
      vertex 0.401923 1.5 10.8
      vertex 3.43223 3.43223 10.8
      vertex 3.21662 3.6781 10.8
    endloop
  endfacet
  facet normal 0 0 1
    outer loop
      vertex 0.0256653 2.60842 10.8
      vertex 3.21662 3.6781 10.8
      vertex 3.03494 3.95 10.8
    endloop
  endfacet
  facet normal 0 0 1
    outer loop
      vertex 0 3 10.8
      vertex 3.03494 3.95 10.8
      vertex 2.8903 4.24329 10.8
    endloop
  endfacet
  facet normal 0 0 1
    outer loop
      vertex 0 3 10.8
      vertex 2.8903 4.24329 10.8
      vertex 2.78518 4.55295 10.8
    endloop
  endfacet
  facet normal 0 0 1
    outer loop
      vertex 0 3 10.8
      vertex 2.78518 4.55295 10.8
      vertex 2.72139 4.87368 10.8
    endloop
  endfacet
  facet normal 0 0 1
    outer loop
      vertex 0 3 10.8
      vertex 2.72139 4.87368 10.8
      vertex 2.7 5.2 10.8
    endloop
  endfacet
  facet normal 0 0 1
    outer loop
      vertex 3.95 3.03494 10.8
      vertex 2.60842 0.0256653 10.8
      vertex 3 0 10.8
    endloop
  endfacet
  facet normal 0 0 1
    outer loop
      vertex 2.7 32.64 10.8
      vertex 0 34.84 10.8
      vertex 2.7 5.2 10.8
    endloop
  endfacet
  facet normal 0 0 1
    outer loop
      vertex 3.43223 34.4078 10.8
      vertex 0.401923 36.34 10.8
      vertex 3.21662 34.1619 10.8
    endloop
  endfacet
  facet normal 0 0 1
    outer loop
      vertex 0 3 10.8
      vertex 2.7 5.2 10.8
      vertex 0 34.84 10.8
    endloop
  endfacet
  facet normal -0 0 1
    outer loop
      vertex 0.228361 35.988 10.8
      vertex 3.21662 34.1619 10.8
      vertex 0.401923 36.34 10.8
    endloop
  endfacet
  facet normal 0 0 1
    outer loop
      vertex 3.03494 3.95 10.8
      vertex 0 3 10.8
      vertex 0.0256653 2.60842 10.8
    endloop
  endfacet
  facet normal -0 0 1
    outer loop
      vertex 0.102222 35.6165 10.8
      vertex 3.21662 34.1619 10.8
      vertex 0.228361 35.988 10.8
    endloop
  endfacet
  facet normal 0 0 1
    outer loop
      vertex 3.6781 3.21662 10.8
      vertex 2.22354 0.102222 10.8
      vertex 2.60842 0.0256653 10.8
    endloop
  endfacet
  facet normal -0 0 1
    outer loop
      vertex 0.0256653 35.2316 10.8
      vertex 3.21662 34.1619 10.8
      vertex 0.102222 35.6165 10.8
    endloop
  endfacet
  facet normal 0 0 1
    outer loop
      vertex 3.6781 3.21662 10.8
      vertex 1.85195 0.228361 10.8
      vertex 2.22354 0.102222 10.8
    endloop
  endfacet
  facet normal 0 0 1
    outer loop
      vertex 3.21662 34.1619 10.8
      vertex 0.0256653 35.2316 10.8
      vertex 3.03494 33.89 10.8
    endloop
  endfacet
  facet normal 0 0 1
    outer loop
      vertex 3.6781 3.21662 10.8
      vertex 1.5 0.401923 10.8
      vertex 1.85195 0.228361 10.8
    endloop
  endfacet
  facet normal -0 0 1
    outer loop
      vertex 0 34.84 10.8
      vertex 3.03494 33.89 10.8
      vertex 0.0256653 35.2316 10.8
    endloop
  endfacet
  facet normal 0 0 1
    outer loop
      vertex 3.43223 3.43223 10.8
      vertex 1.17372 0.61994 10.8
      vertex 1.5 0.401923 10.8
    endloop
  endfacet
  facet normal 0 0 1
    outer loop
      vertex 3.03494 33.89 10.8
      vertex 0 34.84 10.8
      vertex 2.8903 33.5967 10.8
    endloop
  endfacet
  facet normal 0 0 1
    outer loop
      vertex 3.43223 3.43223 10.8
      vertex 0.878679 0.878679 10.8
      vertex 1.17372 0.61994 10.8
    endloop
  endfacet
  facet normal 0 0 1
    outer loop
      vertex 2.8903 33.5967 10.8
      vertex 0 34.84 10.8
      vertex 2.78518 33.287 10.8
    endloop
  endfacet
  facet normal 0 0 1
    outer loop
      vertex 3.43223 3.43223 10.8
      vertex 0.61994 1.17372 10.8
      vertex 0.878679 0.878679 10.8
    endloop
  endfacet
  facet normal 0 0 1
    outer loop
      vertex 2.78518 33.287 10.8
      vertex 0 34.84 10.8
      vertex 2.72139 32.9663 10.8
    endloop
  endfacet
  facet normal 0 0 1
    outer loop
      vertex 3.43223 3.43223 10.8
      vertex 0.401923 1.5 10.8
      vertex 0.61994 1.17372 10.8
    endloop
  endfacet
  facet normal 0 0 1
    outer loop
      vertex 2.72139 32.9663 10.8
      vertex 0 34.84 10.8
      vertex 2.7 32.64 10.8
    endloop
  endfacet
  facet normal 0 0 1
    outer loop
      vertex 3.21662 3.6781 10.8
      vertex 0.228361 1.85195 10.8
      vertex 0.401923 1.5 10.8
    endloop
  endfacet
  facet normal 0 0 1
    outer loop
      vertex 3.21662 3.6781 10.8
      vertex 0.102222 2.22354 10.8
      vertex 0.228361 1.85195 10.8
    endloop
  endfacet
  facet normal 0 0 1
    outer loop
      vertex 3.21662 3.6781 10.8
      vertex 0.0256653 2.60842 10.8
      vertex 0.102222 2.22354 10.8
    endloop
  endfacet
  facet normal -0.442556 -0.896741 0
    outer loop
      vertex 113.157 34.9497 2.2
      vertex 113.45 34.8051 10.8
      vertex 113.157 34.9497 10.8
    endloop
  endfacet
  facet normal -0.442556 -0.896741 -0
    outer loop
      vertex 113.45 34.8051 10.8
      vertex 113.157 34.9497 2.2
      vertex 113.45 34.8051 2.2
    endloop
  endfacet
  facet normal -1 0 0
    outer loop
      vertex 114.7 5.2 2.2
      vertex 114.7 32.64 10.8
      vertex 114.7 32.64 2.2
    endloop
  endfacet
  facet normal -1 -0 0
    outer loop
      vertex 114.7 32.64 10.8
      vertex 114.7 5.2 2.2
      vertex 114.7 5.2 10.8
    endloop
  endfacet
  facet normal -0.831014 0.556251 0
    outer loop
      vertex 114.183 3.6781 2.2
      vertex 114.365 3.95 10.8
      vertex 114.365 3.95 2.2
    endloop
  endfacet
  facet normal -0.831014 0.556251 0
    outer loop
      vertex 114.365 3.95 10.8
      vertex 114.183 3.6781 2.2
      vertex 114.183 3.6781 10.8
    endloop
  endfacet
  facet normal 0 -1 0
    outer loop
      vertex 5.2 35.14 2.2
      vertex 112.2 35.14 10.8
      vertex 5.2 35.14 10.8
    endloop
  endfacet
  facet normal 0 -1 -0
    outer loop
      vertex 112.2 35.14 10.8
      vertex 5.2 35.14 2.2
      vertex 112.2 35.14 2.2
    endloop
  endfacet
  facet normal 0.659307 -0.751873 0
    outer loop
      vertex 3.43223 34.4078 2.2
      vertex 3.6781 34.6234 10.8
      vertex 3.43223 34.4078 10.8
    endloop
  endfacet
  facet normal 0.659307 -0.751873 0
    outer loop
      vertex 3.6781 34.6234 10.8
      vertex 3.43223 34.4078 2.2
      vertex 3.6781 34.6234 2.2
    endloop
  endfacet
  facet normal 0.195069 0.980789 -0
    outer loop
      vertex 4.87368 2.72139 2.2
      vertex 4.55295 2.78518 10.8
      vertex 4.87368 2.72139 10.8
    endloop
  endfacet
  facet normal 0.195069 0.980789 0
    outer loop
      vertex 4.55295 2.78518 10.8
      vertex 4.87368 2.72139 2.2
      vertex 4.55295 2.78518 2.2
    endloop
  endfacet
  facet normal -0.752823 -0.658223 0
    outer loop
      vertex 114.183 34.1619 2.2
      vertex 113.968 34.4078 10.8
      vertex 113.968 34.4078 2.2
    endloop
  endfacet
  facet normal -0.752823 -0.658223 0
    outer loop
      vertex 113.968 34.4078 10.8
      vertex 114.183 34.1619 2.2
      vertex 114.183 34.1619 10.8
    endloop
  endfacet
  facet normal 0.0654392 -0.997857 0
    outer loop
      vertex 4.87368 35.1186 2.2
      vertex 5.2 35.14 10.8
      vertex 4.87368 35.1186 10.8
    endloop
  endfacet
  facet normal 0.0654392 -0.997857 0
    outer loop
      vertex 5.2 35.14 10.8
      vertex 4.87368 35.1186 2.2
      vertex 5.2 35.14 2.2
    endloop
  endfacet
  facet normal -0.194941 -0.980815 0
    outer loop
      vertex 112.526 35.1186 2.2
      vertex 112.847 35.0548 10.8
      vertex 112.526 35.1186 10.8
    endloop
  endfacet
  facet normal -0.194941 -0.980815 -0
    outer loop
      vertex 112.847 35.0548 10.8
      vertex 112.526 35.1186 2.2
      vertex 112.847 35.0548 2.2
    endloop
  endfacet
  facet normal -0.659128 0.752031 0
    outer loop
      vertex 113.968 3.43223 2.2
      vertex 113.722 3.21662 10.8
      vertex 113.968 3.43223 10.8
    endloop
  endfacet
  facet normal -0.659128 0.752031 0
    outer loop
      vertex 113.722 3.21662 10.8
      vertex 113.968 3.43223 2.2
      vertex 113.722 3.21662 2.2
    endloop
  endfacet
  facet normal 0.442302 0.896866 -0
    outer loop
      vertex 4.24329 2.8903 2.2
      vertex 3.95 3.03494 10.8
      vertex 4.24329 2.8903 10.8
    endloop
  endfacet
  facet normal 0.442302 0.896866 0
    outer loop
      vertex 3.95 3.03494 10.8
      vertex 4.24329 2.8903 2.2
      vertex 3.95 3.03494 2.2
    endloop
  endfacet
  facet normal 0.831466 -0.555575 0
    outer loop
      vertex 3.03494 33.89 10.8
      vertex 3.21662 34.1619 2.2
      vertex 3.21662 34.1619 10.8
    endloop
  endfacet
  facet normal 0.831466 -0.555575 0
    outer loop
      vertex 3.21662 34.1619 2.2
      vertex 3.03494 33.89 10.8
      vertex 3.03494 33.89 2.2
    endloop
  endfacet
  facet normal -0.0655032 -0.997852 0
    outer loop
      vertex 112.2 35.14 2.2
      vertex 112.526 35.1186 10.8
      vertex 112.2 35.14 10.8
    endloop
  endfacet
  facet normal -0.0655032 -0.997852 -0
    outer loop
      vertex 112.526 35.1186 10.8
      vertex 112.2 35.14 2.2
      vertex 112.526 35.1186 2.2
    endloop
  endfacet
  facet normal -0.831014 -0.556251 0
    outer loop
      vertex 114.365 33.89 2.2
      vertex 114.183 34.1619 10.8
      vertex 114.183 34.1619 2.2
    endloop
  endfacet
  facet normal -0.831014 -0.556251 0
    outer loop
      vertex 114.183 34.1619 10.8
      vertex 114.365 33.89 2.2
      vertex 114.365 33.89 10.8
    endloop
  endfacet
  facet normal 0.980789 0.195069 0
    outer loop
      vertex 2.78518 4.55295 10.8
      vertex 2.72139 4.87368 2.2
      vertex 2.72139 4.87368 10.8
    endloop
  endfacet
  facet normal 0.980789 0.195069 0
    outer loop
      vertex 2.72139 4.87368 2.2
      vertex 2.78518 4.55295 10.8
      vertex 2.78518 4.55295 2.2
    endloop
  endfacet
  facet normal -0.65911 -0.752046 0
    outer loop
      vertex 113.722 34.6234 2.2
      vertex 113.968 34.4078 10.8
      vertex 113.722 34.6234 10.8
    endloop
  endfacet
  facet normal -0.65911 -0.752046 -0
    outer loop
      vertex 113.968 34.4078 10.8
      vertex 113.722 34.6234 2.2
      vertex 113.968 34.4078 2.2
    endloop
  endfacet
  facet normal 0.0654088 0.997859 -0
    outer loop
      vertex 5.2 2.7 2.2
      vertex 4.87368 2.72139 10.8
      vertex 5.2 2.7 10.8
    endloop
  endfacet
  facet normal 0.0654088 0.997859 0
    outer loop
      vertex 4.87368 2.72139 10.8
      vertex 5.2 2.7 2.2
      vertex 4.87368 2.72139 2.2
    endloop
  endfacet
  facet normal -0.0654727 0.997854 0
    outer loop
      vertex 112.526 2.72139 2.2
      vertex 112.2 2.7 10.8
      vertex 112.526 2.72139 10.8
    endloop
  endfacet
  facet normal -0.0654727 0.997854 0
    outer loop
      vertex 112.2 2.7 10.8
      vertex 112.526 2.72139 2.2
      vertex 112.2 2.7 2.2
    endloop
  endfacet
  facet normal 0.195099 -0.980784 0
    outer loop
      vertex 4.55295 35.0548 2.2
      vertex 4.87368 35.1186 10.8
      vertex 4.55295 35.0548 10.8
    endloop
  endfacet
  facet normal 0.195099 -0.980784 0
    outer loop
      vertex 4.87368 35.1186 10.8
      vertex 4.55295 35.0548 2.2
      vertex 4.87368 35.1186 2.2
    endloop
  endfacet
  facet normal -0.980666 0.195687 0
    outer loop
      vertex 114.615 4.55295 2.2
      vertex 114.679 4.87368 10.8
      vertex 114.679 4.87368 2.2
    endloop
  endfacet
  facet normal -0.980666 0.195687 0
    outer loop
      vertex 114.679 4.87368 10.8
      vertex 114.615 4.55295 2.2
      vertex 114.615 4.55295 10.8
    endloop
  endfacet
  facet normal 0 0 1
    outer loop
      vertex 58.3727 18.2504 2.2
      vertex 61.1273 18.2504 2.2
      vertex 58.4526 18.37 2.2
    endloop
  endfacet
  facet normal 0 0 1
    outer loop
      vertex 61.1273 15.0896 2.2
      vertex 58.5906 14.5636 2.2
      vertex 58.6 14.42 2.2
    endloop
  endfacet
  facet normal 0 0 1
    outer loop
      vertex 61.1273 18.2504 2.2
      vertex 58.3727 18.2504 2.2
      vertex 61.2222 18.1422 2.2
    endloop
  endfacet
  facet normal 0 0 1
    outer loop
      vertex 61.1273 15.0896 2.2
      vertex 58.5625 14.7047 2.2
      vertex 58.5906 14.5636 2.2
    endloop
  endfacet
  facet normal 0 0 1
    outer loop
      vertex 58.2778 18.1422 2.2
      vertex 61.2222 18.1422 2.2
      vertex 58.3727 18.2504 2.2
    endloop
  endfacet
  facet normal 0 0 1
    outer loop
      vertex 61.1273 15.0896 2.2
      vertex 58.5163 14.841 2.2
      vertex 58.5625 14.7047 2.2
    endloop
  endfacet
  facet normal 0 0 1
    outer loop
      vertex 61.2222 18.1422 2.2
      vertex 58.2778 18.1422 2.2
      vertex 61.2222 15.1978 2.2
    endloop
  endfacet
  facet normal 0 0 1
    outer loop
      vertex 61.1273 15.0896 2.2
      vertex 58.4526 14.97 2.2
      vertex 58.5163 14.841 2.2
    endloop
  endfacet
  facet normal 0 0 1
    outer loop
      vertex 58.2778 15.1978 2.2
      vertex 61.2222 15.1978 2.2
      vertex 58.2778 18.1422 2.2
    endloop
  endfacet
  facet normal 0 0 1
    outer loop
      vertex 61.1273 15.0896 2.2
      vertex 58.3727 15.0896 2.2
      vertex 58.4526 14.97 2.2
    endloop
  endfacet
  facet normal 0 0 1
    outer loop
      vertex 61.2222 15.1978 2.2
      vertex 58.2778 15.1978 2.2
      vertex 61.1273 15.0896 2.2
    endloop
  endfacet
  facet normal 0 0 1
    outer loop
      vertex 61.1273 15.0896 2.2
      vertex 58.2778 15.1978 2.2
      vertex 58.3727 15.0896 2.2
    endloop
  endfacet
  facet normal -0 0 1
    outer loop
      vertex 58.1696 18.0473 2.2
      vertex 58.2778 15.1978 2.2
      vertex 58.2778 18.1422 2.2
    endloop
  endfacet
  facet normal 0 0 1
    outer loop
      vertex 58.1696 18.0473 2.2
      vertex 58.1696 15.2927 2.2
      vertex 58.2778 15.1978 2.2
    endloop
  endfacet
  facet normal -0 0 1
    outer loop
      vertex 58.05 17.9674 2.2
      vertex 58.1696 15.2927 2.2
      vertex 58.1696 18.0473 2.2
    endloop
  endfacet
  facet normal 0 0 1
    outer loop
      vertex 58.05 17.9674 2.2
      vertex 58.05 15.3726 2.2
      vertex 58.1696 15.2927 2.2
    endloop
  endfacet
  facet normal -0 0 1
    outer loop
      vertex 57.921 17.9037 2.2
      vertex 58.05 15.3726 2.2
      vertex 58.05 17.9674 2.2
    endloop
  endfacet
  facet normal 0 0 1
    outer loop
      vertex 57.921 17.9037 2.2
      vertex 57.921 15.4363 2.2
      vertex 58.05 15.3726 2.2
    endloop
  endfacet
  facet normal -0 0 1
    outer loop
      vertex 57.7847 17.8575 2.2
      vertex 57.921 15.4363 2.2
      vertex 57.921 17.9037 2.2
    endloop
  endfacet
  facet normal 0 0 1
    outer loop
      vertex 57.7847 17.8575 2.2
      vertex 57.7847 15.4825 2.2
      vertex 57.921 15.4363 2.2
    endloop
  endfacet
  facet normal -0 0 1
    outer loop
      vertex 57.6436 17.8294 2.2
      vertex 57.7847 15.4825 2.2
      vertex 57.7847 17.8575 2.2
    endloop
  endfacet
  facet normal 0 0 1
    outer loop
      vertex 57.6436 17.8294 2.2
      vertex 57.6436 15.5106 2.2
      vertex 57.7847 15.4825 2.2
    endloop
  endfacet
  facet normal -0 0 1
    outer loop
      vertex 57.5 17.82 2.2
      vertex 57.6436 15.5106 2.2
      vertex 57.6436 17.8294 2.2
    endloop
  endfacet
  facet normal 0 0 1
    outer loop
      vertex 57.5 17.82 2.2
      vertex 57.5 15.52 2.2
      vertex 57.6436 15.5106 2.2
    endloop
  endfacet
  facet normal 0 0 1
    outer loop
      vertex 57.3564 17.8294 2.2
      vertex 57.5 15.52 2.2
      vertex 57.5 17.82 2.2
    endloop
  endfacet
  facet normal 0 0 1
    outer loop
      vertex 57.3564 17.8294 2.2
      vertex 57.3564 15.5106 2.2
      vertex 57.5 15.52 2.2
    endloop
  endfacet
  facet normal 0 0 1
    outer loop
      vertex 57.2153 17.8575 2.2
      vertex 57.3564 15.5106 2.2
      vertex 57.3564 17.8294 2.2
    endloop
  endfacet
  facet normal 0 0 1
    outer loop
      vertex 57.2153 17.8575 2.2
      vertex 57.2153 15.4825 2.2
      vertex 57.3564 15.5106 2.2
    endloop
  endfacet
  facet normal 0 0 1
    outer loop
      vertex 57.079 17.9037 2.2
      vertex 57.2153 15.4825 2.2
      vertex 57.2153 17.8575 2.2
    endloop
  endfacet
  facet normal 0 0 1
    outer loop
      vertex 57.079 17.9037 2.2
      vertex 57.079 15.4363 2.2
      vertex 57.2153 15.4825 2.2
    endloop
  endfacet
  facet normal 0 0 1
    outer loop
      vertex 56.95 17.9674 2.2
      vertex 57.079 15.4363 2.2
      vertex 57.079 17.9037 2.2
    endloop
  endfacet
  facet normal 0 0 1
    outer loop
      vertex 56.95 17.9674 2.2
      vertex 56.95 15.3726 2.2
      vertex 57.079 15.4363 2.2
    endloop
  endfacet
  facet normal 0 0 1
    outer loop
      vertex 56.8304 18.0473 2.2
      vertex 56.95 15.3726 2.2
      vertex 56.95 17.9674 2.2
    endloop
  endfacet
  facet normal 0 0 1
    outer loop
      vertex 56.8304 18.0473 2.2
      vertex 56.8304 15.2927 2.2
      vertex 56.95 15.3726 2.2
    endloop
  endfacet
  facet normal 0 0 1
    outer loop
      vertex 56.7222 18.1422 2.2
      vertex 56.8304 15.2927 2.2
      vertex 56.8304 18.0473 2.2
    endloop
  endfacet
  facet normal 0 0 1
    outer loop
      vertex 56.7222 18.1422 2.2
      vertex 56.7222 15.1978 2.2
      vertex 56.8304 15.2927 2.2
    endloop
  endfacet
  facet normal 0 0 1
    outer loop
      vertex 56.6273 18.2504 2.2
      vertex 56.7222 15.1978 2.2
      vertex 56.7222 18.1422 2.2
    endloop
  endfacet
  facet normal 0 0 1
    outer loop
      vertex 56.6273 18.2504 2.2
      vertex 56.6273 15.0896 2.2
      vertex 56.7222 15.1978 2.2
    endloop
  endfacet
  facet normal 0 0 1
    outer loop
      vertex 56.5474 18.37 2.2
      vertex 56.6273 15.0896 2.2
      vertex 56.6273 18.2504 2.2
    endloop
  endfacet
  facet normal 0 0 1
    outer loop
      vertex 56.5474 18.37 2.2
      vertex 56.5474 14.97 2.2
      vertex 56.6273 15.0896 2.2
    endloop
  endfacet
  facet normal 0 0 1
    outer loop
      vertex 51.1782 18.3077 2.2
      vertex 56.5474 18.37 2.2
      vertex 56.4837 18.499 2.2
    endloop
  endfacet
  facet normal 0 0 1
    outer loop
      vertex 56.5474 18.37 2.2
      vertex 51.0856 18.12 2.2
      vertex 56.5474 14.97 2.2
    endloop
  endfacet
  facet normal -0 0 1
    outer loop
      vertex 51.2455 18.5059 2.2
      vertex 56.4837 18.499 2.2
      vertex 56.4375 18.6353 2.2
    endloop
  endfacet
  facet normal 0 0 1
    outer loop
      vertex 56.5474 14.97 2.2
      vertex 51.0856 18.12 2.2
      vertex 56.4837 14.841 2.2
    endloop
  endfacet
  facet normal -0 0 1
    outer loop
      vertex 51.2863 18.7112 2.2
      vertex 56.4375 18.6353 2.2
      vertex 56.4094 18.7764 2.2
    endloop
  endfacet
  facet normal -0 0 1
    outer loop
      vertex 50.9694 17.946 2.2
      vertex 56.4837 14.841 2.2
      vertex 51.0856 18.12 2.2
    endloop
  endfacet
  facet normal -0 0 1
    outer loop
      vertex 51.3 18.92 2.2
      vertex 56.4094 18.7764 2.2
      vertex 56.4 18.92 2.2
    endloop
  endfacet
  facet normal 0 0 1
    outer loop
      vertex 56.4837 14.841 2.2
      vertex 50.9694 17.946 2.2
      vertex 56.4375 14.7047 2.2
    endloop
  endfacet
  facet normal 0 0 1
    outer loop
      vertex 58.3727 22.7504 2.2
      vertex 61.1273 22.7504 2.2
      vertex 58.4526 22.87 2.2
    endloop
  endfacet
  facet normal 0 0 1
    outer loop
      vertex 61.1273 19.5896 2.2
      vertex 58.5906 19.0636 2.2
      vertex 58.6 18.92 2.2
    endloop
  endfacet
  facet normal 0 0 1
    outer loop
      vertex 61.1273 22.7504 2.2
      vertex 58.3727 22.7504 2.2
      vertex 61.2222 22.6422 2.2
    endloop
  endfacet
  facet normal 0 0 1
    outer loop
      vertex 61.1273 19.5896 2.2
      vertex 58.5625 19.2047 2.2
      vertex 58.5906 19.0636 2.2
    endloop
  endfacet
  facet normal 0 0 1
    outer loop
      vertex 58.2778 22.6422 2.2
      vertex 61.2222 22.6422 2.2
      vertex 58.3727 22.7504 2.2
    endloop
  endfacet
  facet normal 0 0 1
    outer loop
      vertex 61.1273 19.5896 2.2
      vertex 58.5163 19.341 2.2
      vertex 58.5625 19.2047 2.2
    endloop
  endfacet
  facet normal 0 0 1
    outer loop
      vertex 61.2222 22.6422 2.2
      vertex 58.2778 22.6422 2.2
      vertex 61.2222 19.6978 2.2
    endloop
  endfacet
  facet normal 0 0 1
    outer loop
      vertex 61.1273 19.5896 2.2
      vertex 58.4526 19.47 2.2
      vertex 58.5163 19.341 2.2
    endloop
  endfacet
  facet normal 0 0 1
    outer loop
      vertex 58.2778 19.6978 2.2
      vertex 61.2222 19.6978 2.2
      vertex 58.2778 22.6422 2.2
    endloop
  endfacet
  facet normal 0 0 1
    outer loop
      vertex 61.1273 19.5896 2.2
      vertex 58.3727 19.5896 2.2
      vertex 58.4526 19.47 2.2
    endloop
  endfacet
  facet normal 0 0 1
    outer loop
      vertex 61.2222 19.6978 2.2
      vertex 58.2778 19.6978 2.2
      vertex 61.1273 19.5896 2.2
    endloop
  endfacet
  facet normal 0 0 1
    outer loop
      vertex 61.1273 19.5896 2.2
      vertex 58.2778 19.6978 2.2
      vertex 58.3727 19.5896 2.2
    endloop
  endfacet
  facet normal -0 0 1
    outer loop
      vertex 58.1696 22.5473 2.2
      vertex 58.2778 19.6978 2.2
      vertex 58.2778 22.6422 2.2
    endloop
  endfacet
  facet normal 0 0 1
    outer loop
      vertex 58.1696 22.5473 2.2
      vertex 58.1696 19.7927 2.2
      vertex 58.2778 19.6978 2.2
    endloop
  endfacet
  facet normal -0 0 1
    outer loop
      vertex 58.05 22.4674 2.2
      vertex 58.1696 19.7927 2.2
      vertex 58.1696 22.5473 2.2
    endloop
  endfacet
  facet normal 0 0 1
    outer loop
      vertex 58.05 22.4674 2.2
      vertex 58.05 19.8726 2.2
      vertex 58.1696 19.7927 2.2
    endloop
  endfacet
  facet normal -0 0 1
    outer loop
      vertex 57.921 22.4037 2.2
      vertex 58.05 19.8726 2.2
      vertex 58.05 22.4674 2.2
    endloop
  endfacet
  facet normal 0 0 1
    outer loop
      vertex 57.921 22.4037 2.2
      vertex 57.921 19.9363 2.2
      vertex 58.05 19.8726 2.2
    endloop
  endfacet
  facet normal -0 0 1
    outer loop
      vertex 57.7847 22.3575 2.2
      vertex 57.921 19.9363 2.2
      vertex 57.921 22.4037 2.2
    endloop
  endfacet
  facet normal 0 0 1
    outer loop
      vertex 57.7847 22.3575 2.2
      vertex 57.7847 19.9825 2.2
      vertex 57.921 19.9363 2.2
    endloop
  endfacet
  facet normal -0 0 1
    outer loop
      vertex 57.6436 22.3294 2.2
      vertex 57.7847 19.9825 2.2
      vertex 57.7847 22.3575 2.2
    endloop
  endfacet
  facet normal 0 0 1
    outer loop
      vertex 57.6436 22.3294 2.2
      vertex 57.6436 20.0106 2.2
      vertex 57.7847 19.9825 2.2
    endloop
  endfacet
  facet normal -0 0 1
    outer loop
      vertex 57.5 22.32 2.2
      vertex 57.6436 20.0106 2.2
      vertex 57.6436 22.3294 2.2
    endloop
  endfacet
  facet normal 0 0 1
    outer loop
      vertex 57.5 22.32 2.2
      vertex 57.5 20.02 2.2
      vertex 57.6436 20.0106 2.2
    endloop
  endfacet
  facet normal 0 0 1
    outer loop
      vertex 57.3564 22.3294 2.2
      vertex 57.5 20.02 2.2
      vertex 57.5 22.32 2.2
    endloop
  endfacet
  facet normal 0 0 1
    outer loop
      vertex 57.3564 22.3294 2.2
      vertex 57.3564 20.0106 2.2
      vertex 57.5 20.02 2.2
    endloop
  endfacet
  facet normal 0 0 1
    outer loop
      vertex 57.2153 22.3575 2.2
      vertex 57.3564 20.0106 2.2
      vertex 57.3564 22.3294 2.2
    endloop
  endfacet
  facet normal 0 0 1
    outer loop
      vertex 57.2153 22.3575 2.2
      vertex 57.2153 19.9825 2.2
      vertex 57.3564 20.0106 2.2
    endloop
  endfacet
  facet normal 0 0 1
    outer loop
      vertex 57.079 22.4037 2.2
      vertex 57.2153 19.9825 2.2
      vertex 57.2153 22.3575 2.2
    endloop
  endfacet
  facet normal 0 0 1
    outer loop
      vertex 57.079 22.4037 2.2
      vertex 57.079 19.9363 2.2
      vertex 57.2153 19.9825 2.2
    endloop
  endfacet
  facet normal 0 0 1
    outer loop
      vertex 56.95 22.4674 2.2
      vertex 57.079 19.9363 2.2
      vertex 57.079 22.4037 2.2
    endloop
  endfacet
  facet normal 0 0 1
    outer loop
      vertex 56.95 22.4674 2.2
      vertex 56.95 19.8726 2.2
      vertex 57.079 19.9363 2.2
    endloop
  endfacet
  facet normal 0 0 1
    outer loop
      vertex 56.8304 22.5473 2.2
      vertex 56.95 19.8726 2.2
      vertex 56.95 22.4674 2.2
    endloop
  endfacet
  facet normal 0 0 1
    outer loop
      vertex 56.8304 22.5473 2.2
      vertex 56.8304 19.7927 2.2
      vertex 56.95 19.8726 2.2
    endloop
  endfacet
  facet normal 0 0 1
    outer loop
      vertex 56.7222 22.6422 2.2
      vertex 56.8304 19.7927 2.2
      vertex 56.8304 22.5473 2.2
    endloop
  endfacet
  facet normal 0 0 1
    outer loop
      vertex 56.7222 22.6422 2.2
      vertex 56.7222 19.6978 2.2
      vertex 56.8304 19.7927 2.2
    endloop
  endfacet
  facet normal 0 0 1
    outer loop
      vertex 56.6273 22.7504 2.2
      vertex 56.7222 19.6978 2.2
      vertex 56.7222 22.6422 2.2
    endloop
  endfacet
  facet normal 0 0 1
    outer loop
      vertex 56.6273 22.7504 2.2
      vertex 56.6273 19.5896 2.2
      vertex 56.7222 19.6978 2.2
    endloop
  endfacet
  facet normal 0 0 1
    outer loop
      vertex 56.5474 22.87 2.2
      vertex 56.6273 19.5896 2.2
      vertex 56.6273 22.7504 2.2
    endloop
  endfacet
  facet normal 0 0 1
    outer loop
      vertex 56.5474 22.87 2.2
      vertex 56.5474 19.47 2.2
      vertex 56.6273 19.5896 2.2
    endloop
  endfacet
  facet normal 0 0 1
    outer loop
      vertex 51.0856 19.72 2.2
      vertex 56.5474 22.87 2.2
      vertex 56.4837 22.999 2.2
    endloop
  endfacet
  facet normal 0 0 1
    outer loop
      vertex 56.5474 22.87 2.2
      vertex 51.0856 19.72 2.2
      vertex 56.5474 19.47 2.2
    endloop
  endfacet
  facet normal 0 0 1
    outer loop
      vertex 50.9694 19.894 2.2
      vertex 56.4837 22.999 2.2
      vertex 56.4375 23.1353 2.2
    endloop
  endfacet
  facet normal -0 -0 1
    outer loop
      vertex 51.1782 19.5323 2.2
      vertex 56.5474 19.47 2.2
      vertex 51.0856 19.72 2.2
    endloop
  endfacet
  facet normal 0 0 1
    outer loop
      vertex 50.8314 20.0514 2.2
      vertex 56.4375 23.1353 2.2
      vertex 56.4094 23.2764 2.2
    endloop
  endfacet
  facet normal 0 0 1
    outer loop
      vertex 56.5474 19.47 2.2
      vertex 51.1782 19.5323 2.2
      vertex 56.4837 19.341 2.2
    endloop
  endfacet
  facet normal 0 0 1
    outer loop
      vertex 50.674 20.1894 2.2
      vertex 56.4094 23.2764 2.2
      vertex 56.4 23.42 2.2
    endloop
  endfacet
  facet normal 0 -0 1
    outer loop
      vertex 51.2455 19.3341 2.2
      vertex 56.4837 19.341 2.2
      vertex 51.1782 19.5323 2.2
    endloop
  endfacet
  facet normal 0 0 1
    outer loop
      vertex 62.8727 18.2504 2.2
      vertex 65.6273 18.2504 2.2
      vertex 62.9526 18.37 2.2
    endloop
  endfacet
  facet normal 0 0 1
    outer loop
      vertex 65.6273 15.0896 2.2
      vertex 63.0906 14.5636 2.2
      vertex 63.1 14.42 2.2
    endloop
  endfacet
  facet normal 0 0 1
    outer loop
      vertex 65.6273 18.2504 2.2
      vertex 62.8727 18.2504 2.2
      vertex 65.7222 18.1422 2.2
    endloop
  endfacet
  facet normal 0 0 1
    outer loop
      vertex 65.6273 15.0896 2.2
      vertex 63.0625 14.7047 2.2
      vertex 63.0906 14.5636 2.2
    endloop
  endfacet
  facet normal 0 0 1
    outer loop
      vertex 62.7778 18.1422 2.2
      vertex 65.7222 18.1422 2.2
      vertex 62.8727 18.2504 2.2
    endloop
  endfacet
  facet normal 0 0 1
    outer loop
      vertex 65.6273 15.0896 2.2
      vertex 63.0163 14.841 2.2
      vertex 63.0625 14.7047 2.2
    endloop
  endfacet
  facet normal 0 0 1
    outer loop
      vertex 65.7222 18.1422 2.2
      vertex 62.7778 18.1422 2.2
      vertex 65.7222 15.1978 2.2
    endloop
  endfacet
  facet normal 0 0 1
    outer loop
      vertex 65.6273 15.0896 2.2
      vertex 62.9526 14.97 2.2
      vertex 63.0163 14.841 2.2
    endloop
  endfacet
  facet normal 0 0 1
    outer loop
      vertex 62.7778 15.1978 2.2
      vertex 65.7222 15.1978 2.2
      vertex 62.7778 18.1422 2.2
    endloop
  endfacet
  facet normal 0 0 1
    outer loop
      vertex 65.6273 15.0896 2.2
      vertex 62.8727 15.0896 2.2
      vertex 62.9526 14.97 2.2
    endloop
  endfacet
  facet normal 0 0 1
    outer loop
      vertex 65.7222 15.1978 2.2
      vertex 62.7778 15.1978 2.2
      vertex 65.6273 15.0896 2.2
    endloop
  endfacet
  facet normal 0 0 1
    outer loop
      vertex 65.6273 15.0896 2.2
      vertex 62.7778 15.1978 2.2
      vertex 62.8727 15.0896 2.2
    endloop
  endfacet
  facet normal -0 0 1
    outer loop
      vertex 62.6696 18.0473 2.2
      vertex 62.7778 15.1978 2.2
      vertex 62.7778 18.1422 2.2
    endloop
  endfacet
  facet normal 0 0 1
    outer loop
      vertex 62.6696 18.0473 2.2
      vertex 62.6696 15.2927 2.2
      vertex 62.7778 15.1978 2.2
    endloop
  endfacet
  facet normal -0 0 1
    outer loop
      vertex 62.55 17.9674 2.2
      vertex 62.6696 15.2927 2.2
      vertex 62.6696 18.0473 2.2
    endloop
  endfacet
  facet normal 0 0 1
    outer loop
      vertex 62.55 17.9674 2.2
      vertex 62.55 15.3726 2.2
      vertex 62.6696 15.2927 2.2
    endloop
  endfacet
  facet normal -0 0 1
    outer loop
      vertex 62.421 17.9037 2.2
      vertex 62.55 15.3726 2.2
      vertex 62.55 17.9674 2.2
    endloop
  endfacet
  facet normal 0 0 1
    outer loop
      vertex 62.421 17.9037 2.2
      vertex 62.421 15.4363 2.2
      vertex 62.55 15.3726 2.2
    endloop
  endfacet
  facet normal -0 0 1
    outer loop
      vertex 62.2847 17.8575 2.2
      vertex 62.421 15.4363 2.2
      vertex 62.421 17.9037 2.2
    endloop
  endfacet
  facet normal 0 0 1
    outer loop
      vertex 62.2847 17.8575 2.2
      vertex 62.2847 15.4825 2.2
      vertex 62.421 15.4363 2.2
    endloop
  endfacet
  facet normal -0 0 1
    outer loop
      vertex 62.1436 17.8294 2.2
      vertex 62.2847 15.4825 2.2
      vertex 62.2847 17.8575 2.2
    endloop
  endfacet
  facet normal 0 0 1
    outer loop
      vertex 62.1436 17.8294 2.2
      vertex 62.1436 15.5106 2.2
      vertex 62.2847 15.4825 2.2
    endloop
  endfacet
  facet normal -0 0 1
    outer loop
      vertex 62 17.82 2.2
      vertex 62.1436 15.5106 2.2
      vertex 62.1436 17.8294 2.2
    endloop
  endfacet
  facet normal 0 0 1
    outer loop
      vertex 62 17.82 2.2
      vertex 62 15.52 2.2
      vertex 62.1436 15.5106 2.2
    endloop
  endfacet
  facet normal 0 0 1
    outer loop
      vertex 61.8564 17.8294 2.2
      vertex 62 15.52 2.2
      vertex 62 17.82 2.2
    endloop
  endfacet
  facet normal 0 0 1
    outer loop
      vertex 61.8564 17.8294 2.2
      vertex 61.8564 15.5106 2.2
      vertex 62 15.52 2.2
    endloop
  endfacet
  facet normal 0 0 1
    outer loop
      vertex 61.7153 17.8575 2.2
      vertex 61.8564 15.5106 2.2
      vertex 61.8564 17.8294 2.2
    endloop
  endfacet
  facet normal 0 0 1
    outer loop
      vertex 61.7153 17.8575 2.2
      vertex 61.7153 15.4825 2.2
      vertex 61.8564 15.5106 2.2
    endloop
  endfacet
  facet normal 0 0 1
    outer loop
      vertex 61.579 17.9037 2.2
      vertex 61.7153 15.4825 2.2
      vertex 61.7153 17.8575 2.2
    endloop
  endfacet
  facet normal 0 0 1
    outer loop
      vertex 61.579 17.9037 2.2
      vertex 61.579 15.4363 2.2
      vertex 61.7153 15.4825 2.2
    endloop
  endfacet
  facet normal 0 0 1
    outer loop
      vertex 61.45 17.9674 2.2
      vertex 61.579 15.4363 2.2
      vertex 61.579 17.9037 2.2
    endloop
  endfacet
  facet normal 0 0 1
    outer loop
      vertex 61.45 17.9674 2.2
      vertex 61.45 15.3726 2.2
      vertex 61.579 15.4363 2.2
    endloop
  endfacet
  facet normal 0 0 1
    outer loop
      vertex 61.3304 18.0473 2.2
      vertex 61.45 15.3726 2.2
      vertex 61.45 17.9674 2.2
    endloop
  endfacet
  facet normal 0 0 1
    outer loop
      vertex 61.3304 18.0473 2.2
      vertex 61.3304 15.2927 2.2
      vertex 61.45 15.3726 2.2
    endloop
  endfacet
  facet normal 0 0 1
    outer loop
      vertex 61.2222 18.1422 2.2
      vertex 61.3304 15.2927 2.2
      vertex 61.3304 18.0473 2.2
    endloop
  endfacet
  facet normal 0 0 1
    outer loop
      vertex 61.2222 18.1422 2.2
      vertex 61.2222 15.1978 2.2
      vertex 61.3304 15.2927 2.2
    endloop
  endfacet
  facet normal 0 0 1
    outer loop
      vertex 60.9837 18.499 2.2
      vertex 58.5163 18.499 2.2
      vertex 61.0474 18.37 2.2
    endloop
  endfacet
  facet normal 0 0 1
    outer loop
      vertex 58.4526 18.37 2.2
      vertex 61.0474 18.37 2.2
      vertex 58.5163 18.499 2.2
    endloop
  endfacet
  facet normal 0 0 1
    outer loop
      vertex 60.9375 18.6353 2.2
      vertex 58.5625 18.6353 2.2
      vertex 60.9837 18.499 2.2
    endloop
  endfacet
  facet normal 0 0 1
    outer loop
      vertex 58.5163 18.499 2.2
      vertex 60.9837 18.499 2.2
      vertex 58.5625 18.6353 2.2
    endloop
  endfacet
  facet normal 0 0 1
    outer loop
      vertex 58.5625 18.6353 2.2
      vertex 60.9375 18.6353 2.2
      vertex 58.5906 18.7764 2.2
    endloop
  endfacet
  facet normal 0 0 1
    outer loop
      vertex 61.0474 18.37 2.2
      vertex 58.4526 18.37 2.2
      vertex 61.1273 18.2504 2.2
    endloop
  endfacet
  facet normal 0 0 1
    outer loop
      vertex 60.9094 18.7764 2.2
      vertex 58.5906 18.7764 2.2
      vertex 60.9375 18.6353 2.2
    endloop
  endfacet
  facet normal 0 0 1
    outer loop
      vertex 61.1273 15.0896 2.2
      vertex 58.6 14.42 2.2
      vertex 61.0474 14.97 2.2
    endloop
  endfacet
  facet normal 0 0 1
    outer loop
      vertex 58.5906 18.7764 2.2
      vertex 60.9094 18.7764 2.2
      vertex 58.6 18.92 2.2
    endloop
  endfacet
  facet normal 0 0 1
    outer loop
      vertex 61.0474 14.97 2.2
      vertex 58.6 14.42 2.2
      vertex 60.9837 14.841 2.2
    endloop
  endfacet
  facet normal -0 0 1
    outer loop
      vertex 58.6 18.92 2.2
      vertex 60.9094 18.7764 2.2
      vertex 60.9 18.92 2.2
    endloop
  endfacet
  facet normal 0 0 1
    outer loop
      vertex 60.9837 14.841 2.2
      vertex 58.6 14.42 2.2
      vertex 60.9375 14.7047 2.2
    endloop
  endfacet
  facet normal 0 0 1
    outer loop
      vertex 62.8727 22.7504 2.2
      vertex 65.6273 22.7504 2.2
      vertex 62.9526 22.87 2.2
    endloop
  endfacet
  facet normal 0 0 1
    outer loop
      vertex 65.6273 19.5896 2.2
      vertex 63.0906 19.0636 2.2
      vertex 63.1 18.92 2.2
    endloop
  endfacet
  facet normal 0 0 1
    outer loop
      vertex 65.6273 22.7504 2.2
      vertex 62.8727 22.7504 2.2
      vertex 65.7222 22.6422 2.2
    endloop
  endfacet
  facet normal 0 0 1
    outer loop
      vertex 65.6273 19.5896 2.2
      vertex 63.0625 19.2047 2.2
      vertex 63.0906 19.0636 2.2
    endloop
  endfacet
  facet normal 0 0 1
    outer loop
      vertex 62.7778 22.6422 2.2
      vertex 65.7222 22.6422 2.2
      vertex 62.8727 22.7504 2.2
    endloop
  endfacet
  facet normal 0 0 1
    outer loop
      vertex 65.6273 19.5896 2.2
      vertex 63.0163 19.341 2.2
      vertex 63.0625 19.2047 2.2
    endloop
  endfacet
  facet normal 0 0 1
    outer loop
      vertex 65.7222 22.6422 2.2
      vertex 62.7778 22.6422 2.2
      vertex 65.7222 19.6978 2.2
    endloop
  endfacet
  facet normal 0 0 1
    outer loop
      vertex 65.6273 19.5896 2.2
      vertex 62.9526 19.47 2.2
      vertex 63.0163 19.341 2.2
    endloop
  endfacet
  facet normal 0 0 1
    outer loop
      vertex 62.7778 19.6978 2.2
      vertex 65.7222 19.6978 2.2
      vertex 62.7778 22.6422 2.2
    endloop
  endfacet
  facet normal 0 0 1
    outer loop
      vertex 65.6273 19.5896 2.2
      vertex 62.8727 19.5896 2.2
      vertex 62.9526 19.47 2.2
    endloop
  endfacet
  facet normal 0 0 1
    outer loop
      vertex 65.7222 19.6978 2.2
      vertex 62.7778 19.6978 2.2
      vertex 65.6273 19.5896 2.2
    endloop
  endfacet
  facet normal 0 0 1
    outer loop
      vertex 65.6273 19.5896 2.2
      vertex 62.7778 19.6978 2.2
      vertex 62.8727 19.5896 2.2
    endloop
  endfacet
  facet normal -0 0 1
    outer loop
      vertex 62.6696 22.5473 2.2
      vertex 62.7778 19.6978 2.2
      vertex 62.7778 22.6422 2.2
    endloop
  endfacet
  facet normal 0 0 1
    outer loop
      vertex 62.6696 22.5473 2.2
      vertex 62.6696 19.7927 2.2
      vertex 62.7778 19.6978 2.2
    endloop
  endfacet
  facet normal -0 0 1
    outer loop
      vertex 62.55 22.4674 2.2
      vertex 62.6696 19.7927 2.2
      vertex 62.6696 22.5473 2.2
    endloop
  endfacet
  facet normal 0 0 1
    outer loop
      vertex 62.55 22.4674 2.2
      vertex 62.55 19.8726 2.2
      vertex 62.6696 19.7927 2.2
    endloop
  endfacet
  facet normal -0 0 1
    outer loop
      vertex 62.421 22.4037 2.2
      vertex 62.55 19.8726 2.2
      vertex 62.55 22.4674 2.2
    endloop
  endfacet
  facet normal 0 0 1
    outer loop
      vertex 62.421 22.4037 2.2
      vertex 62.421 19.9363 2.2
      vertex 62.55 19.8726 2.2
    endloop
  endfacet
  facet normal -0 0 1
    outer loop
      vertex 62.2847 22.3575 2.2
      vertex 62.421 19.9363 2.2
      vertex 62.421 22.4037 2.2
    endloop
  endfacet
  facet normal 0 0 1
    outer loop
      vertex 62.2847 22.3575 2.2
      vertex 62.2847 19.9825 2.2
      vertex 62.421 19.9363 2.2
    endloop
  endfacet
  facet normal -0 0 1
    outer loop
      vertex 62.1436 22.3294 2.2
      vertex 62.2847 19.9825 2.2
      vertex 62.2847 22.3575 2.2
    endloop
  endfacet
  facet normal 0 0 1
    outer loop
      vertex 62.1436 22.3294 2.2
      vertex 62.1436 20.0106 2.2
      vertex 62.2847 19.9825 2.2
    endloop
  endfacet
  facet normal -0 0 1
    outer loop
      vertex 62 22.32 2.2
      vertex 62.1436 20.0106 2.2
      vertex 62.1436 22.3294 2.2
    endloop
  endfacet
  facet normal 0 0 1
    outer loop
      vertex 62 22.32 2.2
      vertex 62 20.02 2.2
      vertex 62.1436 20.0106 2.2
    endloop
  endfacet
  facet normal 0 0 1
    outer loop
      vertex 61.8564 22.3294 2.2
      vertex 62 20.02 2.2
      vertex 62 22.32 2.2
    endloop
  endfacet
  facet normal 0 0 1
    outer loop
      vertex 61.8564 22.3294 2.2
      vertex 61.8564 20.0106 2.2
      vertex 62 20.02 2.2
    endloop
  endfacet
  facet normal 0 0 1
    outer loop
      vertex 61.7153 22.3575 2.2
      vertex 61.8564 20.0106 2.2
      vertex 61.8564 22.3294 2.2
    endloop
  endfacet
  facet normal 0 0 1
    outer loop
      vertex 61.7153 22.3575 2.2
      vertex 61.7153 19.9825 2.2
      vertex 61.8564 20.0106 2.2
    endloop
  endfacet
  facet normal 0 0 1
    outer loop
      vertex 61.579 22.4037 2.2
      vertex 61.7153 19.9825 2.2
      vertex 61.7153 22.3575 2.2
    endloop
  endfacet
  facet normal 0 0 1
    outer loop
      vertex 61.579 22.4037 2.2
      vertex 61.579 19.9363 2.2
      vertex 61.7153 19.9825 2.2
    endloop
  endfacet
  facet normal 0 0 1
    outer loop
      vertex 61.45 22.4674 2.2
      vertex 61.579 19.9363 2.2
      vertex 61.579 22.4037 2.2
    endloop
  endfacet
  facet normal 0 0 1
    outer loop
      vertex 61.45 22.4674 2.2
      vertex 61.45 19.8726 2.2
      vertex 61.579 19.9363 2.2
    endloop
  endfacet
  facet normal 0 0 1
    outer loop
      vertex 61.3304 22.5473 2.2
      vertex 61.45 19.8726 2.2
      vertex 61.45 22.4674 2.2
    endloop
  endfacet
  facet normal 0 0 1
    outer loop
      vertex 61.3304 22.5473 2.2
      vertex 61.3304 19.7927 2.2
      vertex 61.45 19.8726 2.2
    endloop
  endfacet
  facet normal 0 0 1
    outer loop
      vertex 61.2222 22.6422 2.2
      vertex 61.3304 19.7927 2.2
      vertex 61.3304 22.5473 2.2
    endloop
  endfacet
  facet normal 0 0 1
    outer loop
      vertex 61.2222 22.6422 2.2
      vertex 61.2222 19.6978 2.2
      vertex 61.3304 19.7927 2.2
    endloop
  endfacet
  facet normal 0 0 1
    outer loop
      vertex 60.9837 22.999 2.2
      vertex 58.5163 22.999 2.2
      vertex 61.0474 22.87 2.2
    endloop
  endfacet
  facet normal 0 0 1
    outer loop
      vertex 58.4526 22.87 2.2
      vertex 61.0474 22.87 2.2
      vertex 58.5163 22.999 2.2
    endloop
  endfacet
  facet normal 0 0 1
    outer loop
      vertex 60.9375 23.1353 2.2
      vertex 58.5625 23.1353 2.2
      vertex 60.9837 22.999 2.2
    endloop
  endfacet
  facet normal 0 0 1
    outer loop
      vertex 58.5163 22.999 2.2
      vertex 60.9837 22.999 2.2
      vertex 58.5625 23.1353 2.2
    endloop
  endfacet
  facet normal 0 0 1
    outer loop
      vertex 58.5625 23.1353 2.2
      vertex 60.9375 23.1353 2.2
      vertex 58.5906 23.2764 2.2
    endloop
  endfacet
  facet normal 0 0 1
    outer loop
      vertex 61.0474 22.87 2.2
      vertex 58.4526 22.87 2.2
      vertex 61.1273 22.7504 2.2
    endloop
  endfacet
  facet normal 0 0 1
    outer loop
      vertex 60.9094 23.2764 2.2
      vertex 58.5906 23.2764 2.2
      vertex 60.9375 23.1353 2.2
    endloop
  endfacet
  facet normal 0 0 1
    outer loop
      vertex 61.1273 19.5896 2.2
      vertex 58.6 18.92 2.2
      vertex 61.0474 19.47 2.2
    endloop
  endfacet
  facet normal 0 0 1
    outer loop
      vertex 58.5906 23.2764 2.2
      vertex 60.9094 23.2764 2.2
      vertex 58.6 23.42 2.2
    endloop
  endfacet
  facet normal 0 0 1
    outer loop
      vertex 61.0474 19.47 2.2
      vertex 58.6 18.92 2.2
      vertex 60.9837 19.341 2.2
    endloop
  endfacet
  facet normal -0 0 1
    outer loop
      vertex 58.6 23.42 2.2
      vertex 60.9094 23.2764 2.2
      vertex 60.9 23.42 2.2
    endloop
  endfacet
  facet normal 0 0 1
    outer loop
      vertex 60.9837 19.341 2.2
      vertex 58.6 18.92 2.2
      vertex 60.9375 19.2047 2.2
    endloop
  endfacet
  facet normal 0 0 1
    outer loop
      vertex 68.8314 17.7886 2.2
      vertex 67.5906 14.5636 2.2
      vertex 67.6 14.42 2.2
    endloop
  endfacet
  facet normal 0 0 1
    outer loop
      vertex 67.9088 17.3337 2.2
      vertex 67.5625 14.7047 2.2
      vertex 67.5906 14.5636 2.2
    endloop
  endfacet
  facet normal 0 0 1
    outer loop
      vertex 67.9088 17.3337 2.2
      vertex 67.5163 14.841 2.2
      vertex 67.5625 14.7047 2.2
    endloop
  endfacet
  facet normal 0 0 1
    outer loop
      vertex 67.05 15.3726 2.2
      vertex 67.7 17.32 2.2
      vertex 67.4912 17.3337 2.2
    endloop
  endfacet
  facet normal 0 0 1
    outer loop
      vertex 67.9088 17.3337 2.2
      vertex 67.4526 14.97 2.2
      vertex 67.5163 14.841 2.2
    endloop
  endfacet
  facet normal 0 0 1
    outer loop
      vertex 67.9088 17.3337 2.2
      vertex 67.3727 15.0896 2.2
      vertex 67.4526 14.97 2.2
    endloop
  endfacet
  facet normal 0 0 1
    outer loop
      vertex 66.921 15.4363 2.2
      vertex 67.4912 17.3337 2.2
      vertex 67.2859 17.3745 2.2
    endloop
  endfacet
  facet normal 0 0 1
    outer loop
      vertex 67.9088 17.3337 2.2
      vertex 67.2778 15.1978 2.2
      vertex 67.3727 15.0896 2.2
    endloop
  endfacet
  facet normal 0 0 1
    outer loop
      vertex 67.9088 17.3337 2.2
      vertex 67.1696 15.2927 2.2
      vertex 67.2778 15.1978 2.2
    endloop
  endfacet
  facet normal 0 0 1
    outer loop
      vertex 66.6436 15.5106 2.2
      vertex 67.2859 17.3745 2.2
      vertex 67.0877 17.4418 2.2
    endloop
  endfacet
  facet normal 0 0 1
    outer loop
      vertex 67.7 17.32 2.2
      vertex 67.05 15.3726 2.2
      vertex 67.1696 15.2927 2.2
    endloop
  endfacet
  facet normal 0 0 1
    outer loop
      vertex 67.4912 17.3337 2.2
      vertex 66.921 15.4363 2.2
      vertex 67.05 15.3726 2.2
    endloop
  endfacet
  facet normal 0 0 1
    outer loop
      vertex 66.5 15.52 2.2
      vertex 67.0877 17.4418 2.2
      vertex 66.9 17.5344 2.2
    endloop
  endfacet
  facet normal 0 0 1
    outer loop
      vertex 67.2859 17.3745 2.2
      vertex 66.7847 15.4825 2.2
      vertex 66.921 15.4363 2.2
    endloop
  endfacet
  facet normal 0 0 1
    outer loop
      vertex 66.3564 15.5106 2.2
      vertex 66.9 17.5344 2.2
      vertex 66.726 17.6506 2.2
    endloop
  endfacet
  facet normal 0 0 1
    outer loop
      vertex 67.2859 17.3745 2.2
      vertex 66.6436 15.5106 2.2
      vertex 66.7847 15.4825 2.2
    endloop
  endfacet
  facet normal 0 0 1
    outer loop
      vertex 66.3564 17.8294 2.2
      vertex 66.726 17.6506 2.2
      vertex 66.5686 17.7886 2.2
    endloop
  endfacet
  facet normal -0 0 1
    outer loop
      vertex 66.5 17.82 2.2
      vertex 66.5686 17.7886 2.2
      vertex 66.5389 17.8225 2.2
    endloop
  endfacet
  facet normal 0 0 1
    outer loop
      vertex 66.3564 17.8294 2.2
      vertex 66.5686 17.7886 2.2
      vertex 66.5 17.82 2.2
    endloop
  endfacet
  facet normal 0 0 1
    outer loop
      vertex 67.0877 17.4418 2.2
      vertex 66.5 15.52 2.2
      vertex 66.6436 15.5106 2.2
    endloop
  endfacet
  facet normal 0 0 1
    outer loop
      vertex 66.2153 17.8575 2.2
      vertex 66.726 17.6506 2.2
      vertex 66.3564 17.8294 2.2
    endloop
  endfacet
  facet normal 0 0 1
    outer loop
      vertex 66.9 17.5344 2.2
      vertex 66.3564 15.5106 2.2
      vertex 66.5 15.52 2.2
    endloop
  endfacet
  facet normal 0 0 1
    outer loop
      vertex 66.2153 15.4825 2.2
      vertex 66.726 17.6506 2.2
      vertex 66.2153 17.8575 2.2
    endloop
  endfacet
  facet normal 0 0 1
    outer loop
      vertex 66.726 17.6506 2.2
      vertex 66.2153 15.4825 2.2
      vertex 66.3564 15.5106 2.2
    endloop
  endfacet
  facet normal 0 0 1
    outer loop
      vertex 66.079 17.9037 2.2
      vertex 66.2153 15.4825 2.2
      vertex 66.2153 17.8575 2.2
    endloop
  endfacet
  facet normal 0 0 1
    outer loop
      vertex 66.079 17.9037 2.2
      vertex 66.079 15.4363 2.2
      vertex 66.2153 15.4825 2.2
    endloop
  endfacet
  facet normal 0 0 1
    outer loop
      vertex 65.95 17.9674 2.2
      vertex 66.079 15.4363 2.2
      vertex 66.079 17.9037 2.2
    endloop
  endfacet
  facet normal 0 0 1
    outer loop
      vertex 65.95 17.9674 2.2
      vertex 65.95 15.3726 2.2
      vertex 66.079 15.4363 2.2
    endloop
  endfacet
  facet normal 0 0 1
    outer loop
      vertex 65.8304 18.0473 2.2
      vertex 65.95 15.3726 2.2
      vertex 65.95 17.9674 2.2
    endloop
  endfacet
  facet normal 0 0 1
    outer loop
      vertex 65.8304 18.0473 2.2
      vertex 65.8304 15.2927 2.2
      vertex 65.95 15.3726 2.2
    endloop
  endfacet
  facet normal 0 0 1
    outer loop
      vertex 65.7222 18.1422 2.2
      vertex 65.8304 15.2927 2.2
      vertex 65.8304 18.0473 2.2
    endloop
  endfacet
  facet normal 0 0 1
    outer loop
      vertex 65.7222 18.1422 2.2
      vertex 65.7222 15.1978 2.2
      vertex 65.8304 15.2927 2.2
    endloop
  endfacet
  facet normal 0 0 1
    outer loop
      vertex 65.4837 18.499 2.2
      vertex 63.0163 18.499 2.2
      vertex 65.5474 18.37 2.2
    endloop
  endfacet
  facet normal 0 0 1
    outer loop
      vertex 62.9526 18.37 2.2
      vertex 65.5474 18.37 2.2
      vertex 63.0163 18.499 2.2
    endloop
  endfacet
  facet normal 0 0 1
    outer loop
      vertex 65.4375 18.6353 2.2
      vertex 63.0625 18.6353 2.2
      vertex 65.4837 18.499 2.2
    endloop
  endfacet
  facet normal 0 0 1
    outer loop
      vertex 63.0163 18.499 2.2
      vertex 65.4837 18.499 2.2
      vertex 63.0625 18.6353 2.2
    endloop
  endfacet
  facet normal 0 0 1
    outer loop
      vertex 63.0625 18.6353 2.2
      vertex 65.4375 18.6353 2.2
      vertex 63.0906 18.7764 2.2
    endloop
  endfacet
  facet normal 0 0 1
    outer loop
      vertex 65.5474 18.37 2.2
      vertex 62.9526 18.37 2.2
      vertex 65.6273 18.2504 2.2
    endloop
  endfacet
  facet normal 0 0 1
    outer loop
      vertex 65.4094 18.7764 2.2
      vertex 63.0906 18.7764 2.2
      vertex 65.4375 18.6353 2.2
    endloop
  endfacet
  facet normal 0 0 1
    outer loop
      vertex 65.6273 15.0896 2.2
      vertex 63.1 14.42 2.2
      vertex 65.5474 14.97 2.2
    endloop
  endfacet
  facet normal 0 0 1
    outer loop
      vertex 63.0906 18.7764 2.2
      vertex 65.4094 18.7764 2.2
      vertex 63.1 18.92 2.2
    endloop
  endfacet
  facet normal 0 0 1
    outer loop
      vertex 65.5474 14.97 2.2
      vertex 63.1 14.42 2.2
      vertex 65.4837 14.841 2.2
    endloop
  endfacet
  facet normal -0 0 1
    outer loop
      vertex 63.1 18.92 2.2
      vertex 65.4094 18.7764 2.2
      vertex 65.4 18.92 2.2
    endloop
  endfacet
  facet normal 0 0 1
    outer loop
      vertex 65.4837 14.841 2.2
      vertex 63.1 14.42 2.2
      vertex 65.4375 14.7047 2.2
    endloop
  endfacet
  facet normal 0 0 1
    outer loop
      vertex 112.2 35.14 2.2
      vertex 114.7 32.64 2.2
      vertex 114.679 32.9663 2.2
    endloop
  endfacet
  facet normal 0 0 1
    outer loop
      vertex 114.7 32.64 2.2
      vertex 112.2 35.14 2.2
      vertex 114.7 5.2 2.2
    endloop
  endfacet
  facet normal 0 0 1
    outer loop
      vertex 112.2 35.14 2.2
      vertex 114.679 32.9663 2.2
      vertex 114.615 33.287 2.2
    endloop
  endfacet
  facet normal 0 0 1
    outer loop
      vertex 112.2 2.7 2.2
      vertex 114.7 5.2 2.2
      vertex 112.2 35.14 2.2
    endloop
  endfacet
  facet normal 0 0 1
    outer loop
      vertex 112.2 35.14 2.2
      vertex 114.615 33.287 2.2
      vertex 114.51 33.5967 2.2
    endloop
  endfacet
  facet normal 0 0 1
    outer loop
      vertex 114.7 5.2 2.2
      vertex 112.2 2.7 2.2
      vertex 114.679 4.87368 2.2
    endloop
  endfacet
  facet normal 0 0 1
    outer loop
      vertex 112.2 35.14 2.2
      vertex 114.51 33.5967 2.2
      vertex 114.365 33.89 2.2
    endloop
  endfacet
  facet normal 0 0 1
    outer loop
      vertex 114.679 4.87368 2.2
      vertex 112.2 2.7 2.2
      vertex 114.615 4.55295 2.2
    endloop
  endfacet
  facet normal 0 0 1
    outer loop
      vertex 112.2 35.14 2.2
      vertex 114.365 33.89 2.2
      vertex 114.183 34.1619 2.2
    endloop
  endfacet
  facet normal 0 0 1
    outer loop
      vertex 114.615 4.55295 2.2
      vertex 112.2 2.7 2.2
      vertex 114.51 4.24329 2.2
    endloop
  endfacet
  facet normal 0 0 1
    outer loop
      vertex 112.2 35.14 2.2
      vertex 114.183 34.1619 2.2
      vertex 113.968 34.4078 2.2
    endloop
  endfacet
  facet normal 0 0 1
    outer loop
      vertex 114.51 4.24329 2.2
      vertex 112.2 2.7 2.2
      vertex 114.365 3.95 2.2
    endloop
  endfacet
  facet normal 0 0 1
    outer loop
      vertex 112.2 35.14 2.2
      vertex 113.968 34.4078 2.2
      vertex 113.722 34.6234 2.2
    endloop
  endfacet
  facet normal 0 0 1
    outer loop
      vertex 114.365 3.95 2.2
      vertex 112.2 2.7 2.2
      vertex 114.183 3.6781 2.2
    endloop
  endfacet
  facet normal 0 0 1
    outer loop
      vertex 112.2 35.14 2.2
      vertex 113.722 34.6234 2.2
      vertex 113.45 34.8051 2.2
    endloop
  endfacet
  facet normal 0 0 1
    outer loop
      vertex 114.183 3.6781 2.2
      vertex 112.2 2.7 2.2
      vertex 113.968 3.43223 2.2
    endloop
  endfacet
  facet normal 0 0 1
    outer loop
      vertex 112.2 35.14 2.2
      vertex 113.45 34.8051 2.2
      vertex 113.157 34.9497 2.2
    endloop
  endfacet
  facet normal 0 0 1
    outer loop
      vertex 113.968 3.43223 2.2
      vertex 112.2 2.7 2.2
      vertex 113.722 3.21662 2.2
    endloop
  endfacet
  facet normal 0 0 1
    outer loop
      vertex 112.2 35.14 2.2
      vertex 113.157 34.9497 2.2
      vertex 112.847 35.0548 2.2
    endloop
  endfacet
  facet normal 0 0 1
    outer loop
      vertex 113.722 3.21662 2.2
      vertex 112.2 2.7 2.2
      vertex 113.45 3.03494 2.2
    endloop
  endfacet
  facet normal 0 0 1
    outer loop
      vertex 112.2 35.14 2.2
      vertex 112.847 35.0548 2.2
      vertex 112.526 35.1186 2.2
    endloop
  endfacet
  facet normal 0 0 1
    outer loop
      vertex 113.45 3.03494 2.2
      vertex 112.2 2.7 2.2
      vertex 113.157 2.8903 2.2
    endloop
  endfacet
  facet normal 0 0 1
    outer loop
      vertex 113.157 2.8903 2.2
      vertex 112.2 2.7 2.2
      vertex 112.847 2.78518 2.2
    endloop
  endfacet
  facet normal 0 0 1
    outer loop
      vertex 112.847 2.78518 2.2
      vertex 112.2 2.7 2.2
      vertex 112.526 2.72139 2.2
    endloop
  endfacet
  facet normal 0 0 1
    outer loop
      vertex 112.2 35.14 2.2
      vertex 69.3 18.92 2.2
      vertex 112.2 2.7 2.2
    endloop
  endfacet
  facet normal 0 0 1
    outer loop
      vertex 112.2 35.14 2.2
      vertex 69.2863 19.1288 2.2
      vertex 69.3 18.92 2.2
    endloop
  endfacet
  facet normal 0 0 1
    outer loop
      vertex 112.2 35.14 2.2
      vertex 69.2455 19.3341 2.2
      vertex 69.2863 19.1288 2.2
    endloop
  endfacet
  facet normal 0 0 1
    outer loop
      vertex 112.2 35.14 2.2
      vertex 69.1782 19.5323 2.2
      vertex 69.2455 19.3341 2.2
    endloop
  endfacet
  facet normal 0 0 1
    outer loop
      vertex 112.2 35.14 2.2
      vertex 69.0856 19.72 2.2
      vertex 69.1782 19.5323 2.2
    endloop
  endfacet
  facet normal -0 0 1
    outer loop
      vertex 67.5625 23.7047 2.2
      vertex 69.0856 19.72 2.2
      vertex 112.2 35.14 2.2
    endloop
  endfacet
  facet normal -0 -0 1
    outer loop
      vertex 67.5906 23.5636 2.2
      vertex 69.0856 19.72 2.2
      vertex 67.5625 23.7047 2.2
    endloop
  endfacet
  facet normal 0 0 1
    outer loop
      vertex 69.0856 19.72 2.2
      vertex 67.5906 23.5636 2.2
      vertex 68.9694 19.894 2.2
    endloop
  endfacet
  facet normal -0 -0 1
    outer loop
      vertex 67.6 23.42 2.2
      vertex 68.9694 19.894 2.2
      vertex 67.5906 23.5636 2.2
    endloop
  endfacet
  facet normal -0 0 1
    outer loop
      vertex 67.5906 23.2764 2.2
      vertex 68.8314 20.0514 2.2
      vertex 67.6 23.42 2.2
    endloop
  endfacet
  facet normal 0 0 1
    outer loop
      vertex 68.8314 20.0514 2.2
      vertex 67.5906 23.2764 2.2
      vertex 68.674 20.1894 2.2
    endloop
  endfacet
  facet normal -0 0 1
    outer loop
      vertex 67.5625 23.1353 2.2
      vertex 68.674 20.1894 2.2
      vertex 67.5906 23.2764 2.2
    endloop
  endfacet
  facet normal -0 0 1
    outer loop
      vertex 67.5163 22.999 2.2
      vertex 68.5 20.3056 2.2
      vertex 67.5625 23.1353 2.2
    endloop
  endfacet
  facet normal 0 0 1
    outer loop
      vertex 68.5 20.3056 2.2
      vertex 67.5163 22.999 2.2
      vertex 68.3123 20.3982 2.2
    endloop
  endfacet
  facet normal 0 0 1
    outer loop
      vertex 68.674 20.1894 2.2
      vertex 67.5625 23.1353 2.2
      vertex 68.5 20.3056 2.2
    endloop
  endfacet
  facet normal 0 0 1
    outer loop
      vertex 68.9694 19.894 2.2
      vertex 67.6 23.42 2.2
      vertex 68.8314 20.0514 2.2
    endloop
  endfacet
  facet normal 0 0 1
    outer loop
      vertex 112.2 35.14 2.2
      vertex 67.5163 23.841 2.2
      vertex 67.5625 23.7047 2.2
    endloop
  endfacet
  facet normal 0 0 1
    outer loop
      vertex 112.2 35.14 2.2
      vertex 67.4526 23.97 2.2
      vertex 67.5163 23.841 2.2
    endloop
  endfacet
  facet normal 0 0 1
    outer loop
      vertex 112.2 35.14 2.2
      vertex 67.3727 24.0896 2.2
      vertex 67.4526 23.97 2.2
    endloop
  endfacet
  facet normal 0 0 1
    outer loop
      vertex 112.2 35.14 2.2
      vertex 67.2778 24.1978 2.2
      vertex 67.3727 24.0896 2.2
    endloop
  endfacet
  facet normal 0 0 1
    outer loop
      vertex 112.2 35.14 2.2
      vertex 67.1696 24.2927 2.2
      vertex 67.2778 24.1978 2.2
    endloop
  endfacet
  facet normal 0 0 1
    outer loop
      vertex 112.2 35.14 2.2
      vertex 67.05 24.3726 2.2
      vertex 67.1696 24.2927 2.2
    endloop
  endfacet
  facet normal 0 0 1
    outer loop
      vertex 112.2 35.14 2.2
      vertex 66.921 24.4363 2.2
      vertex 67.05 24.3726 2.2
    endloop
  endfacet
  facet normal 0 0 1
    outer loop
      vertex 112.2 35.14 2.2
      vertex 66.7847 24.4825 2.2
      vertex 66.921 24.4363 2.2
    endloop
  endfacet
  facet normal 0 0 1
    outer loop
      vertex 112.2 35.14 2.2
      vertex 66.6436 24.5106 2.2
      vertex 66.7847 24.4825 2.2
    endloop
  endfacet
  facet normal 0 0 1
    outer loop
      vertex 112.2 35.14 2.2
      vertex 66.5 24.52 2.2
      vertex 66.6436 24.5106 2.2
    endloop
  endfacet
  facet normal 0 0 1
    outer loop
      vertex 62 24.52 2.2
      vertex 66.5 24.52 2.2
      vertex 112.2 35.14 2.2
    endloop
  endfacet
  facet normal 0 0 1
    outer loop
      vertex 66.5 24.52 2.2
      vertex 62 24.52 2.2
      vertex 66.3564 24.5106 2.2
    endloop
  endfacet
  facet normal 0 0 1
    outer loop
      vertex 65.4094 19.0636 2.2
      vertex 63.1 18.92 2.2
      vertex 65.4 18.92 2.2
    endloop
  endfacet
  facet normal 0 0 1
    outer loop
      vertex 63.0906 23.2764 2.2
      vertex 65.4 23.42 2.2
      vertex 63.1 23.42 2.2
    endloop
  endfacet
  facet normal 0 0 1
    outer loop
      vertex 65.4094 23.5636 2.2
      vertex 63.1 23.42 2.2
      vertex 65.4 23.42 2.2
    endloop
  endfacet
  facet normal 0 0 1
    outer loop
      vertex 63.0906 23.5636 2.2
      vertex 65.4094 23.5636 2.2
      vertex 65.4375 23.7047 2.2
    endloop
  endfacet
  facet normal 0 0 1
    outer loop
      vertex 63.0625 23.7047 2.2
      vertex 65.4375 23.7047 2.2
      vertex 65.4837 23.841 2.2
    endloop
  endfacet
  facet normal 0 0 1
    outer loop
      vertex 63.0163 23.841 2.2
      vertex 65.4837 23.841 2.2
      vertex 65.5474 23.97 2.2
    endloop
  endfacet
  facet normal 0 0 1
    outer loop
      vertex 62.9526 23.97 2.2
      vertex 65.5474 23.97 2.2
      vertex 65.6273 24.0896 2.2
    endloop
  endfacet
  facet normal 0 0 1
    outer loop
      vertex 62.8727 24.0896 2.2
      vertex 65.6273 24.0896 2.2
      vertex 65.7222 24.1978 2.2
    endloop
  endfacet
  facet normal 0 0 1
    outer loop
      vertex 62.7778 24.1978 2.2
      vertex 65.7222 24.1978 2.2
      vertex 65.8304 24.2927 2.2
    endloop
  endfacet
  facet normal 0 0 1
    outer loop
      vertex 62.6696 24.2927 2.2
      vertex 65.8304 24.2927 2.2
      vertex 65.95 24.3726 2.2
    endloop
  endfacet
  facet normal 0 0 1
    outer loop
      vertex 62.55 24.3726 2.2
      vertex 65.95 24.3726 2.2
      vertex 66.079 24.4363 2.2
    endloop
  endfacet
  facet normal 0 0 1
    outer loop
      vertex 65.4094 23.5636 2.2
      vertex 63.0906 23.5636 2.2
      vertex 63.1 23.42 2.2
    endloop
  endfacet
  facet normal 0 0 1
    outer loop
      vertex 62.421 24.4363 2.2
      vertex 66.079 24.4363 2.2
      vertex 66.2153 24.4825 2.2
    endloop
  endfacet
  facet normal 0 0 1
    outer loop
      vertex 65.4375 23.7047 2.2
      vertex 63.0625 23.7047 2.2
      vertex 63.0906 23.5636 2.2
    endloop
  endfacet
  facet normal 0 0 1
    outer loop
      vertex 65.4837 23.841 2.2
      vertex 63.0163 23.841 2.2
      vertex 63.0625 23.7047 2.2
    endloop
  endfacet
  facet normal 0 -0 1
    outer loop
      vertex 62.1436 24.5106 2.2
      vertex 66.3564 24.5106 2.2
      vertex 62 24.52 2.2
    endloop
  endfacet
  facet normal 0 0 1
    outer loop
      vertex 65.5474 23.97 2.2
      vertex 62.9526 23.97 2.2
      vertex 63.0163 23.841 2.2
    endloop
  endfacet
  facet normal 0 0 1
    outer loop
      vertex 65.6273 24.0896 2.2
      vertex 62.8727 24.0896 2.2
      vertex 62.9526 23.97 2.2
    endloop
  endfacet
  facet normal 0 0 1
    outer loop
      vertex 65.7222 24.1978 2.2
      vertex 62.7778 24.1978 2.2
      vertex 62.8727 24.0896 2.2
    endloop
  endfacet
  facet normal 0 0 1
    outer loop
      vertex 65.8304 24.2927 2.2
      vertex 62.6696 24.2927 2.2
      vertex 62.7778 24.1978 2.2
    endloop
  endfacet
  facet normal 0 0 1
    outer loop
      vertex 65.95 24.3726 2.2
      vertex 62.55 24.3726 2.2
      vertex 62.6696 24.2927 2.2
    endloop
  endfacet
  facet normal 0 0 1
    outer loop
      vertex 66.079 24.4363 2.2
      vertex 62.421 24.4363 2.2
      vertex 62.55 24.3726 2.2
    endloop
  endfacet
  facet normal 0 0 1
    outer loop
      vertex 66.2153 24.4825 2.2
      vertex 62.2847 24.4825 2.2
      vertex 62.421 24.4363 2.2
    endloop
  endfacet
  facet normal 0 0 1
    outer loop
      vertex 66.2153 24.4825 2.2
      vertex 62.1436 24.5106 2.2
      vertex 62.2847 24.4825 2.2
    endloop
  endfacet
  facet normal 0 0 1
    outer loop
      vertex 66.3564 24.5106 2.2
      vertex 62.1436 24.5106 2.2
      vertex 66.2153 24.4825 2.2
    endloop
  endfacet
  facet normal 0 0 1
    outer loop
      vertex 57.5 24.52 2.2
      vertex 62 24.52 2.2
      vertex 112.2 35.14 2.2
    endloop
  endfacet
  facet normal 0 0 1
    outer loop
      vertex 62 24.52 2.2
      vertex 57.5 24.52 2.2
      vertex 61.8564 24.5106 2.2
    endloop
  endfacet
  facet normal 0 0 1
    outer loop
      vertex 60.9094 19.0636 2.2
      vertex 58.6 18.92 2.2
      vertex 60.9 18.92 2.2
    endloop
  endfacet
  facet normal 0 0 1
    outer loop
      vertex 60.9375 19.2047 2.2
      vertex 58.6 18.92 2.2
      vertex 60.9094 19.0636 2.2
    endloop
  endfacet
  facet normal 0 0 1
    outer loop
      vertex 60.9094 23.5636 2.2
      vertex 58.6 23.42 2.2
      vertex 60.9 23.42 2.2
    endloop
  endfacet
  facet normal 0 0 1
    outer loop
      vertex 58.5906 23.5636 2.2
      vertex 60.9094 23.5636 2.2
      vertex 60.9375 23.7047 2.2
    endloop
  endfacet
  facet normal 0 0 1
    outer loop
      vertex 58.5625 23.7047 2.2
      vertex 60.9375 23.7047 2.2
      vertex 60.9837 23.841 2.2
    endloop
  endfacet
  facet normal 0 0 1
    outer loop
      vertex 58.5163 23.841 2.2
      vertex 60.9837 23.841 2.2
      vertex 61.0474 23.97 2.2
    endloop
  endfacet
  facet normal 0 0 1
    outer loop
      vertex 58.4526 23.97 2.2
      vertex 61.0474 23.97 2.2
      vertex 61.1273 24.0896 2.2
    endloop
  endfacet
  facet normal 0 0 1
    outer loop
      vertex 58.3727 24.0896 2.2
      vertex 61.1273 24.0896 2.2
      vertex 61.2222 24.1978 2.2
    endloop
  endfacet
  facet normal 0 0 1
    outer loop
      vertex 58.2778 24.1978 2.2
      vertex 61.2222 24.1978 2.2
      vertex 61.3304 24.2927 2.2
    endloop
  endfacet
  facet normal 0 0 1
    outer loop
      vertex 58.1696 24.2927 2.2
      vertex 61.3304 24.2927 2.2
      vertex 61.45 24.3726 2.2
    endloop
  endfacet
  facet normal 0 0 1
    outer loop
      vertex 58.05 24.3726 2.2
      vertex 61.45 24.3726 2.2
      vertex 61.579 24.4363 2.2
    endloop
  endfacet
  facet normal 0 0 1
    outer loop
      vertex 60.9094 23.5636 2.2
      vertex 58.5906 23.5636 2.2
      vertex 58.6 23.42 2.2
    endloop
  endfacet
  facet normal 0 0 1
    outer loop
      vertex 57.921 24.4363 2.2
      vertex 61.579 24.4363 2.2
      vertex 61.7153 24.4825 2.2
    endloop
  endfacet
  facet normal 0 0 1
    outer loop
      vertex 60.9375 23.7047 2.2
      vertex 58.5625 23.7047 2.2
      vertex 58.5906 23.5636 2.2
    endloop
  endfacet
  facet normal 0 0 1
    outer loop
      vertex 60.9837 23.841 2.2
      vertex 58.5163 23.841 2.2
      vertex 58.5625 23.7047 2.2
    endloop
  endfacet
  facet normal 0 -0 1
    outer loop
      vertex 57.6436 24.5106 2.2
      vertex 61.8564 24.5106 2.2
      vertex 57.5 24.52 2.2
    endloop
  endfacet
  facet normal 0 0 1
    outer loop
      vertex 61.0474 23.97 2.2
      vertex 58.4526 23.97 2.2
      vertex 58.5163 23.841 2.2
    endloop
  endfacet
  facet normal 0 0 1
    outer loop
      vertex 61.1273 24.0896 2.2
      vertex 58.3727 24.0896 2.2
      vertex 58.4526 23.97 2.2
    endloop
  endfacet
  facet normal 0 0 1
    outer loop
      vertex 61.2222 24.1978 2.2
      vertex 58.2778 24.1978 2.2
      vertex 58.3727 24.0896 2.2
    endloop
  endfacet
  facet normal 0 0 1
    outer loop
      vertex 61.3304 24.2927 2.2
      vertex 58.1696 24.2927 2.2
      vertex 58.2778 24.1978 2.2
    endloop
  endfacet
  facet normal 0 0 1
    outer loop
      vertex 61.45 24.3726 2.2
      vertex 58.05 24.3726 2.2
      vertex 58.1696 24.2927 2.2
    endloop
  endfacet
  facet normal 0 0 1
    outer loop
      vertex 61.579 24.4363 2.2
      vertex 57.921 24.4363 2.2
      vertex 58.05 24.3726 2.2
    endloop
  endfacet
  facet normal 0 0 1
    outer loop
      vertex 61.7153 24.4825 2.2
      vertex 57.7847 24.4825 2.2
      vertex 57.921 24.4363 2.2
    endloop
  endfacet
  facet normal 0 0 1
    outer loop
      vertex 61.7153 24.4825 2.2
      vertex 57.6436 24.5106 2.2
      vertex 57.7847 24.4825 2.2
    endloop
  endfacet
  facet normal 0 0 1
    outer loop
      vertex 61.8564 24.5106 2.2
      vertex 57.6436 24.5106 2.2
      vertex 61.7153 24.4825 2.2
    endloop
  endfacet
  facet normal -0 0 1
    outer loop
      vertex 5.2 35.14 2.2
      vertex 57.5 24.52 2.2
      vertex 112.2 35.14 2.2
    endloop
  endfacet
  facet normal 0 0 1
    outer loop
      vertex 56.4837 19.341 2.2
      vertex 51.2455 19.3341 2.2
      vertex 56.4375 19.2047 2.2
    endloop
  endfacet
  facet normal 0 0 1
    outer loop
      vertex 56.4094 18.7764 2.2
      vertex 51.3 18.92 2.2
      vertex 51.2863 18.7112 2.2
    endloop
  endfacet
  facet normal 0 0 1
    outer loop
      vertex 50.5 20.3056 2.2
      vertex 56.4 23.42 2.2
      vertex 56.4094 23.5636 2.2
    endloop
  endfacet
  facet normal 0 0 1
    outer loop
      vertex 50.3123 20.3982 2.2
      vertex 56.4094 23.5636 2.2
      vertex 56.4375 23.7047 2.2
    endloop
  endfacet
  facet normal 0 0 1
    outer loop
      vertex 50.1141 20.4655 2.2
      vertex 56.4375 23.7047 2.2
      vertex 56.4837 23.841 2.2
    endloop
  endfacet
  facet normal 0 0 1
    outer loop
      vertex 49.9088 20.5063 2.2
      vertex 56.4837 23.841 2.2
      vertex 56.5474 23.97 2.2
    endloop
  endfacet
  facet normal 0 0 1
    outer loop
      vertex 49.7 20.52 2.2
      vertex 56.5474 23.97 2.2
      vertex 56.6273 24.0896 2.2
    endloop
  endfacet
  facet normal 0 0 1
    outer loop
      vertex 49.4912 20.5063 2.2
      vertex 56.6273 24.0896 2.2
      vertex 56.7222 24.1978 2.2
    endloop
  endfacet
  facet normal 0 0 1
    outer loop
      vertex 56.4094 19.0636 2.2
      vertex 51.3 18.92 2.2
      vertex 56.4 18.92 2.2
    endloop
  endfacet
  facet normal 0 -0 1
    outer loop
      vertex 51.3 18.92 2.2
      vertex 56.4094 19.0636 2.2
      vertex 51.2863 19.1288 2.2
    endloop
  endfacet
  facet normal 0 0 1
    outer loop
      vertex 56.4375 19.2047 2.2
      vertex 51.2863 19.1288 2.2
      vertex 56.4094 19.0636 2.2
    endloop
  endfacet
  facet normal 0 0 1
    outer loop
      vertex 49.2859 20.4655 2.2
      vertex 56.7222 24.1978 2.2
      vertex 56.8304 24.2927 2.2
    endloop
  endfacet
  facet normal 0 -0 1
    outer loop
      vertex 51.2863 19.1288 2.2
      vertex 56.4375 19.2047 2.2
      vertex 51.2455 19.3341 2.2
    endloop
  endfacet
  facet normal 0 0 1
    outer loop
      vertex 56.4837 22.999 2.2
      vertex 50.9694 19.894 2.2
      vertex 51.0856 19.72 2.2
    endloop
  endfacet
  facet normal 0 0 1
    outer loop
      vertex 56.4375 23.1353 2.2
      vertex 50.8314 20.0514 2.2
      vertex 50.9694 19.894 2.2
    endloop
  endfacet
  facet normal 0 0 1
    outer loop
      vertex 56.4094 23.2764 2.2
      vertex 50.674 20.1894 2.2
      vertex 50.8314 20.0514 2.2
    endloop
  endfacet
  facet normal 0 0 1
    outer loop
      vertex 49.0877 20.3982 2.2
      vertex 56.8304 24.2927 2.2
      vertex 56.95 24.3726 2.2
    endloop
  endfacet
  facet normal 0 0 1
    outer loop
      vertex 56.4 23.42 2.2
      vertex 50.5 20.3056 2.2
      vertex 50.674 20.1894 2.2
    endloop
  endfacet
  facet normal 0 0 1
    outer loop
      vertex 56.4094 23.5636 2.2
      vertex 50.3123 20.3982 2.2
      vertex 50.5 20.3056 2.2
    endloop
  endfacet
  facet normal 0 0 1
    outer loop
      vertex 56.4375 23.7047 2.2
      vertex 50.1141 20.4655 2.2
      vertex 50.3123 20.3982 2.2
    endloop
  endfacet
  facet normal 0 0 1
    outer loop
      vertex 56.4837 23.841 2.2
      vertex 49.9088 20.5063 2.2
      vertex 50.1141 20.4655 2.2
    endloop
  endfacet
  facet normal 0 0 1
    outer loop
      vertex 56.5474 23.97 2.2
      vertex 49.7 20.52 2.2
      vertex 49.9088 20.5063 2.2
    endloop
  endfacet
  facet normal 0 0 1
    outer loop
      vertex 56.6273 24.0896 2.2
      vertex 49.4912 20.5063 2.2
      vertex 49.7 20.52 2.2
    endloop
  endfacet
  facet normal 0 0 1
    outer loop
      vertex 56.7222 24.1978 2.2
      vertex 49.2859 20.4655 2.2
      vertex 49.4912 20.5063 2.2
    endloop
  endfacet
  facet normal 0 0 1
    outer loop
      vertex 56.8304 24.2927 2.2
      vertex 49.0877 20.3982 2.2
      vertex 49.2859 20.4655 2.2
    endloop
  endfacet
  facet normal 0 0 1
    outer loop
      vertex 5.2 35.14 2.2
      vertex 49.0877 20.3982 2.2
      vertex 56.95 24.3726 2.2
    endloop
  endfacet
  facet normal 0 0 1
    outer loop
      vertex 48.1137 19.1288 2.2
      vertex 5.2 35.14 2.2
      vertex 48.1 18.92 2.2
    endloop
  endfacet
  facet normal 0 0 1
    outer loop
      vertex 48.1545 19.3341 2.2
      vertex 5.2 35.14 2.2
      vertex 48.1137 19.1288 2.2
    endloop
  endfacet
  facet normal 0 0 1
    outer loop
      vertex 48.2218 19.5323 2.2
      vertex 5.2 35.14 2.2
      vertex 48.1545 19.3341 2.2
    endloop
  endfacet
  facet normal 0 0 1
    outer loop
      vertex 48.3144 19.72 2.2
      vertex 5.2 35.14 2.2
      vertex 48.2218 19.5323 2.2
    endloop
  endfacet
  facet normal 0 0 1
    outer loop
      vertex 48.4306 19.894 2.2
      vertex 5.2 35.14 2.2
      vertex 48.3144 19.72 2.2
    endloop
  endfacet
  facet normal 0 0 1
    outer loop
      vertex 48.5686 20.0514 2.2
      vertex 5.2 35.14 2.2
      vertex 48.4306 19.894 2.2
    endloop
  endfacet
  facet normal 0 0 1
    outer loop
      vertex 48.726 20.1894 2.2
      vertex 5.2 35.14 2.2
      vertex 48.5686 20.0514 2.2
    endloop
  endfacet
  facet normal 0 0 1
    outer loop
      vertex 48.9 20.3056 2.2
      vertex 5.2 35.14 2.2
      vertex 48.726 20.1894 2.2
    endloop
  endfacet
  facet normal 0 0 1
    outer loop
      vertex 49.0877 20.3982 2.2
      vertex 5.2 35.14 2.2
      vertex 48.9 20.3056 2.2
    endloop
  endfacet
  facet normal 0 0 1
    outer loop
      vertex 57.079 24.4363 2.2
      vertex 5.2 35.14 2.2
      vertex 56.95 24.3726 2.2
    endloop
  endfacet
  facet normal 0 0 1
    outer loop
      vertex 57.2153 24.4825 2.2
      vertex 5.2 35.14 2.2
      vertex 57.079 24.4363 2.2
    endloop
  endfacet
  facet normal 0 0 1
    outer loop
      vertex 57.3564 24.5106 2.2
      vertex 5.2 35.14 2.2
      vertex 57.2153 24.4825 2.2
    endloop
  endfacet
  facet normal 0 0 1
    outer loop
      vertex 57.5 24.52 2.2
      vertex 5.2 35.14 2.2
      vertex 57.3564 24.5106 2.2
    endloop
  endfacet
  facet normal -0 0 1
    outer loop
      vertex 69.2863 18.7112 2.2
      vertex 112.2 2.7 2.2
      vertex 69.3 18.92 2.2
    endloop
  endfacet
  facet normal -0 0 1
    outer loop
      vertex 69.2455 18.5059 2.2
      vertex 112.2 2.7 2.2
      vertex 69.2863 18.7112 2.2
    endloop
  endfacet
  facet normal -0 0 1
    outer loop
      vertex 69.1782 18.3077 2.2
      vertex 112.2 2.7 2.2
      vertex 69.2455 18.5059 2.2
    endloop
  endfacet
  facet normal -0 0 1
    outer loop
      vertex 69.0856 18.12 2.2
      vertex 112.2 2.7 2.2
      vertex 69.1782 18.3077 2.2
    endloop
  endfacet
  facet normal 0 0 1
    outer loop
      vertex 67.5906 14.2764 2.2
      vertex 69.0856 18.12 2.2
      vertex 68.9694 17.946 2.2
    endloop
  endfacet
  facet normal 0 0 1
    outer loop
      vertex 67.6 14.42 2.2
      vertex 68.9694 17.946 2.2
      vertex 68.8314 17.7886 2.2
    endloop
  endfacet
  facet normal 0 0 1
    outer loop
      vertex 67.5906 14.5636 2.2
      vertex 68.8314 17.7886 2.2
      vertex 68.674 17.6506 2.2
    endloop
  endfacet
  facet normal 0 0 1
    outer loop
      vertex 67.5906 14.5636 2.2
      vertex 68.674 17.6506 2.2
      vertex 68.5 17.5344 2.2
    endloop
  endfacet
  facet normal 0 0 1
    outer loop
      vertex 67.5906 14.5636 2.2
      vertex 68.5 17.5344 2.2
      vertex 68.3123 17.4418 2.2
    endloop
  endfacet
  facet normal 0 0 1
    outer loop
      vertex 67.5906 14.5636 2.2
      vertex 68.3123 17.4418 2.2
      vertex 68.1141 17.3745 2.2
    endloop
  endfacet
  facet normal 0 0 1
    outer loop
      vertex 67.5906 14.5636 2.2
      vertex 68.1141 17.3745 2.2
      vertex 67.9088 17.3337 2.2
    endloop
  endfacet
  facet normal 0 0 1
    outer loop
      vertex 67.1696 15.2927 2.2
      vertex 67.9088 17.3337 2.2
      vertex 67.7 17.32 2.2
    endloop
  endfacet
  facet normal 0 0 1
    outer loop
      vertex 68.9694 17.946 2.2
      vertex 67.6 14.42 2.2
      vertex 67.5906 14.2764 2.2
    endloop
  endfacet
  facet normal 0 0 1
    outer loop
      vertex 69.0856 18.12 2.2
      vertex 67.5906 14.2764 2.2
      vertex 67.5625 14.1353 2.2
    endloop
  endfacet
  facet normal 0 0 1
    outer loop
      vertex 69.0856 18.12 2.2
      vertex 67.5625 14.1353 2.2
      vertex 112.2 2.7 2.2
    endloop
  endfacet
  facet normal -0 0 1
    outer loop
      vertex 67.5163 13.999 2.2
      vertex 112.2 2.7 2.2
      vertex 67.5625 14.1353 2.2
    endloop
  endfacet
  facet normal -0 0 1
    outer loop
      vertex 67.4526 13.87 2.2
      vertex 112.2 2.7 2.2
      vertex 67.5163 13.999 2.2
    endloop
  endfacet
  facet normal -0 0 1
    outer loop
      vertex 67.3727 13.7504 2.2
      vertex 112.2 2.7 2.2
      vertex 67.4526 13.87 2.2
    endloop
  endfacet
  facet normal -0 0 1
    outer loop
      vertex 67.2778 13.6422 2.2
      vertex 112.2 2.7 2.2
      vertex 67.3727 13.7504 2.2
    endloop
  endfacet
  facet normal -0 0 1
    outer loop
      vertex 67.1696 13.5473 2.2
      vertex 112.2 2.7 2.2
      vertex 67.2778 13.6422 2.2
    endloop
  endfacet
  facet normal -0 0 1
    outer loop
      vertex 67.05 13.4674 2.2
      vertex 112.2 2.7 2.2
      vertex 67.1696 13.5473 2.2
    endloop
  endfacet
  facet normal -0 0 1
    outer loop
      vertex 66.921 13.4037 2.2
      vertex 112.2 2.7 2.2
      vertex 67.05 13.4674 2.2
    endloop
  endfacet
  facet normal -0 0 1
    outer loop
      vertex 66.7847 13.3575 2.2
      vertex 112.2 2.7 2.2
      vertex 66.921 13.4037 2.2
    endloop
  endfacet
  facet normal -0 0 1
    outer loop
      vertex 66.6436 13.3294 2.2
      vertex 112.2 2.7 2.2
      vertex 66.7847 13.3575 2.2
    endloop
  endfacet
  facet normal -0 0 1
    outer loop
      vertex 66.5 13.32 2.2
      vertex 112.2 2.7 2.2
      vertex 66.6436 13.3294 2.2
    endloop
  endfacet
  facet normal 0 0 1
    outer loop
      vertex 62 13.32 2.2
      vertex 66.5 13.32 2.2
      vertex 66.3564 13.3294 2.2
    endloop
  endfacet
  facet normal 0 0 1
    outer loop
      vertex 62.1436 13.3294 2.2
      vertex 66.3564 13.3294 2.2
      vertex 66.2153 13.3575 2.2
    endloop
  endfacet
  facet normal 0 0 1
    outer loop
      vertex 65.4375 14.7047 2.2
      vertex 63.1 14.42 2.2
      vertex 65.4094 14.5636 2.2
    endloop
  endfacet
  facet normal 0 0 1
    outer loop
      vertex 65.4094 14.5636 2.2
      vertex 63.1 14.42 2.2
      vertex 65.4 14.42 2.2
    endloop
  endfacet
  facet normal 0 0 1
    outer loop
      vertex 65.4 14.42 2.2
      vertex 63.1 14.42 2.2
      vertex 65.4094 14.2764 2.2
    endloop
  endfacet
  facet normal 0 0 1
    outer loop
      vertex 63.0906 14.2764 2.2
      vertex 65.4094 14.2764 2.2
      vertex 63.1 14.42 2.2
    endloop
  endfacet
  facet normal 0 0 1
    outer loop
      vertex 65.4094 14.2764 2.2
      vertex 63.0906 14.2764 2.2
      vertex 65.4375 14.1353 2.2
    endloop
  endfacet
  facet normal 0 0 1
    outer loop
      vertex 63.0625 14.1353 2.2
      vertex 65.4375 14.1353 2.2
      vertex 63.0906 14.2764 2.2
    endloop
  endfacet
  facet normal 0 0 1
    outer loop
      vertex 65.4375 14.1353 2.2
      vertex 63.0625 14.1353 2.2
      vertex 65.4837 13.999 2.2
    endloop
  endfacet
  facet normal 0 0 1
    outer loop
      vertex 63.0163 13.999 2.2
      vertex 65.4837 13.999 2.2
      vertex 63.0625 14.1353 2.2
    endloop
  endfacet
  facet normal 0 0 1
    outer loop
      vertex 65.4837 13.999 2.2
      vertex 63.0163 13.999 2.2
      vertex 65.5474 13.87 2.2
    endloop
  endfacet
  facet normal 0 0 1
    outer loop
      vertex 62.9526 13.87 2.2
      vertex 65.5474 13.87 2.2
      vertex 63.0163 13.999 2.2
    endloop
  endfacet
  facet normal 0 0 1
    outer loop
      vertex 65.5474 13.87 2.2
      vertex 62.9526 13.87 2.2
      vertex 65.6273 13.7504 2.2
    endloop
  endfacet
  facet normal 0 0 1
    outer loop
      vertex 62.8727 13.7504 2.2
      vertex 65.6273 13.7504 2.2
      vertex 62.9526 13.87 2.2
    endloop
  endfacet
  facet normal 0 0 1
    outer loop
      vertex 65.6273 13.7504 2.2
      vertex 62.8727 13.7504 2.2
      vertex 65.7222 13.6422 2.2
    endloop
  endfacet
  facet normal 0 0 1
    outer loop
      vertex 62.7778 13.6422 2.2
      vertex 65.7222 13.6422 2.2
      vertex 62.8727 13.7504 2.2
    endloop
  endfacet
  facet normal 0 0 1
    outer loop
      vertex 65.7222 13.6422 2.2
      vertex 62.7778 13.6422 2.2
      vertex 65.8304 13.5473 2.2
    endloop
  endfacet
  facet normal 0 0 1
    outer loop
      vertex 62.6696 13.5473 2.2
      vertex 65.8304 13.5473 2.2
      vertex 62.7778 13.6422 2.2
    endloop
  endfacet
  facet normal 0 0 1
    outer loop
      vertex 65.8304 13.5473 2.2
      vertex 62.6696 13.5473 2.2
      vertex 65.95 13.4674 2.2
    endloop
  endfacet
  facet normal 0 0 1
    outer loop
      vertex 62.55 13.4674 2.2
      vertex 65.95 13.4674 2.2
      vertex 62.6696 13.5473 2.2
    endloop
  endfacet
  facet normal 0 0 1
    outer loop
      vertex 65.95 13.4674 2.2
      vertex 62.55 13.4674 2.2
      vertex 66.079 13.4037 2.2
    endloop
  endfacet
  facet normal 0 0 1
    outer loop
      vertex 62.421 13.4037 2.2
      vertex 66.079 13.4037 2.2
      vertex 62.55 13.4674 2.2
    endloop
  endfacet
  facet normal 0 0 1
    outer loop
      vertex 66.079 13.4037 2.2
      vertex 62.421 13.4037 2.2
      vertex 66.2153 13.3575 2.2
    endloop
  endfacet
  facet normal 0 0 1
    outer loop
      vertex 62.2847 13.3575 2.2
      vertex 66.2153 13.3575 2.2
      vertex 62.421 13.4037 2.2
    endloop
  endfacet
  facet normal 0 0 1
    outer loop
      vertex 62.1436 13.3294 2.2
      vertex 66.2153 13.3575 2.2
      vertex 62.2847 13.3575 2.2
    endloop
  endfacet
  facet normal 0 0 1
    outer loop
      vertex 66.3564 13.3294 2.2
      vertex 62.1436 13.3294 2.2
      vertex 62 13.32 2.2
    endloop
  endfacet
  facet normal 0 0 1
    outer loop
      vertex 66.5 13.32 2.2
      vertex 62 13.32 2.2
      vertex 112.2 2.7 2.2
    endloop
  endfacet
  facet normal 0 0 1
    outer loop
      vertex 57.5 13.32 2.2
      vertex 62 13.32 2.2
      vertex 61.8564 13.3294 2.2
    endloop
  endfacet
  facet normal 0 0 1
    outer loop
      vertex 57.6436 13.3294 2.2
      vertex 61.8564 13.3294 2.2
      vertex 61.7153 13.3575 2.2
    endloop
  endfacet
  facet normal 0 0 1
    outer loop
      vertex 60.9375 14.7047 2.2
      vertex 58.6 14.42 2.2
      vertex 60.9094 14.5636 2.2
    endloop
  endfacet
  facet normal 0 0 1
    outer loop
      vertex 60.9094 14.5636 2.2
      vertex 58.6 14.42 2.2
      vertex 60.9 14.42 2.2
    endloop
  endfacet
  facet normal 0 0 1
    outer loop
      vertex 60.9 14.42 2.2
      vertex 58.6 14.42 2.2
      vertex 60.9094 14.2764 2.2
    endloop
  endfacet
  facet normal 0 0 1
    outer loop
      vertex 58.5906 14.2764 2.2
      vertex 60.9094 14.2764 2.2
      vertex 58.6 14.42 2.2
    endloop
  endfacet
  facet normal 0 0 1
    outer loop
      vertex 60.9094 14.2764 2.2
      vertex 58.5906 14.2764 2.2
      vertex 60.9375 14.1353 2.2
    endloop
  endfacet
  facet normal 0 0 1
    outer loop
      vertex 58.5625 14.1353 2.2
      vertex 60.9375 14.1353 2.2
      vertex 58.5906 14.2764 2.2
    endloop
  endfacet
  facet normal 0 0 1
    outer loop
      vertex 60.9375 14.1353 2.2
      vertex 58.5625 14.1353 2.2
      vertex 60.9837 13.999 2.2
    endloop
  endfacet
  facet normal 0 0 1
    outer loop
      vertex 58.5163 13.999 2.2
      vertex 60.9837 13.999 2.2
      vertex 58.5625 14.1353 2.2
    endloop
  endfacet
  facet normal 0 0 1
    outer loop
      vertex 60.9837 13.999 2.2
      vertex 58.5163 13.999 2.2
      vertex 61.0474 13.87 2.2
    endloop
  endfacet
  facet normal 0 0 1
    outer loop
      vertex 58.4526 13.87 2.2
      vertex 61.0474 13.87 2.2
      vertex 58.5163 13.999 2.2
    endloop
  endfacet
  facet normal 0 0 1
    outer loop
      vertex 61.0474 13.87 2.2
      vertex 58.4526 13.87 2.2
      vertex 61.1273 13.7504 2.2
    endloop
  endfacet
  facet normal 0 0 1
    outer loop
      vertex 58.3727 13.7504 2.2
      vertex 61.1273 13.7504 2.2
      vertex 58.4526 13.87 2.2
    endloop
  endfacet
  facet normal 0 0 1
    outer loop
      vertex 61.1273 13.7504 2.2
      vertex 58.3727 13.7504 2.2
      vertex 61.2222 13.6422 2.2
    endloop
  endfacet
  facet normal 0 0 1
    outer loop
      vertex 58.2778 13.6422 2.2
      vertex 61.2222 13.6422 2.2
      vertex 58.3727 13.7504 2.2
    endloop
  endfacet
  facet normal 0 0 1
    outer loop
      vertex 61.2222 13.6422 2.2
      vertex 58.2778 13.6422 2.2
      vertex 61.3304 13.5473 2.2
    endloop
  endfacet
  facet normal 0 0 1
    outer loop
      vertex 58.1696 13.5473 2.2
      vertex 61.3304 13.5473 2.2
      vertex 58.2778 13.6422 2.2
    endloop
  endfacet
  facet normal 0 0 1
    outer loop
      vertex 61.3304 13.5473 2.2
      vertex 58.1696 13.5473 2.2
      vertex 61.45 13.4674 2.2
    endloop
  endfacet
  facet normal 0 0 1
    outer loop
      vertex 58.05 13.4674 2.2
      vertex 61.45 13.4674 2.2
      vertex 58.1696 13.5473 2.2
    endloop
  endfacet
  facet normal 0 0 1
    outer loop
      vertex 61.45 13.4674 2.2
      vertex 58.05 13.4674 2.2
      vertex 61.579 13.4037 2.2
    endloop
  endfacet
  facet normal 0 0 1
    outer loop
      vertex 57.921 13.4037 2.2
      vertex 61.579 13.4037 2.2
      vertex 58.05 13.4674 2.2
    endloop
  endfacet
  facet normal 0 0 1
    outer loop
      vertex 61.579 13.4037 2.2
      vertex 57.921 13.4037 2.2
      vertex 61.7153 13.3575 2.2
    endloop
  endfacet
  facet normal 0 0 1
    outer loop
      vertex 57.7847 13.3575 2.2
      vertex 61.7153 13.3575 2.2
      vertex 57.921 13.4037 2.2
    endloop
  endfacet
  facet normal 0 0 1
    outer loop
      vertex 57.6436 13.3294 2.2
      vertex 61.7153 13.3575 2.2
      vertex 57.7847 13.3575 2.2
    endloop
  endfacet
  facet normal 0 0 1
    outer loop
      vertex 61.8564 13.3294 2.2
      vertex 57.6436 13.3294 2.2
      vertex 57.5 13.32 2.2
    endloop
  endfacet
  facet normal 0 0 1
    outer loop
      vertex 62 13.32 2.2
      vertex 57.5 13.32 2.2
      vertex 112.2 2.7 2.2
    endloop
  endfacet
  facet normal 0 0 1
    outer loop
      vertex 5.2 2.7 2.2
      vertex 57.5 13.32 2.2
      vertex 57.3564 13.3294 2.2
    endloop
  endfacet
  facet normal 0 0 1
    outer loop
      vertex 56.4375 18.6353 2.2
      vertex 51.2863 18.7112 2.2
      vertex 51.2455 18.5059 2.2
    endloop
  endfacet
  facet normal 0 0 1
    outer loop
      vertex 56.4837 18.499 2.2
      vertex 51.2455 18.5059 2.2
      vertex 51.1782 18.3077 2.2
    endloop
  endfacet
  facet normal 0 0 1
    outer loop
      vertex 56.5474 18.37 2.2
      vertex 51.1782 18.3077 2.2
      vertex 51.0856 18.12 2.2
    endloop
  endfacet
  facet normal -0 0 1
    outer loop
      vertex 50.8314 17.7886 2.2
      vertex 56.4375 14.7047 2.2
      vertex 50.9694 17.946 2.2
    endloop
  endfacet
  facet normal 0 0 1
    outer loop
      vertex 56.4375 14.7047 2.2
      vertex 50.8314 17.7886 2.2
      vertex 56.4094 14.5636 2.2
    endloop
  endfacet
  facet normal -0 0 1
    outer loop
      vertex 50.674 17.6506 2.2
      vertex 56.4094 14.5636 2.2
      vertex 50.8314 17.7886 2.2
    endloop
  endfacet
  facet normal 0 0 1
    outer loop
      vertex 56.4094 14.5636 2.2
      vertex 50.674 17.6506 2.2
      vertex 56.4 14.42 2.2
    endloop
  endfacet
  facet normal -0 0 1
    outer loop
      vertex 50.5 17.5344 2.2
      vertex 56.4 14.42 2.2
      vertex 50.674 17.6506 2.2
    endloop
  endfacet
  facet normal 0 0 1
    outer loop
      vertex 56.4 14.42 2.2
      vertex 50.5 17.5344 2.2
      vertex 56.4094 14.2764 2.2
    endloop
  endfacet
  facet normal -0 0 1
    outer loop
      vertex 50.3123 17.4418 2.2
      vertex 56.4094 14.2764 2.2
      vertex 50.5 17.5344 2.2
    endloop
  endfacet
  facet normal 0 0 1
    outer loop
      vertex 56.4094 14.2764 2.2
      vertex 50.3123 17.4418 2.2
      vertex 56.4375 14.1353 2.2
    endloop
  endfacet
  facet normal -0 0 1
    outer loop
      vertex 50.1141 17.3745 2.2
      vertex 56.4375 14.1353 2.2
      vertex 50.3123 17.4418 2.2
    endloop
  endfacet
  facet normal 0 0 1
    outer loop
      vertex 56.4375 14.1353 2.2
      vertex 50.1141 17.3745 2.2
      vertex 56.4837 13.999 2.2
    endloop
  endfacet
  facet normal -0 0 1
    outer loop
      vertex 49.9088 17.3337 2.2
      vertex 56.4837 13.999 2.2
      vertex 50.1141 17.3745 2.2
    endloop
  endfacet
  facet normal 0 0 1
    outer loop
      vertex 56.4837 13.999 2.2
      vertex 49.9088 17.3337 2.2
      vertex 56.5474 13.87 2.2
    endloop
  endfacet
  facet normal -0 0 1
    outer loop
      vertex 49.7 17.32 2.2
      vertex 56.5474 13.87 2.2
      vertex 49.9088 17.3337 2.2
    endloop
  endfacet
  facet normal 0 0 1
    outer loop
      vertex 56.5474 13.87 2.2
      vertex 49.7 17.32 2.2
      vertex 56.6273 13.7504 2.2
    endloop
  endfacet
  facet normal 0 0 1
    outer loop
      vertex 49.4912 17.3337 2.2
      vertex 56.6273 13.7504 2.2
      vertex 49.7 17.32 2.2
    endloop
  endfacet
  facet normal 0 0 1
    outer loop
      vertex 56.6273 13.7504 2.2
      vertex 49.4912 17.3337 2.2
      vertex 56.7222 13.6422 2.2
    endloop
  endfacet
  facet normal 0 0 1
    outer loop
      vertex 49.2859 17.3745 2.2
      vertex 56.7222 13.6422 2.2
      vertex 49.4912 17.3337 2.2
    endloop
  endfacet
  facet normal 0 0 1
    outer loop
      vertex 56.7222 13.6422 2.2
      vertex 49.2859 17.3745 2.2
      vertex 56.8304 13.5473 2.2
    endloop
  endfacet
  facet normal 0 0 1
    outer loop
      vertex 49.0877 17.4418 2.2
      vertex 56.8304 13.5473 2.2
      vertex 49.2859 17.3745 2.2
    endloop
  endfacet
  facet normal 0 0 1
    outer loop
      vertex 56.8304 13.5473 2.2
      vertex 49.0877 17.4418 2.2
      vertex 56.95 13.4674 2.2
    endloop
  endfacet
  facet normal 0 0 1
    outer loop
      vertex 5.2 2.7 2.2
      vertex 49.0877 17.4418 2.2
      vertex 48.9 17.5344 2.2
    endloop
  endfacet
  facet normal 0 0 1
    outer loop
      vertex 5.2 2.7 2.2
      vertex 48.1 18.92 2.2
      vertex 5.2 35.14 2.2
    endloop
  endfacet
  facet normal 0 0 1
    outer loop
      vertex 48.1 18.92 2.2
      vertex 5.2 2.7 2.2
      vertex 48.1137 18.7112 2.2
    endloop
  endfacet
  facet normal 0 0 1
    outer loop
      vertex 48.1137 18.7112 2.2
      vertex 5.2 2.7 2.2
      vertex 48.1545 18.5059 2.2
    endloop
  endfacet
  facet normal 0 0 1
    outer loop
      vertex 48.1545 18.5059 2.2
      vertex 5.2 2.7 2.2
      vertex 48.2218 18.3077 2.2
    endloop
  endfacet
  facet normal 0 0 1
    outer loop
      vertex 48.2218 18.3077 2.2
      vertex 5.2 2.7 2.2
      vertex 48.3144 18.12 2.2
    endloop
  endfacet
  facet normal 0 0 1
    outer loop
      vertex 48.3144 18.12 2.2
      vertex 5.2 2.7 2.2
      vertex 48.4306 17.946 2.2
    endloop
  endfacet
  facet normal 0 0 1
    outer loop
      vertex 48.4306 17.946 2.2
      vertex 5.2 2.7 2.2
      vertex 48.5686 17.7886 2.2
    endloop
  endfacet
  facet normal 0 0 1
    outer loop
      vertex 48.5686 17.7886 2.2
      vertex 5.2 2.7 2.2
      vertex 48.726 17.6506 2.2
    endloop
  endfacet
  facet normal 0 0 1
    outer loop
      vertex 48.726 17.6506 2.2
      vertex 5.2 2.7 2.2
      vertex 48.9 17.5344 2.2
    endloop
  endfacet
  facet normal 0 0 1
    outer loop
      vertex 49.0877 17.4418 2.2
      vertex 5.2 2.7 2.2
      vertex 56.95 13.4674 2.2
    endloop
  endfacet
  facet normal 0 0 1
    outer loop
      vertex 57.5 13.32 2.2
      vertex 5.2 2.7 2.2
      vertex 112.2 2.7 2.2
    endloop
  endfacet
  facet normal 0 0 1
    outer loop
      vertex 57.2153 13.3575 2.2
      vertex 5.2 2.7 2.2
      vertex 57.3564 13.3294 2.2
    endloop
  endfacet
  facet normal 0 0 1
    outer loop
      vertex 57.079 13.4037 2.2
      vertex 5.2 2.7 2.2
      vertex 57.2153 13.3575 2.2
    endloop
  endfacet
  facet normal 0 0 1
    outer loop
      vertex 56.95 13.4674 2.2
      vertex 5.2 2.7 2.2
      vertex 57.079 13.4037 2.2
    endloop
  endfacet
  facet normal 0 0 1
    outer loop
      vertex 2.7 32.64 2.2
      vertex 5.2 35.14 2.2
      vertex 4.87368 35.1186 2.2
    endloop
  endfacet
  facet normal 0 0 1
    outer loop
      vertex 5.2 35.14 2.2
      vertex 2.7 32.64 2.2
      vertex 5.2 2.7 2.2
    endloop
  endfacet
  facet normal 0 0 1
    outer loop
      vertex 2.7 32.64 2.2
      vertex 4.87368 35.1186 2.2
      vertex 4.55295 35.0548 2.2
    endloop
  endfacet
  facet normal -0 0 1
    outer loop
      vertex 2.7 5.2 2.2
      vertex 5.2 2.7 2.2
      vertex 2.7 32.64 2.2
    endloop
  endfacet
  facet normal 0 0 1
    outer loop
      vertex 2.7 32.64 2.2
      vertex 4.55295 35.0548 2.2
      vertex 4.24329 34.9497 2.2
    endloop
  endfacet
  facet normal 0 0 1
    outer loop
      vertex 5.2 2.7 2.2
      vertex 2.7 5.2 2.2
      vertex 4.87368 2.72139 2.2
    endloop
  endfacet
  facet normal 0 0 1
    outer loop
      vertex 2.7 32.64 2.2
      vertex 4.24329 34.9497 2.2
      vertex 3.95 34.8051 2.2
    endloop
  endfacet
  facet normal 0 0 1
    outer loop
      vertex 4.87368 2.72139 2.2
      vertex 2.7 5.2 2.2
      vertex 4.55295 2.78518 2.2
    endloop
  endfacet
  facet normal 0 0 1
    outer loop
      vertex 2.7 32.64 2.2
      vertex 3.95 34.8051 2.2
      vertex 3.6781 34.6234 2.2
    endloop
  endfacet
  facet normal 0 0 1
    outer loop
      vertex 4.55295 2.78518 2.2
      vertex 2.7 5.2 2.2
      vertex 4.24329 2.8903 2.2
    endloop
  endfacet
  facet normal 0 0 1
    outer loop
      vertex 2.7 32.64 2.2
      vertex 3.6781 34.6234 2.2
      vertex 3.43223 34.4078 2.2
    endloop
  endfacet
  facet normal 0 0 1
    outer loop
      vertex 4.24329 2.8903 2.2
      vertex 2.7 5.2 2.2
      vertex 3.95 3.03494 2.2
    endloop
  endfacet
  facet normal 0 0 1
    outer loop
      vertex 2.7 32.64 2.2
      vertex 3.43223 34.4078 2.2
      vertex 3.21662 34.1619 2.2
    endloop
  endfacet
  facet normal 0 0 1
    outer loop
      vertex 3.95 3.03494 2.2
      vertex 2.7 5.2 2.2
      vertex 3.6781 3.21662 2.2
    endloop
  endfacet
  facet normal 0 0 1
    outer loop
      vertex 2.7 32.64 2.2
      vertex 3.21662 34.1619 2.2
      vertex 3.03494 33.89 2.2
    endloop
  endfacet
  facet normal 0 0 1
    outer loop
      vertex 3.6781 3.21662 2.2
      vertex 2.7 5.2 2.2
      vertex 3.43223 3.43223 2.2
    endloop
  endfacet
  facet normal 0 0 1
    outer loop
      vertex 2.7 32.64 2.2
      vertex 3.03494 33.89 2.2
      vertex 2.8903 33.5967 2.2
    endloop
  endfacet
  facet normal 0 0 1
    outer loop
      vertex 3.43223 3.43223 2.2
      vertex 2.7 5.2 2.2
      vertex 3.21662 3.6781 2.2
    endloop
  endfacet
  facet normal 0 0 1
    outer loop
      vertex 2.7 32.64 2.2
      vertex 2.8903 33.5967 2.2
      vertex 2.78518 33.287 2.2
    endloop
  endfacet
  facet normal 0 0 1
    outer loop
      vertex 3.21662 3.6781 2.2
      vertex 2.7 5.2 2.2
      vertex 3.03494 3.95 2.2
    endloop
  endfacet
  facet normal 0 0 1
    outer loop
      vertex 2.7 32.64 2.2
      vertex 2.78518 33.287 2.2
      vertex 2.72139 32.9663 2.2
    endloop
  endfacet
  facet normal 0 0 1
    outer loop
      vertex 3.03494 3.95 2.2
      vertex 2.7 5.2 2.2
      vertex 2.8903 4.24329 2.2
    endloop
  endfacet
  facet normal 0 0 1
    outer loop
      vertex 2.8903 4.24329 2.2
      vertex 2.7 5.2 2.2
      vertex 2.78518 4.55295 2.2
    endloop
  endfacet
  facet normal 0 0 1
    outer loop
      vertex 2.78518 4.55295 2.2
      vertex 2.7 5.2 2.2
      vertex 2.72139 4.87368 2.2
    endloop
  endfacet
  facet normal -0 0 1
    outer loop
      vertex 67.4526 22.87 2.2
      vertex 68.3123 20.3982 2.2
      vertex 67.5163 22.999 2.2
    endloop
  endfacet
  facet normal 0 0 1
    outer loop
      vertex 68.3123 20.3982 2.2
      vertex 67.4526 22.87 2.2
      vertex 68.1141 20.4655 2.2
    endloop
  endfacet
  facet normal -0 0 1
    outer loop
      vertex 67.3727 22.7504 2.2
      vertex 68.1141 20.4655 2.2
      vertex 67.4526 22.87 2.2
    endloop
  endfacet
  facet normal -0 0 1
    outer loop
      vertex 67.2778 22.6422 2.2
      vertex 68.1141 20.4655 2.2
      vertex 67.3727 22.7504 2.2
    endloop
  endfacet
  facet normal 0 0 1
    outer loop
      vertex 68.1141 20.4655 2.2
      vertex 67.2778 22.6422 2.2
      vertex 67.9088 20.5063 2.2
    endloop
  endfacet
  facet normal -0 0 1
    outer loop
      vertex 67.1696 22.5473 2.2
      vertex 67.9088 20.5063 2.2
      vertex 67.2778 22.6422 2.2
    endloop
  endfacet
  facet normal 0 0 1
    outer loop
      vertex 67.9088 20.5063 2.2
      vertex 67.1696 22.5473 2.2
      vertex 67.7 20.52 2.2
    endloop
  endfacet
  facet normal -0 0 1
    outer loop
      vertex 67.05 22.4674 2.2
      vertex 67.7 20.52 2.2
      vertex 67.1696 22.5473 2.2
    endloop
  endfacet
  facet normal 0 0 1
    outer loop
      vertex 67.7 20.52 2.2
      vertex 67.05 22.4674 2.2
      vertex 67.4912 20.5063 2.2
    endloop
  endfacet
  facet normal -0 0 1
    outer loop
      vertex 66.921 22.4037 2.2
      vertex 67.4912 20.5063 2.2
      vertex 67.05 22.4674 2.2
    endloop
  endfacet
  facet normal 0 0 1
    outer loop
      vertex 67.4912 20.5063 2.2
      vertex 66.921 22.4037 2.2
      vertex 67.2859 20.4655 2.2
    endloop
  endfacet
  facet normal -0 0 1
    outer loop
      vertex 66.7847 22.3575 2.2
      vertex 67.2859 20.4655 2.2
      vertex 66.921 22.4037 2.2
    endloop
  endfacet
  facet normal -0 0 1
    outer loop
      vertex 66.6436 22.3294 2.2
      vertex 67.2859 20.4655 2.2
      vertex 66.7847 22.3575 2.2
    endloop
  endfacet
  facet normal 0 0 1
    outer loop
      vertex 67.2859 20.4655 2.2
      vertex 66.6436 22.3294 2.2
      vertex 67.0877 20.3982 2.2
    endloop
  endfacet
  facet normal -0 0 1
    outer loop
      vertex 66.5 22.32 2.2
      vertex 67.0877 20.3982 2.2
      vertex 66.6436 22.3294 2.2
    endloop
  endfacet
  facet normal 0 0 1
    outer loop
      vertex 67.0877 20.3982 2.2
      vertex 66.5 22.32 2.2
      vertex 66.9 20.3056 2.2
    endloop
  endfacet
  facet normal 0 0 1
    outer loop
      vertex 66.3564 22.3294 2.2
      vertex 66.9 20.3056 2.2
      vertex 66.5 22.32 2.2
    endloop
  endfacet
  facet normal 0 0 1
    outer loop
      vertex 66.9 20.3056 2.2
      vertex 66.3564 22.3294 2.2
      vertex 66.726 20.1894 2.2
    endloop
  endfacet
  facet normal 0 0 1
    outer loop
      vertex 66.2153 22.3575 2.2
      vertex 66.726 20.1894 2.2
      vertex 66.3564 22.3294 2.2
    endloop
  endfacet
  facet normal 0 0 1
    outer loop
      vertex 66.5686 20.0514 2.2
      vertex 66.5 20.02 2.2
      vertex 66.5389 20.0175 2.2
    endloop
  endfacet
  facet normal 0 0 1
    outer loop
      vertex 66.726 20.1894 2.2
      vertex 66.3564 20.0106 2.2
      vertex 66.5686 20.0514 2.2
    endloop
  endfacet
  facet normal 0 0 1
    outer loop
      vertex 66.5686 20.0514 2.2
      vertex 66.3564 20.0106 2.2
      vertex 66.5 20.02 2.2
    endloop
  endfacet
  facet normal 0 0 1
    outer loop
      vertex 66.2153 19.9825 2.2
      vertex 66.726 20.1894 2.2
      vertex 66.2153 22.3575 2.2
    endloop
  endfacet
  facet normal 0 0 1
    outer loop
      vertex 66.726 20.1894 2.2
      vertex 66.2153 19.9825 2.2
      vertex 66.3564 20.0106 2.2
    endloop
  endfacet
  facet normal 0 0 1
    outer loop
      vertex 66.079 22.4037 2.2
      vertex 66.2153 19.9825 2.2
      vertex 66.2153 22.3575 2.2
    endloop
  endfacet
  facet normal 0 0 1
    outer loop
      vertex 66.079 22.4037 2.2
      vertex 66.079 19.9363 2.2
      vertex 66.2153 19.9825 2.2
    endloop
  endfacet
  facet normal 0 0 1
    outer loop
      vertex 65.95 22.4674 2.2
      vertex 66.079 19.9363 2.2
      vertex 66.079 22.4037 2.2
    endloop
  endfacet
  facet normal 0 0 1
    outer loop
      vertex 65.95 22.4674 2.2
      vertex 65.95 19.8726 2.2
      vertex 66.079 19.9363 2.2
    endloop
  endfacet
  facet normal 0 0 1
    outer loop
      vertex 65.8304 22.5473 2.2
      vertex 65.95 19.8726 2.2
      vertex 65.95 22.4674 2.2
    endloop
  endfacet
  facet normal 0 0 1
    outer loop
      vertex 65.8304 22.5473 2.2
      vertex 65.8304 19.7927 2.2
      vertex 65.95 19.8726 2.2
    endloop
  endfacet
  facet normal 0 0 1
    outer loop
      vertex 65.7222 22.6422 2.2
      vertex 65.8304 19.7927 2.2
      vertex 65.8304 22.5473 2.2
    endloop
  endfacet
  facet normal 0 0 1
    outer loop
      vertex 65.7222 22.6422 2.2
      vertex 65.7222 19.6978 2.2
      vertex 65.8304 19.7927 2.2
    endloop
  endfacet
  facet normal 0 0 1
    outer loop
      vertex 65.4837 22.999 2.2
      vertex 63.0163 22.999 2.2
      vertex 65.5474 22.87 2.2
    endloop
  endfacet
  facet normal 0 0 1
    outer loop
      vertex 62.9526 22.87 2.2
      vertex 65.5474 22.87 2.2
      vertex 63.0163 22.999 2.2
    endloop
  endfacet
  facet normal 0 0 1
    outer loop
      vertex 63.0163 22.999 2.2
      vertex 65.4837 22.999 2.2
      vertex 63.0625 23.1353 2.2
    endloop
  endfacet
  facet normal 0 0 1
    outer loop
      vertex 65.5474 22.87 2.2
      vertex 62.9526 22.87 2.2
      vertex 65.6273 22.7504 2.2
    endloop
  endfacet
  facet normal 0 0 1
    outer loop
      vertex 65.4375 23.1353 2.2
      vertex 63.0625 23.1353 2.2
      vertex 65.4837 22.999 2.2
    endloop
  endfacet
  facet normal 0 0 1
    outer loop
      vertex 65.6273 19.5896 2.2
      vertex 63.1 18.92 2.2
      vertex 65.5474 19.47 2.2
    endloop
  endfacet
  facet normal 0 0 1
    outer loop
      vertex 63.0625 23.1353 2.2
      vertex 65.4375 23.1353 2.2
      vertex 63.0906 23.2764 2.2
    endloop
  endfacet
  facet normal 0 0 1
    outer loop
      vertex 65.5474 19.47 2.2
      vertex 63.1 18.92 2.2
      vertex 65.4837 19.341 2.2
    endloop
  endfacet
  facet normal -0 0 1
    outer loop
      vertex 63.0906 23.2764 2.2
      vertex 65.4375 23.1353 2.2
      vertex 65.4094 23.2764 2.2
    endloop
  endfacet
  facet normal 0 0 1
    outer loop
      vertex 65.4837 19.341 2.2
      vertex 63.1 18.92 2.2
      vertex 65.4375 19.2047 2.2
    endloop
  endfacet
  facet normal 0 0 1
    outer loop
      vertex 63.0906 23.2764 2.2
      vertex 65.4094 23.2764 2.2
      vertex 65.4 23.42 2.2
    endloop
  endfacet
  facet normal 0 0 1
    outer loop
      vertex 65.4375 19.2047 2.2
      vertex 63.1 18.92 2.2
      vertex 65.4094 19.0636 2.2
    endloop
  endfacet
  facet normal -0.896429 0.443187 0
    outer loop
      vertex 114.365 3.95 2.2
      vertex 114.51 4.24329 10.8
      vertex 114.51 4.24329 2.2
    endloop
  endfacet
  facet normal -0.896429 0.443187 0
    outer loop
      vertex 114.51 4.24329 10.8
      vertex 114.365 3.95 2.2
      vertex 114.365 3.95 10.8
    endloop
  endfacet
  facet normal -0.321081 -0.947052 0
    outer loop
      vertex 112.847 35.0548 2.2
      vertex 113.157 34.9497 10.8
      vertex 112.847 35.0548 10.8
    endloop
  endfacet
  facet normal -0.321081 -0.947052 -0
    outer loop
      vertex 113.157 34.9497 10.8
      vertex 112.847 35.0548 2.2
      vertex 113.157 34.9497 2.2
    endloop
  endfacet
  facet normal 1 0 0
    outer loop
      vertex 2.7 23.67 4.2
      vertex 2.7 32.64 10.8
      vertex 2.7 23.67 10.4
    endloop
  endfacet
  facet normal 1 0 0
    outer loop
      vertex 2.7 32.64 10.8
      vertex 2.7 14.17 10.4
      vertex 2.7 23.67 10.4
    endloop
  endfacet
  facet normal 1 0 0
    outer loop
      vertex 2.7 14.17 10.4
      vertex 2.7 5.2 10.8
      vertex 2.7 14.17 4.2
    endloop
  endfacet
  facet normal 1 -0 0
    outer loop
      vertex 2.7 5.2 10.8
      vertex 2.7 14.17 10.4
      vertex 2.7 32.64 10.8
    endloop
  endfacet
  facet normal 1 0 0
    outer loop
      vertex 2.7 32.64 10.8
      vertex 2.7 23.67 4.2
      vertex 2.7 32.64 2.2
    endloop
  endfacet
  facet normal 1 -0 0
    outer loop
      vertex 2.7 14.17 4.2
      vertex 2.7 32.64 2.2
      vertex 2.7 23.67 4.2
    endloop
  endfacet
  facet normal 1 0 0
    outer loop
      vertex 2.7 14.17 4.2
      vertex 2.7 5.2 2.2
      vertex 2.7 32.64 2.2
    endloop
  endfacet
  facet normal 1 0 0
    outer loop
      vertex 2.7 5.2 2.2
      vertex 2.7 14.17 4.2
      vertex 2.7 5.2 10.8
    endloop
  endfacet
  facet normal 0 1 -0
    outer loop
      vertex 112.2 2.7 2.2
      vertex 5.2 2.7 10.8
      vertex 112.2 2.7 10.8
    endloop
  endfacet
  facet normal 0 1 0
    outer loop
      vertex 5.2 2.7 10.8
      vertex 112.2 2.7 2.2
      vertex 5.2 2.7 2.2
    endloop
  endfacet
  facet normal -0.997936 0.0642212 0
    outer loop
      vertex 114.679 4.87368 2.2
      vertex 114.7 5.2 10.8
      vertex 114.7 5.2 2.2
    endloop
  endfacet
  facet normal -0.997936 0.0642212 0
    outer loop
      vertex 114.7 5.2 10.8
      vertex 114.679 4.87368 2.2
      vertex 114.679 4.87368 10.8
    endloop
  endfacet
  facet normal 0.997858 -0.0654128 0
    outer loop
      vertex 2.7 32.64 10.8
      vertex 2.72139 32.9663 2.2
      vertex 2.72139 32.9663 10.8
    endloop
  endfacet
  facet normal 0.997858 -0.0654128 0
    outer loop
      vertex 2.72139 32.9663 2.2
      vertex 2.7 32.64 10.8
      vertex 2.7 32.64 2.2
    endloop
  endfacet
  facet normal -0.555476 -0.831533 0
    outer loop
      vertex 113.45 34.8051 2.2
      vertex 113.722 34.6234 10.8
      vertex 113.45 34.8051 10.8
    endloop
  endfacet
  facet normal -0.555476 -0.831533 -0
    outer loop
      vertex 113.722 34.6234 10.8
      vertex 113.45 34.8051 2.2
      vertex 113.722 34.6234 2.2
    endloop
  endfacet
  facet normal -0.194911 0.980821 0
    outer loop
      vertex 112.847 2.78518 2.2
      vertex 112.526 2.72139 10.8
      vertex 112.847 2.78518 10.8
    endloop
  endfacet
  facet normal -0.194911 0.980821 0
    outer loop
      vertex 112.526 2.72139 10.8
      vertex 112.847 2.78518 2.2
      vertex 112.526 2.72139 2.2
    endloop
  endfacet
  facet normal 0.946926 0.321452 0
    outer loop
      vertex 2.8903 4.24329 10.8
      vertex 2.78518 4.55295 2.2
      vertex 2.78518 4.55295 10.8
    endloop
  endfacet
  facet normal 0.946926 0.321452 0
    outer loop
      vertex 2.78518 4.55295 2.2
      vertex 2.8903 4.24329 10.8
      vertex 2.8903 4.24329 2.2
    endloop
  endfacet
  facet normal 0.751898 -0.659279 0
    outer loop
      vertex 3.21662 34.1619 10.8
      vertex 3.43223 34.4078 2.2
      vertex 3.43223 34.4078 10.8
    endloop
  endfacet
  facet normal 0.751898 -0.659279 0
    outer loop
      vertex 3.43223 34.4078 2.2
      vertex 3.21662 34.1619 10.8
      vertex 3.21662 34.1619 2.2
    endloop
  endfacet
  facet normal 0.321397 -0.946944 0
    outer loop
      vertex 4.24329 34.9497 2.2
      vertex 4.55295 35.0548 10.8
      vertex 4.24329 34.9497 10.8
    endloop
  endfacet
  facet normal 0.321397 -0.946944 0
    outer loop
      vertex 4.55295 35.0548 10.8
      vertex 4.24329 34.9497 2.2
      vertex 4.55295 35.0548 2.2
    endloop
  endfacet
  facet normal -0.997935 -0.0642251 0
    outer loop
      vertex 114.7 32.64 2.2
      vertex 114.679 32.9663 10.8
      vertex 114.679 32.9663 2.2
    endloop
  endfacet
  facet normal -0.997935 -0.0642251 0
    outer loop
      vertex 114.679 32.9663 10.8
      vertex 114.7 32.64 2.2
      vertex 114.7 32.64 10.8
    endloop
  endfacet
  facet normal -0.947038 0.321123 0
    outer loop
      vertex 114.51 4.24329 2.2
      vertex 114.615 4.55295 10.8
      vertex 114.615 4.55295 2.2
    endloop
  endfacet
  facet normal -0.947038 0.321123 0
    outer loop
      vertex 114.615 4.55295 10.8
      vertex 114.51 4.24329 2.2
      vertex 114.51 4.24329 10.8
    endloop
  endfacet
  facet normal 0.555617 -0.831438 0
    outer loop
      vertex 3.6781 34.6234 2.2
      vertex 3.95 34.8051 10.8
      vertex 3.6781 34.6234 10.8
    endloop
  endfacet
  facet normal 0.555617 -0.831438 0
    outer loop
      vertex 3.95 34.8051 10.8
      vertex 3.6781 34.6234 2.2
      vertex 3.95 34.8051 2.2
    endloop
  endfacet
  facet normal -0.442654 0.896693 0
    outer loop
      vertex 113.45 3.03494 2.2
      vertex 113.157 2.8903 10.8
      vertex 113.45 3.03494 10.8
    endloop
  endfacet
  facet normal -0.442654 0.896693 0
    outer loop
      vertex 113.157 2.8903 10.8
      vertex 113.45 3.03494 2.2
      vertex 113.157 2.8903 2.2
    endloop
  endfacet
  facet normal -0.980663 -0.195704 0
    outer loop
      vertex 114.679 32.9663 2.2
      vertex 114.615 33.287 10.8
      vertex 114.615 33.287 2.2
    endloop
  endfacet
  facet normal -0.980663 -0.195704 0
    outer loop
      vertex 114.615 33.287 10.8
      vertex 114.679 32.9663 2.2
      vertex 114.679 32.9663 10.8
    endloop
  endfacet
  facet normal -0.752783 0.658268 0
    outer loop
      vertex 113.968 3.43223 2.2
      vertex 114.183 3.6781 10.8
      vertex 114.183 3.6781 2.2
    endloop
  endfacet
  facet normal -0.752783 0.658268 0
    outer loop
      vertex 114.183 3.6781 10.8
      vertex 113.968 3.43223 2.2
      vertex 113.968 3.43223 10.8
    endloop
  endfacet
  facet normal 0.896872 -0.44229 0
    outer loop
      vertex 2.8903 33.5967 10.8
      vertex 3.03494 33.89 2.2
      vertex 3.03494 33.89 10.8
    endloop
  endfacet
  facet normal 0.896872 -0.44229 0
    outer loop
      vertex 3.03494 33.89 2.2
      vertex 2.8903 33.5967 10.8
      vertex 2.8903 33.5967 2.2
    endloop
  endfacet
  facet normal 0.321452 0.946926 -0
    outer loop
      vertex 4.55295 2.78518 2.2
      vertex 4.24329 2.8903 10.8
      vertex 4.55295 2.78518 10.8
    endloop
  endfacet
  facet normal 0.321452 0.946926 0
    outer loop
      vertex 4.24329 2.8903 10.8
      vertex 4.55295 2.78518 2.2
      vertex 4.24329 2.8903 2.2
    endloop
  endfacet
  facet normal 0.896866 0.442302 0
    outer loop
      vertex 3.03494 3.95 10.8
      vertex 2.8903 4.24329 2.2
      vertex 2.8903 4.24329 10.8
    endloop
  endfacet
  facet normal 0.896866 0.442302 0
    outer loop
      vertex 2.8903 4.24329 2.2
      vertex 3.03494 3.95 10.8
      vertex 3.03494 3.95 2.2
    endloop
  endfacet
  facet normal -0.896435 -0.443175 0
    outer loop
      vertex 114.51 33.5967 2.2
      vertex 114.365 33.89 10.8
      vertex 114.365 33.89 2.2
    endloop
  endfacet
  facet normal -0.896435 -0.443175 0
    outer loop
      vertex 114.365 33.89 10.8
      vertex 114.51 33.5967 2.2
      vertex 114.51 33.5967 10.8
    endloop
  endfacet
  facet normal 0.659325 0.751858 -0
    outer loop
      vertex 3.6781 3.21662 2.2
      vertex 3.43223 3.43223 10.8
      vertex 3.6781 3.21662 10.8
    endloop
  endfacet
  facet normal 0.659325 0.751858 0
    outer loop
      vertex 3.43223 3.43223 10.8
      vertex 3.6781 3.21662 2.2
      vertex 3.43223 3.43223 2.2
    endloop
  endfacet
  facet normal 0.980786 -0.195087 0
    outer loop
      vertex 2.72139 32.9663 10.8
      vertex 2.78518 33.287 2.2
      vertex 2.78518 33.287 10.8
    endloop
  endfacet
  facet normal 0.980786 -0.195087 0
    outer loop
      vertex 2.78518 33.287 2.2
      vertex 2.72139 32.9663 10.8
      vertex 2.72139 32.9663 2.2
    endloop
  endfacet
  facet normal 0.997859 0.0654088 0
    outer loop
      vertex 2.72139 4.87368 10.8
      vertex 2.7 5.2 2.2
      vertex 2.7 5.2 10.8
    endloop
  endfacet
  facet normal 0.997859 0.0654088 0
    outer loop
      vertex 2.7 5.2 2.2
      vertex 2.72139 4.87368 10.8
      vertex 2.72139 4.87368 2.2
    endloop
  endfacet
  facet normal 0.946938 -0.321415 0
    outer loop
      vertex 2.78518 33.287 10.8
      vertex 2.8903 33.5967 2.2
      vertex 2.8903 33.5967 10.8
    endloop
  endfacet
  facet normal 0.946938 -0.321415 0
    outer loop
      vertex 2.8903 33.5967 2.2
      vertex 2.78518 33.287 10.8
      vertex 2.78518 33.287 2.2
    endloop
  endfacet
  facet normal 0.555575 0.831466 -0
    outer loop
      vertex 3.95 3.03494 2.2
      vertex 3.6781 3.21662 10.8
      vertex 3.95 3.03494 10.8
    endloop
  endfacet
  facet normal 0.555575 0.831466 0
    outer loop
      vertex 3.6781 3.21662 10.8
      vertex 3.95 3.03494 2.2
      vertex 3.6781 3.21662 2.2
    endloop
  endfacet
  facet normal 0.442204 -0.896915 0
    outer loop
      vertex 3.95 34.8051 2.2
      vertex 4.24329 34.9497 10.8
      vertex 3.95 34.8051 10.8
    endloop
  endfacet
  facet normal 0.442204 -0.896915 0
    outer loop
      vertex 4.24329 34.9497 10.8
      vertex 3.95 34.8051 2.2
      vertex 4.24329 34.9497 2.2
    endloop
  endfacet
  facet normal 0.751858 0.659325 0
    outer loop
      vertex 3.43223 3.43223 10.8
      vertex 3.21662 3.6781 2.2
      vertex 3.21662 3.6781 10.8
    endloop
  endfacet
  facet normal 0.751858 0.659325 0
    outer loop
      vertex 3.21662 3.6781 2.2
      vertex 3.43223 3.43223 10.8
      vertex 3.43223 3.43223 2.2
    endloop
  endfacet
  facet normal -0.94705 -0.321086 0
    outer loop
      vertex 114.615 33.287 2.2
      vertex 114.51 33.5967 10.8
      vertex 114.51 33.5967 2.2
    endloop
  endfacet
  facet normal -0.94705 -0.321086 0
    outer loop
      vertex 114.51 33.5967 10.8
      vertex 114.615 33.287 2.2
      vertex 114.615 33.287 10.8
    endloop
  endfacet
  facet normal -0.555434 0.831561 0
    outer loop
      vertex 113.722 3.21662 2.2
      vertex 113.45 3.03494 10.8
      vertex 113.722 3.21662 10.8
    endloop
  endfacet
  facet normal -0.555434 0.831561 0
    outer loop
      vertex 113.45 3.03494 10.8
      vertex 113.722 3.21662 2.2
      vertex 113.45 3.03494 2.2
    endloop
  endfacet
  facet normal 0.831466 0.555575 0
    outer loop
      vertex 3.21662 3.6781 10.8
      vertex 3.03494 3.95 2.2
      vertex 3.03494 3.95 10.8
    endloop
  endfacet
  facet normal 0.831466 0.555575 0
    outer loop
      vertex 3.03494 3.95 2.2
      vertex 3.21662 3.6781 10.8
      vertex 3.21662 3.6781 2.2
    endloop
  endfacet
  facet normal -0.321136 0.947033 0
    outer loop
      vertex 113.157 2.8903 2.2
      vertex 112.847 2.78518 10.8
      vertex 113.157 2.8903 10.8
    endloop
  endfacet
  facet normal -0.321136 0.947033 0
    outer loop
      vertex 112.847 2.78518 10.8
      vertex 113.157 2.8903 2.2
      vertex 112.847 2.78518 2.2
    endloop
  endfacet
  facet normal 0 0 -1
    outer loop
      vertex 0 14.17 10.4
      vertex 2.7 23.67 10.4
      vertex 2.7 14.17 10.4
    endloop
  endfacet
  facet normal -0 0 -1
    outer loop
      vertex 2.7 23.67 10.4
      vertex 0 14.17 10.4
      vertex 0 23.67 10.4
    endloop
  endfacet
  facet normal -0 0 1
    outer loop
      vertex 0 23.67 4.2
      vertex 2.7 14.17 4.2
      vertex 2.7 23.67 4.2
    endloop
  endfacet
  facet normal 0 0 1
    outer loop
      vertex 2.7 14.17 4.2
      vertex 0 23.67 4.2
      vertex 0 14.17 4.2
    endloop
  endfacet
  facet normal 0 -1 0
    outer loop
      vertex 0 23.67 4.2
      vertex 2.7 23.67 10.4
      vertex 0 23.67 10.4
    endloop
  endfacet
  facet normal 0 -1 -0
    outer loop
      vertex 2.7 23.67 10.4
      vertex 0 23.67 4.2
      vertex 2.7 23.67 4.2
    endloop
  endfacet
  facet normal 0 1 -0
    outer loop
      vertex 2.7 14.17 4.2
      vertex 0 14.17 10.4
      vertex 2.7 14.17 10.4
    endloop
  endfacet
  facet normal 0 1 0
    outer loop
      vertex 0 14.17 10.4
      vertex 2.7 14.17 4.2
      vertex 0 14.17 4.2
    endloop
  endfacet
  facet normal 0.980789 0.195072 0
    outer loop
      vertex 9.97433 6.39158 10.8
      vertex 9.89778 6.77646 2.2
      vertex 9.89778 6.77646 10.8
    endloop
  endfacet
  facet normal 0.980789 0.195072 0
    outer loop
      vertex 9.89778 6.77646 2.2
      vertex 9.97433 6.39158 10.8
      vertex 9.97433 6.39158 2.2
    endloop
  endfacet
  facet normal 0.997858 0.0654145 0
    outer loop
      vertex 10 6 10.8
      vertex 9.97433 6.39158 2.2
      vertex 9.97433 6.39158 10.8
    endloop
  endfacet
  facet normal 0.997858 0.0654145 0
    outer loop
      vertex 9.97433 6.39158 2.2
      vertex 10 6 10.8
      vertex 10 6 2.2
    endloop
  endfacet
  facet normal 0.980789 -0.195072 0
    outer loop
      vertex 9.89778 5.22354 10.8
      vertex 9.97433 5.60842 2.2
      vertex 9.97433 5.60842 10.8
    endloop
  endfacet
  facet normal 0.980789 -0.195072 0
    outer loop
      vertex 9.97433 5.60842 2.2
      vertex 9.89778 5.22354 10.8
      vertex 9.89778 5.22354 2.2
    endloop
  endfacet
  facet normal 0 0 1
    outer loop
      vertex 7.8 6 10.8
      vertex 10 6 10.8
      vertex 9.97433 6.39158 10.8
    endloop
  endfacet
  facet normal 0 0 1
    outer loop
      vertex 7.79316 6.10442 10.8
      vertex 9.97433 6.39158 10.8
      vertex 9.89778 6.77646 10.8
    endloop
  endfacet
  facet normal 0 0 1
    outer loop
      vertex 10 6 10.8
      vertex 7.8 6 10.8
      vertex 9.97433 5.60842 10.8
    endloop
  endfacet
  facet normal 0 0 1
    outer loop
      vertex 7.77274 6.20706 10.8
      vertex 9.89778 6.77646 10.8
      vertex 9.77164 7.14805 10.8
    endloop
  endfacet
  facet normal -0 0 1
    outer loop
      vertex 7.79316 5.89558 10.8
      vertex 9.97433 5.60842 10.8
      vertex 7.8 6 10.8
    endloop
  endfacet
  facet normal 0 0 1
    outer loop
      vertex 7.7391 6.30615 10.8
      vertex 9.77164 7.14805 10.8
      vertex 9.59808 7.5 10.8
    endloop
  endfacet
  facet normal 0 0 1
    outer loop
      vertex 9.97433 5.60842 10.8
      vertex 7.79316 5.89558 10.8
      vertex 9.89778 5.22354 10.8
    endloop
  endfacet
  facet normal 0 0 1
    outer loop
      vertex 7.69282 6.4 10.8
      vertex 9.59808 7.5 10.8
      vertex 9.38006 7.82628 10.8
    endloop
  endfacet
  facet normal -0 0 1
    outer loop
      vertex 7.77274 5.79294 10.8
      vertex 9.89778 5.22354 10.8
      vertex 7.79316 5.89558 10.8
    endloop
  endfacet
  facet normal 0 0 1
    outer loop
      vertex 7.63468 6.48701 10.8
      vertex 9.38006 7.82628 10.8
      vertex 9.12132 8.12132 10.8
    endloop
  endfacet
  facet normal 0 0 1
    outer loop
      vertex 9.89778 5.22354 10.8
      vertex 7.77274 5.79294 10.8
      vertex 9.77164 4.85195 10.8
    endloop
  endfacet
  facet normal 0 0 1
    outer loop
      vertex 7.56569 6.56569 10.8
      vertex 9.12132 8.12132 10.8
      vertex 8.82628 8.38006 10.8
    endloop
  endfacet
  facet normal -0 0 1
    outer loop
      vertex 7.7391 5.69385 10.8
      vertex 9.77164 4.85195 10.8
      vertex 7.77274 5.79294 10.8
    endloop
  endfacet
  facet normal 0 0 1
    outer loop
      vertex 7.48701 6.63468 10.8
      vertex 8.82628 8.38006 10.8
      vertex 8.5 8.59808 10.8
    endloop
  endfacet
  facet normal 0 0 1
    outer loop
      vertex 9.77164 4.85195 10.8
      vertex 7.7391 5.69385 10.8
      vertex 9.59808 4.5 10.8
    endloop
  endfacet
  facet normal 0 0 1
    outer loop
      vertex 7.4 6.69282 10.8
      vertex 8.5 8.59808 10.8
      vertex 8.14805 8.77164 10.8
    endloop
  endfacet
  facet normal -0 0 1
    outer loop
      vertex 7.69282 5.6 10.8
      vertex 9.59808 4.5 10.8
      vertex 7.7391 5.69385 10.8
    endloop
  endfacet
  facet normal 0 0 1
    outer loop
      vertex 9.59808 4.5 10.8
      vertex 7.69282 5.6 10.8
      vertex 9.38006 4.17372 10.8
    endloop
  endfacet
  facet normal 0 0 1
    outer loop
      vertex 9.97433 6.39158 10.8
      vertex 7.79316 6.10442 10.8
      vertex 7.8 6 10.8
    endloop
  endfacet
  facet normal 0 0 1
    outer loop
      vertex 7.30615 6.7391 10.8
      vertex 8.14805 8.77164 10.8
      vertex 7.77646 8.89778 10.8
    endloop
  endfacet
  facet normal 0 0 1
    outer loop
      vertex 9.89778 6.77646 10.8
      vertex 7.77274 6.20706 10.8
      vertex 7.79316 6.10442 10.8
    endloop
  endfacet
  facet normal 0 0 1
    outer loop
      vertex 9.77164 7.14805 10.8
      vertex 7.7391 6.30615 10.8
      vertex 7.77274 6.20706 10.8
    endloop
  endfacet
  facet normal 0 0 1
    outer loop
      vertex 9.59808 7.5 10.8
      vertex 7.69282 6.4 10.8
      vertex 7.7391 6.30615 10.8
    endloop
  endfacet
  facet normal 0 0 1
    outer loop
      vertex 9.38006 7.82628 10.8
      vertex 7.63468 6.48701 10.8
      vertex 7.69282 6.4 10.8
    endloop
  endfacet
  facet normal 0 0 1
    outer loop
      vertex 9.12132 8.12132 10.8
      vertex 7.56569 6.56569 10.8
      vertex 7.63468 6.48701 10.8
    endloop
  endfacet
  facet normal 0 0 1
    outer loop
      vertex 8.82628 8.38006 10.8
      vertex 7.48701 6.63468 10.8
      vertex 7.56569 6.56569 10.8
    endloop
  endfacet
  facet normal 0 0 1
    outer loop
      vertex 8.5 8.59808 10.8
      vertex 7.4 6.69282 10.8
      vertex 7.48701 6.63468 10.8
    endloop
  endfacet
  facet normal 0 0 1
    outer loop
      vertex 7.20706 6.77274 10.8
      vertex 7.77646 8.89778 10.8
      vertex 7.39158 8.97433 10.8
    endloop
  endfacet
  facet normal 0 0 1
    outer loop
      vertex 8.14805 8.77164 10.8
      vertex 7.30615 6.7391 10.8
      vertex 7.4 6.69282 10.8
    endloop
  endfacet
  facet normal 0 0 1
    outer loop
      vertex 7.77646 8.89778 10.8
      vertex 7.20706 6.77274 10.8
      vertex 7.30615 6.7391 10.8
    endloop
  endfacet
  facet normal 0 0 1
    outer loop
      vertex 7.39158 8.97433 10.8
      vertex 7.10442 6.79316 10.8
      vertex 7.20706 6.77274 10.8
    endloop
  endfacet
  facet normal 0 0 1
    outer loop
      vertex 7 9 10.8
      vertex 7.10442 6.79316 10.8
      vertex 7.39158 8.97433 10.8
    endloop
  endfacet
  facet normal 0 0 1
    outer loop
      vertex 7 9 10.8
      vertex 7 6.8 10.8
      vertex 7.10442 6.79316 10.8
    endloop
  endfacet
  facet normal 0 0 1
    outer loop
      vertex 7 9 10.8
      vertex 6.89558 6.79316 10.8
      vertex 7 6.8 10.8
    endloop
  endfacet
  facet normal -0 0 1
    outer loop
      vertex 6.60842 8.97433 10.8
      vertex 6.89558 6.79316 10.8
      vertex 7 9 10.8
    endloop
  endfacet
  facet normal 0 0 1
    outer loop
      vertex 6.89558 6.79316 10.8
      vertex 6.60842 8.97433 10.8
      vertex 6.79294 6.77274 10.8
    endloop
  endfacet
  facet normal -0 0 1
    outer loop
      vertex 6.22354 8.89778 10.8
      vertex 6.79294 6.77274 10.8
      vertex 6.60842 8.97433 10.8
    endloop
  endfacet
  facet normal 0 0 1
    outer loop
      vertex 6.79294 6.77274 10.8
      vertex 6.22354 8.89778 10.8
      vertex 6.69385 6.7391 10.8
    endloop
  endfacet
  facet normal -0 0 1
    outer loop
      vertex 5.85195 8.77164 10.8
      vertex 6.69385 6.7391 10.8
      vertex 6.22354 8.89778 10.8
    endloop
  endfacet
  facet normal 0 0 1
    outer loop
      vertex 6.69385 6.7391 10.8
      vertex 5.85195 8.77164 10.8
      vertex 6.6 6.69282 10.8
    endloop
  endfacet
  facet normal -0 0 1
    outer loop
      vertex 5.5 8.59808 10.8
      vertex 6.6 6.69282 10.8
      vertex 5.85195 8.77164 10.8
    endloop
  endfacet
  facet normal 0 0 1
    outer loop
      vertex 6.6 6.69282 10.8
      vertex 5.5 8.59808 10.8
      vertex 6.51299 6.63468 10.8
    endloop
  endfacet
  facet normal -0 0 1
    outer loop
      vertex 5.17372 8.38006 10.8
      vertex 6.51299 6.63468 10.8
      vertex 5.5 8.59808 10.8
    endloop
  endfacet
  facet normal 0 0 1
    outer loop
      vertex 6.51299 6.63468 10.8
      vertex 5.17372 8.38006 10.8
      vertex 6.43431 6.56569 10.8
    endloop
  endfacet
  facet normal -0 0 1
    outer loop
      vertex 4.87868 8.12132 10.8
      vertex 6.43431 6.56569 10.8
      vertex 5.17372 8.38006 10.8
    endloop
  endfacet
  facet normal 0 0 1
    outer loop
      vertex 6.43431 6.56569 10.8
      vertex 4.87868 8.12132 10.8
      vertex 6.36532 6.48701 10.8
    endloop
  endfacet
  facet normal -0 0 1
    outer loop
      vertex 4.61994 7.82628 10.8
      vertex 6.36532 6.48701 10.8
      vertex 4.87868 8.12132 10.8
    endloop
  endfacet
  facet normal 0 0 1
    outer loop
      vertex 6.36532 6.48701 10.8
      vertex 4.61994 7.82628 10.8
      vertex 6.30718 6.4 10.8
    endloop
  endfacet
  facet normal -0 0 1
    outer loop
      vertex 7.63468 5.51299 10.8
      vertex 9.38006 4.17372 10.8
      vertex 7.69282 5.6 10.8
    endloop
  endfacet
  facet normal 0 0 1
    outer loop
      vertex 9.38006 4.17372 10.8
      vertex 7.63468 5.51299 10.8
      vertex 9.12132 3.87868 10.8
    endloop
  endfacet
  facet normal -0 0 1
    outer loop
      vertex 7.56569 5.43431 10.8
      vertex 9.12132 3.87868 10.8
      vertex 7.63468 5.51299 10.8
    endloop
  endfacet
  facet normal 0 0 1
    outer loop
      vertex 9.12132 3.87868 10.8
      vertex 7.56569 5.43431 10.8
      vertex 8.82628 3.61994 10.8
    endloop
  endfacet
  facet normal -0 0 1
    outer loop
      vertex 7.48701 5.36532 10.8
      vertex 8.82628 3.61994 10.8
      vertex 7.56569 5.43431 10.8
    endloop
  endfacet
  facet normal 0 0 1
    outer loop
      vertex 8.82628 3.61994 10.8
      vertex 7.48701 5.36532 10.8
      vertex 8.5 3.40192 10.8
    endloop
  endfacet
  facet normal -0 0 1
    outer loop
      vertex 7.4 5.30718 10.8
      vertex 8.5 3.40192 10.8
      vertex 7.48701 5.36532 10.8
    endloop
  endfacet
  facet normal 0 0 1
    outer loop
      vertex 8.5 3.40192 10.8
      vertex 7.4 5.30718 10.8
      vertex 8.14805 3.22836 10.8
    endloop
  endfacet
  facet normal -0 0 1
    outer loop
      vertex 7.30615 5.2609 10.8
      vertex 8.14805 3.22836 10.8
      vertex 7.4 5.30718 10.8
    endloop
  endfacet
  facet normal 0 0 1
    outer loop
      vertex 8.14805 3.22836 10.8
      vertex 7.30615 5.2609 10.8
      vertex 7.77646 3.10222 10.8
    endloop
  endfacet
  facet normal -0 0 1
    outer loop
      vertex 7.20706 5.22726 10.8
      vertex 7.77646 3.10222 10.8
      vertex 7.30615 5.2609 10.8
    endloop
  endfacet
  facet normal 0 0 1
    outer loop
      vertex 7.77646 3.10222 10.8
      vertex 7.20706 5.22726 10.8
      vertex 7.39158 3.02567 10.8
    endloop
  endfacet
  facet normal -0 0 1
    outer loop
      vertex 7.10442 5.20684 10.8
      vertex 7.39158 3.02567 10.8
      vertex 7.20706 5.22726 10.8
    endloop
  endfacet
  facet normal -0 0 1
    outer loop
      vertex 7 5.2 10.8
      vertex 7.39158 3.02567 10.8
      vertex 7.10442 5.20684 10.8
    endloop
  endfacet
  facet normal 0 0 1
    outer loop
      vertex 7 5.2 10.8
      vertex 7 3 10.8
      vertex 7.39158 3.02567 10.8
    endloop
  endfacet
  facet normal 0 0 1
    outer loop
      vertex 6.89558 5.20684 10.8
      vertex 7 3 10.8
      vertex 7 5.2 10.8
    endloop
  endfacet
  facet normal 0 0 1
    outer loop
      vertex 6.60842 3.02567 10.8
      vertex 6.89558 5.20684 10.8
      vertex 6.79294 5.22726 10.8
    endloop
  endfacet
  facet normal 0 0 1
    outer loop
      vertex 6.22354 3.10222 10.8
      vertex 6.79294 5.22726 10.8
      vertex 6.69385 5.2609 10.8
    endloop
  endfacet
  facet normal 0 0 1
    outer loop
      vertex 6.89558 5.20684 10.8
      vertex 6.60842 3.02567 10.8
      vertex 7 3 10.8
    endloop
  endfacet
  facet normal 0 0 1
    outer loop
      vertex 5.85195 3.22836 10.8
      vertex 6.69385 5.2609 10.8
      vertex 6.6 5.30718 10.8
    endloop
  endfacet
  facet normal 0 0 1
    outer loop
      vertex 5.5 3.40192 10.8
      vertex 6.6 5.30718 10.8
      vertex 6.51299 5.36532 10.8
    endloop
  endfacet
  facet normal 0 0 1
    outer loop
      vertex 5.17372 3.61994 10.8
      vertex 6.51299 5.36532 10.8
      vertex 6.43431 5.43431 10.8
    endloop
  endfacet
  facet normal 0 0 1
    outer loop
      vertex 4.87868 3.87868 10.8
      vertex 6.43431 5.43431 10.8
      vertex 6.36532 5.51299 10.8
    endloop
  endfacet
  facet normal 0 0 1
    outer loop
      vertex 4.61994 4.17372 10.8
      vertex 6.36532 5.51299 10.8
      vertex 6.30718 5.6 10.8
    endloop
  endfacet
  facet normal 0 0 1
    outer loop
      vertex 4.40192 4.5 10.8
      vertex 6.30718 5.6 10.8
      vertex 6.2609 5.69385 10.8
    endloop
  endfacet
  facet normal 0 0 1
    outer loop
      vertex 4.22836 4.85195 10.8
      vertex 6.2609 5.69385 10.8
      vertex 6.22726 5.79294 10.8
    endloop
  endfacet
  facet normal 0 0 1
    outer loop
      vertex 6.79294 5.22726 10.8
      vertex 6.22354 3.10222 10.8
      vertex 6.60842 3.02567 10.8
    endloop
  endfacet
  facet normal 0 0 1
    outer loop
      vertex 4.10222 5.22354 10.8
      vertex 6.22726 5.79294 10.8
      vertex 6.20684 5.89558 10.8
    endloop
  endfacet
  facet normal 0 0 1
    outer loop
      vertex 4.02567 5.60842 10.8
      vertex 6.20684 5.89558 10.8
      vertex 6.2 6 10.8
    endloop
  endfacet
  facet normal -0 0 1
    outer loop
      vertex 4.40192 7.5 10.8
      vertex 6.30718 6.4 10.8
      vertex 4.61994 7.82628 10.8
    endloop
  endfacet
  facet normal 0 0 1
    outer loop
      vertex 6.69385 5.2609 10.8
      vertex 5.85195 3.22836 10.8
      vertex 6.22354 3.10222 10.8
    endloop
  endfacet
  facet normal 0 0 1
    outer loop
      vertex 6.30718 6.4 10.8
      vertex 4.40192 7.5 10.8
      vertex 6.2609 6.30615 10.8
    endloop
  endfacet
  facet normal 0 0 1
    outer loop
      vertex 6.6 5.30718 10.8
      vertex 5.5 3.40192 10.8
      vertex 5.85195 3.22836 10.8
    endloop
  endfacet
  facet normal -0 0 1
    outer loop
      vertex 4.22836 7.14805 10.8
      vertex 6.2609 6.30615 10.8
      vertex 4.40192 7.5 10.8
    endloop
  endfacet
  facet normal 0 0 1
    outer loop
      vertex 6.51299 5.36532 10.8
      vertex 5.17372 3.61994 10.8
      vertex 5.5 3.40192 10.8
    endloop
  endfacet
  facet normal 0 0 1
    outer loop
      vertex 6.2609 6.30615 10.8
      vertex 4.22836 7.14805 10.8
      vertex 6.22726 6.20706 10.8
    endloop
  endfacet
  facet normal 0 0 1
    outer loop
      vertex 6.43431 5.43431 10.8
      vertex 4.87868 3.87868 10.8
      vertex 5.17372 3.61994 10.8
    endloop
  endfacet
  facet normal -0 0 1
    outer loop
      vertex 4.10222 6.77646 10.8
      vertex 6.22726 6.20706 10.8
      vertex 4.22836 7.14805 10.8
    endloop
  endfacet
  facet normal 0 0 1
    outer loop
      vertex 6.36532 5.51299 10.8
      vertex 4.61994 4.17372 10.8
      vertex 4.87868 3.87868 10.8
    endloop
  endfacet
  facet normal 0 0 1
    outer loop
      vertex 6.22726 6.20706 10.8
      vertex 4.10222 6.77646 10.8
      vertex 6.20684 6.10442 10.8
    endloop
  endfacet
  facet normal 0 0 1
    outer loop
      vertex 6.30718 5.6 10.8
      vertex 4.40192 4.5 10.8
      vertex 4.61994 4.17372 10.8
    endloop
  endfacet
  facet normal -0 0 1
    outer loop
      vertex 4.02567 6.39158 10.8
      vertex 6.20684 6.10442 10.8
      vertex 4.10222 6.77646 10.8
    endloop
  endfacet
  facet normal 0 0 1
    outer loop
      vertex 6.2609 5.69385 10.8
      vertex 4.22836 4.85195 10.8
      vertex 4.40192 4.5 10.8
    endloop
  endfacet
  facet normal 0 0 1
    outer loop
      vertex 6.20684 6.10442 10.8
      vertex 4.02567 6.39158 10.8
      vertex 6.2 6 10.8
    endloop
  endfacet
  facet normal 0 0 1
    outer loop
      vertex 6.22726 5.79294 10.8
      vertex 4.10222 5.22354 10.8
      vertex 4.22836 4.85195 10.8
    endloop
  endfacet
  facet normal 0 0 1
    outer loop
      vertex 4 6 10.8
      vertex 6.2 6 10.8
      vertex 4.02567 6.39158 10.8
    endloop
  endfacet
  facet normal 0 0 1
    outer loop
      vertex 6.20684 5.89558 10.8
      vertex 4.02567 5.60842 10.8
      vertex 4.10222 5.22354 10.8
    endloop
  endfacet
  facet normal 0 0 1
    outer loop
      vertex 6.2 6 10.8
      vertex 4 6 10.8
      vertex 4.02567 5.60842 10.8
    endloop
  endfacet
  facet normal 0.831462 0.555582 0
    outer loop
      vertex 9.59808 7.5 10.8
      vertex 9.38006 7.82628 2.2
      vertex 9.38006 7.82628 10.8
    endloop
  endfacet
  facet normal 0.831462 0.555582 0
    outer loop
      vertex 9.38006 7.82628 2.2
      vertex 9.59808 7.5 10.8
      vertex 9.59808 7.5 2.2
    endloop
  endfacet
  facet normal 0.555582 0.831462 -0
    outer loop
      vertex 8.82628 8.38006 2.2
      vertex 8.5 8.59808 10.8
      vertex 8.82628 8.38006 10.8
    endloop
  endfacet
  facet normal 0.555582 0.831462 0
    outer loop
      vertex 8.5 8.59808 10.8
      vertex 8.82628 8.38006 2.2
      vertex 8.5 8.59808 2.2
    endloop
  endfacet
  facet normal 0.896875 -0.442283 0
    outer loop
      vertex 9.59808 4.5 10.8
      vertex 9.77164 4.85195 2.2
      vertex 9.77164 4.85195 10.8
    endloop
  endfacet
  facet normal 0.896875 -0.442283 0
    outer loop
      vertex 9.77164 4.85195 2.2
      vertex 9.59808 4.5 10.8
      vertex 9.59808 4.5 2.2
    endloop
  endfacet
  facet normal 0.997858 -0.0654145 0
    outer loop
      vertex 9.97433 5.60842 10.8
      vertex 10 6 2.2
      vertex 10 6 10.8
    endloop
  endfacet
  facet normal 0.997858 -0.0654145 0
    outer loop
      vertex 10 6 2.2
      vertex 9.97433 5.60842 10.8
      vertex 9.97433 5.60842 2.2
    endloop
  endfacet
  facet normal 0.321444 0.946928 -0
    outer loop
      vertex 8.14805 8.77164 2.2
      vertex 7.77646 8.89778 10.8
      vertex 8.14805 8.77164 10.8
    endloop
  endfacet
  facet normal 0.321444 0.946928 0
    outer loop
      vertex 7.77646 8.89778 10.8
      vertex 8.14805 8.77164 2.2
      vertex 7.77646 8.89778 2.2
    endloop
  endfacet
  facet normal -0.896875 0.442283 0
    outer loop
      vertex 4.22836 7.14805 2.2
      vertex 4.40192 7.5 10.8
      vertex 4.40192 7.5 2.2
    endloop
  endfacet
  facet normal -0.896875 0.442283 0
    outer loop
      vertex 4.40192 7.5 10.8
      vertex 4.22836 7.14805 2.2
      vertex 4.22836 7.14805 10.8
    endloop
  endfacet
  facet normal -0.659341 0.751844 0
    outer loop
      vertex 5.17372 8.38006 2.2
      vertex 4.87868 8.12132 10.8
      vertex 5.17372 8.38006 10.8
    endloop
  endfacet
  facet normal -0.659341 0.751844 0
    outer loop
      vertex 4.87868 8.12132 10.8
      vertex 5.17372 8.38006 2.2
      vertex 4.87868 8.12132 2.2
    endloop
  endfacet
  facet normal 0.321444 -0.946928 0
    outer loop
      vertex 7.77646 3.10222 2.2
      vertex 8.14805 3.22836 10.8
      vertex 7.77646 3.10222 10.8
    endloop
  endfacet
  facet normal 0.321444 -0.946928 0
    outer loop
      vertex 8.14805 3.22836 10.8
      vertex 7.77646 3.10222 2.2
      vertex 8.14805 3.22836 2.2
    endloop
  endfacet
  facet normal -0.997858 -0.0654145 0
    outer loop
      vertex 4.02567 5.60842 2.2
      vertex 4 6 10.8
      vertex 4 6 2.2
    endloop
  endfacet
  facet normal -0.997858 -0.0654145 0
    outer loop
      vertex 4 6 10.8
      vertex 4.02567 5.60842 2.2
      vertex 4.02567 5.60842 10.8
    endloop
  endfacet
  facet normal -0.659341 -0.751844 0
    outer loop
      vertex 4.87868 3.87868 2.2
      vertex 5.17372 3.61994 10.8
      vertex 4.87868 3.87868 10.8
    endloop
  endfacet
  facet normal -0.659341 -0.751844 -0
    outer loop
      vertex 5.17372 3.61994 10.8
      vertex 4.87868 3.87868 2.2
      vertex 5.17372 3.61994 2.2
    endloop
  endfacet
  facet normal -0.321444 0.946928 0
    outer loop
      vertex 6.22354 8.89778 2.2
      vertex 5.85195 8.77164 10.8
      vertex 6.22354 8.89778 10.8
    endloop
  endfacet
  facet normal -0.321444 0.946928 0
    outer loop
      vertex 5.85195 8.77164 10.8
      vertex 6.22354 8.89778 2.2
      vertex 5.85195 8.77164 2.2
    endloop
  endfacet
  facet normal -0.831462 -0.555582 0
    outer loop
      vertex 4.61994 4.17372 2.2
      vertex 4.40192 4.5 10.8
      vertex 4.40192 4.5 2.2
    endloop
  endfacet
  facet normal -0.831462 -0.555582 0
    outer loop
      vertex 4.40192 4.5 10.8
      vertex 4.61994 4.17372 2.2
      vertex 4.61994 4.17372 10.8
    endloop
  endfacet
  facet normal -0.555582 0.831462 0
    outer loop
      vertex 5.5 8.59808 2.2
      vertex 5.17372 8.38006 10.8
      vertex 5.5 8.59808 10.8
    endloop
  endfacet
  facet normal -0.555582 0.831462 0
    outer loop
      vertex 5.17372 8.38006 10.8
      vertex 5.5 8.59808 2.2
      vertex 5.17372 8.38006 2.2
    endloop
  endfacet
  facet normal 0.195072 0.980789 -0
    outer loop
      vertex 7.77646 8.89778 2.2
      vertex 7.39158 8.97433 10.8
      vertex 7.77646 8.89778 10.8
    endloop
  endfacet
  facet normal 0.195072 0.980789 0
    outer loop
      vertex 7.39158 8.97433 10.8
      vertex 7.77646 8.89778 2.2
      vertex 7.39158 8.97433 2.2
    endloop
  endfacet
  facet normal -0.442283 0.896875 0
    outer loop
      vertex 5.85195 8.77164 2.2
      vertex 5.5 8.59808 10.8
      vertex 5.85195 8.77164 10.8
    endloop
  endfacet
  facet normal -0.442283 0.896875 0
    outer loop
      vertex 5.5 8.59808 10.8
      vertex 5.85195 8.77164 2.2
      vertex 5.5 8.59808 2.2
    endloop
  endfacet
  facet normal 0.0654145 -0.997858 0
    outer loop
      vertex 7 3 2.2
      vertex 7.39158 3.02567 10.8
      vertex 7 3 10.8
    endloop
  endfacet
  facet normal 0.0654145 -0.997858 0
    outer loop
      vertex 7.39158 3.02567 10.8
      vertex 7 3 2.2
      vertex 7.39158 3.02567 2.2
    endloop
  endfacet
  facet normal 0.659341 -0.751844 0
    outer loop
      vertex 8.82628 3.61994 2.2
      vertex 9.12132 3.87868 10.8
      vertex 8.82628 3.61994 10.8
    endloop
  endfacet
  facet normal 0.659341 -0.751844 0
    outer loop
      vertex 9.12132 3.87868 10.8
      vertex 8.82628 3.61994 2.2
      vertex 9.12132 3.87868 2.2
    endloop
  endfacet
  facet normal -0.946928 -0.321444 0
    outer loop
      vertex 4.22836 4.85195 2.2
      vertex 4.10222 5.22354 10.8
      vertex 4.10222 5.22354 2.2
    endloop
  endfacet
  facet normal -0.946928 -0.321444 0
    outer loop
      vertex 4.10222 5.22354 10.8
      vertex 4.22836 4.85195 2.2
      vertex 4.22836 4.85195 10.8
    endloop
  endfacet
  facet normal 0.946928 -0.321444 0
    outer loop
      vertex 9.77164 4.85195 10.8
      vertex 9.89778 5.22354 2.2
      vertex 9.89778 5.22354 10.8
    endloop
  endfacet
  facet normal 0.946928 -0.321444 0
    outer loop
      vertex 9.89778 5.22354 2.2
      vertex 9.77164 4.85195 10.8
      vertex 9.77164 4.85195 2.2
    endloop
  endfacet
  facet normal 0.442283 0.896875 -0
    outer loop
      vertex 8.5 8.59808 2.2
      vertex 8.14805 8.77164 10.8
      vertex 8.5 8.59808 10.8
    endloop
  endfacet
  facet normal 0.442283 0.896875 0
    outer loop
      vertex 8.14805 8.77164 10.8
      vertex 8.5 8.59808 2.2
      vertex 8.14805 8.77164 2.2
    endloop
  endfacet
  facet normal -0.195072 0.980789 0
    outer loop
      vertex 6.60842 8.97433 2.2
      vertex 6.22354 8.89778 10.8
      vertex 6.60842 8.97433 10.8
    endloop
  endfacet
  facet normal -0.195072 0.980789 0
    outer loop
      vertex 6.22354 8.89778 10.8
      vertex 6.60842 8.97433 2.2
      vertex 6.22354 8.89778 2.2
    endloop
  endfacet
  facet normal 0.751844 0.659341 0
    outer loop
      vertex 9.38006 7.82628 10.8
      vertex 9.12132 8.12132 2.2
      vertex 9.12132 8.12132 10.8
    endloop
  endfacet
  facet normal 0.751844 0.659341 0
    outer loop
      vertex 9.12132 8.12132 2.2
      vertex 9.38006 7.82628 10.8
      vertex 9.38006 7.82628 2.2
    endloop
  endfacet
  facet normal 0.751844 -0.659341 0
    outer loop
      vertex 9.12132 3.87868 10.8
      vertex 9.38006 4.17372 2.2
      vertex 9.38006 4.17372 10.8
    endloop
  endfacet
  facet normal 0.751844 -0.659341 0
    outer loop
      vertex 9.38006 4.17372 2.2
      vertex 9.12132 3.87868 10.8
      vertex 9.12132 3.87868 2.2
    endloop
  endfacet
  facet normal -0.442283 -0.896875 0
    outer loop
      vertex 5.5 3.40192 2.2
      vertex 5.85195 3.22836 10.8
      vertex 5.5 3.40192 10.8
    endloop
  endfacet
  facet normal -0.442283 -0.896875 -0
    outer loop
      vertex 5.85195 3.22836 10.8
      vertex 5.5 3.40192 2.2
      vertex 5.85195 3.22836 2.2
    endloop
  endfacet
  facet normal -0.946928 0.321444 0
    outer loop
      vertex 4.10222 6.77646 2.2
      vertex 4.22836 7.14805 10.8
      vertex 4.22836 7.14805 2.2
    endloop
  endfacet
  facet normal -0.946928 0.321444 0
    outer loop
      vertex 4.22836 7.14805 10.8
      vertex 4.10222 6.77646 2.2
      vertex 4.10222 6.77646 10.8
    endloop
  endfacet
  facet normal 0.195072 -0.980789 0
    outer loop
      vertex 7.39158 3.02567 2.2
      vertex 7.77646 3.10222 10.8
      vertex 7.39158 3.02567 10.8
    endloop
  endfacet
  facet normal 0.195072 -0.980789 0
    outer loop
      vertex 7.77646 3.10222 10.8
      vertex 7.39158 3.02567 2.2
      vertex 7.77646 3.10222 2.2
    endloop
  endfacet
  facet normal 0.442283 -0.896875 0
    outer loop
      vertex 8.14805 3.22836 2.2
      vertex 8.5 3.40192 10.8
      vertex 8.14805 3.22836 10.8
    endloop
  endfacet
  facet normal 0.442283 -0.896875 0
    outer loop
      vertex 8.5 3.40192 10.8
      vertex 8.14805 3.22836 2.2
      vertex 8.5 3.40192 2.2
    endloop
  endfacet
  facet normal 0 0 -1
    outer loop
      vertex 7.8 6 2.2
      vertex 10 6 2.2
      vertex 9.97433 5.60842 2.2
    endloop
  endfacet
  facet normal 0 0 -1
    outer loop
      vertex 7.79316 5.89558 2.2
      vertex 9.97433 5.60842 2.2
      vertex 9.89778 5.22354 2.2
    endloop
  endfacet
  facet normal 0 0 -1
    outer loop
      vertex 10 6 2.2
      vertex 7.8 6 2.2
      vertex 9.97433 6.39158 2.2
    endloop
  endfacet
  facet normal 0 0 -1
    outer loop
      vertex 7.77274 5.79294 2.2
      vertex 9.89778 5.22354 2.2
      vertex 9.77164 4.85195 2.2
    endloop
  endfacet
  facet normal 0 0 -1
    outer loop
      vertex 7.79316 6.10442 2.2
      vertex 9.97433 6.39158 2.2
      vertex 7.8 6 2.2
    endloop
  endfacet
  facet normal 0 0 -1
    outer loop
      vertex 7.7391 5.69385 2.2
      vertex 9.77164 4.85195 2.2
      vertex 9.59808 4.5 2.2
    endloop
  endfacet
  facet normal -0 0 -1
    outer loop
      vertex 9.97433 6.39158 2.2
      vertex 7.79316 6.10442 2.2
      vertex 9.89778 6.77646 2.2
    endloop
  endfacet
  facet normal 0 0 -1
    outer loop
      vertex 7.69282 5.6 2.2
      vertex 9.59808 4.5 2.2
      vertex 9.38006 4.17372 2.2
    endloop
  endfacet
  facet normal 0 0 -1
    outer loop
      vertex 7.77274 6.20706 2.2
      vertex 9.89778 6.77646 2.2
      vertex 7.79316 6.10442 2.2
    endloop
  endfacet
  facet normal 0 0 -1
    outer loop
      vertex 7.63468 5.51299 2.2
      vertex 9.38006 4.17372 2.2
      vertex 9.12132 3.87868 2.2
    endloop
  endfacet
  facet normal -0 0 -1
    outer loop
      vertex 9.89778 6.77646 2.2
      vertex 7.77274 6.20706 2.2
      vertex 9.77164 7.14805 2.2
    endloop
  endfacet
  facet normal 0 0 -1
    outer loop
      vertex 7.56569 5.43431 2.2
      vertex 9.12132 3.87868 2.2
      vertex 8.82628 3.61994 2.2
    endloop
  endfacet
  facet normal 0 0 -1
    outer loop
      vertex 7.7391 6.30615 2.2
      vertex 9.77164 7.14805 2.2
      vertex 7.77274 6.20706 2.2
    endloop
  endfacet
  facet normal 0 0 -1
    outer loop
      vertex 7.48701 5.36532 2.2
      vertex 8.82628 3.61994 2.2
      vertex 8.5 3.40192 2.2
    endloop
  endfacet
  facet normal -0 0 -1
    outer loop
      vertex 9.77164 7.14805 2.2
      vertex 7.7391 6.30615 2.2
      vertex 9.59808 7.5 2.2
    endloop
  endfacet
  facet normal 0 0 -1
    outer loop
      vertex 7.4 5.30718 2.2
      vertex 8.5 3.40192 2.2
      vertex 8.14805 3.22836 2.2
    endloop
  endfacet
  facet normal 0 0 -1
    outer loop
      vertex 7.69282 6.4 2.2
      vertex 9.59808 7.5 2.2
      vertex 7.7391 6.30615 2.2
    endloop
  endfacet
  facet normal -0 0 -1
    outer loop
      vertex 9.59808 7.5 2.2
      vertex 7.69282 6.4 2.2
      vertex 9.38006 7.82628 2.2
    endloop
  endfacet
  facet normal 0 0 -1
    outer loop
      vertex 9.97433 5.60842 2.2
      vertex 7.79316 5.89558 2.2
      vertex 7.8 6 2.2
    endloop
  endfacet
  facet normal 0 0 -1
    outer loop
      vertex 7.30615 5.2609 2.2
      vertex 8.14805 3.22836 2.2
      vertex 7.77646 3.10222 2.2
    endloop
  endfacet
  facet normal 0 0 -1
    outer loop
      vertex 9.89778 5.22354 2.2
      vertex 7.77274 5.79294 2.2
      vertex 7.79316 5.89558 2.2
    endloop
  endfacet
  facet normal 0 0 -1
    outer loop
      vertex 9.77164 4.85195 2.2
      vertex 7.7391 5.69385 2.2
      vertex 7.77274 5.79294 2.2
    endloop
  endfacet
  facet normal 0 0 -1
    outer loop
      vertex 9.59808 4.5 2.2
      vertex 7.69282 5.6 2.2
      vertex 7.7391 5.69385 2.2
    endloop
  endfacet
  facet normal 0 0 -1
    outer loop
      vertex 9.38006 4.17372 2.2
      vertex 7.63468 5.51299 2.2
      vertex 7.69282 5.6 2.2
    endloop
  endfacet
  facet normal 0 0 -1
    outer loop
      vertex 9.12132 3.87868 2.2
      vertex 7.56569 5.43431 2.2
      vertex 7.63468 5.51299 2.2
    endloop
  endfacet
  facet normal 0 0 -1
    outer loop
      vertex 8.82628 3.61994 2.2
      vertex 7.48701 5.36532 2.2
      vertex 7.56569 5.43431 2.2
    endloop
  endfacet
  facet normal 0 0 -1
    outer loop
      vertex 8.5 3.40192 2.2
      vertex 7.4 5.30718 2.2
      vertex 7.48701 5.36532 2.2
    endloop
  endfacet
  facet normal 0 0 -1
    outer loop
      vertex 7.20706 5.22726 2.2
      vertex 7.77646 3.10222 2.2
      vertex 7.39158 3.02567 2.2
    endloop
  endfacet
  facet normal 0 0 -1
    outer loop
      vertex 8.14805 3.22836 2.2
      vertex 7.30615 5.2609 2.2
      vertex 7.4 5.30718 2.2
    endloop
  endfacet
  facet normal 0 0 -1
    outer loop
      vertex 7.77646 3.10222 2.2
      vertex 7.20706 5.22726 2.2
      vertex 7.30615 5.2609 2.2
    endloop
  endfacet
  facet normal 0 0 -1
    outer loop
      vertex 7.39158 3.02567 2.2
      vertex 7.10442 5.20684 2.2
      vertex 7.20706 5.22726 2.2
    endloop
  endfacet
  facet normal 0 0 -1
    outer loop
      vertex 7 3 2.2
      vertex 7.10442 5.20684 2.2
      vertex 7.39158 3.02567 2.2
    endloop
  endfacet
  facet normal 0 0 -1
    outer loop
      vertex 7 3 2.2
      vertex 7 5.2 2.2
      vertex 7.10442 5.20684 2.2
    endloop
  endfacet
  facet normal 0 0 -1
    outer loop
      vertex 7 3 2.2
      vertex 6.89558 5.20684 2.2
      vertex 7 5.2 2.2
    endloop
  endfacet
  facet normal 0 0 -1
    outer loop
      vertex 6.60842 3.02567 2.2
      vertex 6.89558 5.20684 2.2
      vertex 7 3 2.2
    endloop
  endfacet
  facet normal -0 0 -1
    outer loop
      vertex 6.89558 5.20684 2.2
      vertex 6.60842 3.02567 2.2
      vertex 6.79294 5.22726 2.2
    endloop
  endfacet
  facet normal 0 0 -1
    outer loop
      vertex 6.22354 3.10222 2.2
      vertex 6.79294 5.22726 2.2
      vertex 6.60842 3.02567 2.2
    endloop
  endfacet
  facet normal -0 0 -1
    outer loop
      vertex 6.79294 5.22726 2.2
      vertex 6.22354 3.10222 2.2
      vertex 6.69385 5.2609 2.2
    endloop
  endfacet
  facet normal 0 0 -1
    outer loop
      vertex 5.85195 3.22836 2.2
      vertex 6.69385 5.2609 2.2
      vertex 6.22354 3.10222 2.2
    endloop
  endfacet
  facet normal -0 0 -1
    outer loop
      vertex 6.69385 5.2609 2.2
      vertex 5.85195 3.22836 2.2
      vertex 6.6 5.30718 2.2
    endloop
  endfacet
  facet normal 0 0 -1
    outer loop
      vertex 5.5 3.40192 2.2
      vertex 6.6 5.30718 2.2
      vertex 5.85195 3.22836 2.2
    endloop
  endfacet
  facet normal -0 0 -1
    outer loop
      vertex 6.6 5.30718 2.2
      vertex 5.5 3.40192 2.2
      vertex 6.51299 5.36532 2.2
    endloop
  endfacet
  facet normal 0 0 -1
    outer loop
      vertex 5.17372 3.61994 2.2
      vertex 6.51299 5.36532 2.2
      vertex 5.5 3.40192 2.2
    endloop
  endfacet
  facet normal -0 0 -1
    outer loop
      vertex 6.51299 5.36532 2.2
      vertex 5.17372 3.61994 2.2
      vertex 6.43431 5.43431 2.2
    endloop
  endfacet
  facet normal 0 0 -1
    outer loop
      vertex 4.87868 3.87868 2.2
      vertex 6.43431 5.43431 2.2
      vertex 5.17372 3.61994 2.2
    endloop
  endfacet
  facet normal -0 0 -1
    outer loop
      vertex 6.43431 5.43431 2.2
      vertex 4.87868 3.87868 2.2
      vertex 6.36532 5.51299 2.2
    endloop
  endfacet
  facet normal 0 0 -1
    outer loop
      vertex 4.61994 4.17372 2.2
      vertex 6.36532 5.51299 2.2
      vertex 4.87868 3.87868 2.2
    endloop
  endfacet
  facet normal -0 0 -1
    outer loop
      vertex 6.36532 5.51299 2.2
      vertex 4.61994 4.17372 2.2
      vertex 6.30718 5.6 2.2
    endloop
  endfacet
  facet normal 0 0 -1
    outer loop
      vertex 7.63468 6.48701 2.2
      vertex 9.38006 7.82628 2.2
      vertex 7.69282 6.4 2.2
    endloop
  endfacet
  facet normal -0 0 -1
    outer loop
      vertex 9.38006 7.82628 2.2
      vertex 7.63468 6.48701 2.2
      vertex 9.12132 8.12132 2.2
    endloop
  endfacet
  facet normal 0 0 -1
    outer loop
      vertex 7.56569 6.56569 2.2
      vertex 9.12132 8.12132 2.2
      vertex 7.63468 6.48701 2.2
    endloop
  endfacet
  facet normal -0 0 -1
    outer loop
      vertex 9.12132 8.12132 2.2
      vertex 7.56569 6.56569 2.2
      vertex 8.82628 8.38006 2.2
    endloop
  endfacet
  facet normal 0 0 -1
    outer loop
      vertex 7.48701 6.63468 2.2
      vertex 8.82628 8.38006 2.2
      vertex 7.56569 6.56569 2.2
    endloop
  endfacet
  facet normal -0 0 -1
    outer loop
      vertex 8.82628 8.38006 2.2
      vertex 7.48701 6.63468 2.2
      vertex 8.5 8.59808 2.2
    endloop
  endfacet
  facet normal 0 0 -1
    outer loop
      vertex 7.4 6.69282 2.2
      vertex 8.5 8.59808 2.2
      vertex 7.48701 6.63468 2.2
    endloop
  endfacet
  facet normal -0 0 -1
    outer loop
      vertex 8.5 8.59808 2.2
      vertex 7.4 6.69282 2.2
      vertex 8.14805 8.77164 2.2
    endloop
  endfacet
  facet normal 0 0 -1
    outer loop
      vertex 7.30615 6.7391 2.2
      vertex 8.14805 8.77164 2.2
      vertex 7.4 6.69282 2.2
    endloop
  endfacet
  facet normal -0 0 -1
    outer loop
      vertex 8.14805 8.77164 2.2
      vertex 7.30615 6.7391 2.2
      vertex 7.77646 8.89778 2.2
    endloop
  endfacet
  facet normal 0 0 -1
    outer loop
      vertex 7.20706 6.77274 2.2
      vertex 7.77646 8.89778 2.2
      vertex 7.30615 6.7391 2.2
    endloop
  endfacet
  facet normal -0 0 -1
    outer loop
      vertex 7.77646 8.89778 2.2
      vertex 7.20706 6.77274 2.2
      vertex 7.39158 8.97433 2.2
    endloop
  endfacet
  facet normal 0 0 -1
    outer loop
      vertex 7.10442 6.79316 2.2
      vertex 7.39158 8.97433 2.2
      vertex 7.20706 6.77274 2.2
    endloop
  endfacet
  facet normal 0 0 -1
    outer loop
      vertex 7 6.8 2.2
      vertex 7.39158 8.97433 2.2
      vertex 7.10442 6.79316 2.2
    endloop
  endfacet
  facet normal 0 0 -1
    outer loop
      vertex 7 6.8 2.2
      vertex 7 9 2.2
      vertex 7.39158 8.97433 2.2
    endloop
  endfacet
  facet normal 0 0 -1
    outer loop
      vertex 6.89558 6.79316 2.2
      vertex 7 9 2.2
      vertex 7 6.8 2.2
    endloop
  endfacet
  facet normal 0 0 -1
    outer loop
      vertex 6.60842 8.97433 2.2
      vertex 6.89558 6.79316 2.2
      vertex 6.79294 6.77274 2.2
    endloop
  endfacet
  facet normal 0 0 -1
    outer loop
      vertex 6.22354 8.89778 2.2
      vertex 6.79294 6.77274 2.2
      vertex 6.69385 6.7391 2.2
    endloop
  endfacet
  facet normal 0 0 -1
    outer loop
      vertex 6.89558 6.79316 2.2
      vertex 6.60842 8.97433 2.2
      vertex 7 9 2.2
    endloop
  endfacet
  facet normal 0 0 -1
    outer loop
      vertex 5.85195 8.77164 2.2
      vertex 6.69385 6.7391 2.2
      vertex 6.6 6.69282 2.2
    endloop
  endfacet
  facet normal 0 0 -1
    outer loop
      vertex 5.5 8.59808 2.2
      vertex 6.6 6.69282 2.2
      vertex 6.51299 6.63468 2.2
    endloop
  endfacet
  facet normal 0 0 -1
    outer loop
      vertex 5.17372 8.38006 2.2
      vertex 6.51299 6.63468 2.2
      vertex 6.43431 6.56569 2.2
    endloop
  endfacet
  facet normal 0 0 -1
    outer loop
      vertex 4.87868 8.12132 2.2
      vertex 6.43431 6.56569 2.2
      vertex 6.36532 6.48701 2.2
    endloop
  endfacet
  facet normal 0 0 -1
    outer loop
      vertex 4.61994 7.82628 2.2
      vertex 6.36532 6.48701 2.2
      vertex 6.30718 6.4 2.2
    endloop
  endfacet
  facet normal 0 0 -1
    outer loop
      vertex 4.40192 7.5 2.2
      vertex 6.30718 6.4 2.2
      vertex 6.2609 6.30615 2.2
    endloop
  endfacet
  facet normal 0 0 -1
    outer loop
      vertex 4.22836 7.14805 2.2
      vertex 6.2609 6.30615 2.2
      vertex 6.22726 6.20706 2.2
    endloop
  endfacet
  facet normal 0 0 -1
    outer loop
      vertex 6.79294 6.77274 2.2
      vertex 6.22354 8.89778 2.2
      vertex 6.60842 8.97433 2.2
    endloop
  endfacet
  facet normal 0 0 -1
    outer loop
      vertex 4.10222 6.77646 2.2
      vertex 6.22726 6.20706 2.2
      vertex 6.20684 6.10442 2.2
    endloop
  endfacet
  facet normal 0 0 -1
    outer loop
      vertex 4.02567 6.39158 2.2
      vertex 6.20684 6.10442 2.2
      vertex 6.2 6 2.2
    endloop
  endfacet
  facet normal 0 0 -1
    outer loop
      vertex 4.40192 4.5 2.2
      vertex 6.30718 5.6 2.2
      vertex 4.61994 4.17372 2.2
    endloop
  endfacet
  facet normal 0 0 -1
    outer loop
      vertex 6.69385 6.7391 2.2
      vertex 5.85195 8.77164 2.2
      vertex 6.22354 8.89778 2.2
    endloop
  endfacet
  facet normal -0 0 -1
    outer loop
      vertex 6.30718 5.6 2.2
      vertex 4.40192 4.5 2.2
      vertex 6.2609 5.69385 2.2
    endloop
  endfacet
  facet normal 0 0 -1
    outer loop
      vertex 6.6 6.69282 2.2
      vertex 5.5 8.59808 2.2
      vertex 5.85195 8.77164 2.2
    endloop
  endfacet
  facet normal 0 0 -1
    outer loop
      vertex 4.22836 4.85195 2.2
      vertex 6.2609 5.69385 2.2
      vertex 4.40192 4.5 2.2
    endloop
  endfacet
  facet normal 0 0 -1
    outer loop
      vertex 6.51299 6.63468 2.2
      vertex 5.17372 8.38006 2.2
      vertex 5.5 8.59808 2.2
    endloop
  endfacet
  facet normal -0 0 -1
    outer loop
      vertex 6.2609 5.69385 2.2
      vertex 4.22836 4.85195 2.2
      vertex 6.22726 5.79294 2.2
    endloop
  endfacet
  facet normal 0 0 -1
    outer loop
      vertex 6.43431 6.56569 2.2
      vertex 4.87868 8.12132 2.2
      vertex 5.17372 8.38006 2.2
    endloop
  endfacet
  facet normal 0 0 -1
    outer loop
      vertex 4.10222 5.22354 2.2
      vertex 6.22726 5.79294 2.2
      vertex 4.22836 4.85195 2.2
    endloop
  endfacet
  facet normal 0 0 -1
    outer loop
      vertex 6.36532 6.48701 2.2
      vertex 4.61994 7.82628 2.2
      vertex 4.87868 8.12132 2.2
    endloop
  endfacet
  facet normal -0 0 -1
    outer loop
      vertex 6.22726 5.79294 2.2
      vertex 4.10222 5.22354 2.2
      vertex 6.20684 5.89558 2.2
    endloop
  endfacet
  facet normal 0 0 -1
    outer loop
      vertex 6.30718 6.4 2.2
      vertex 4.40192 7.5 2.2
      vertex 4.61994 7.82628 2.2
    endloop
  endfacet
  facet normal 0 0 -1
    outer loop
      vertex 4.02567 5.60842 2.2
      vertex 6.20684 5.89558 2.2
      vertex 4.10222 5.22354 2.2
    endloop
  endfacet
  facet normal 0 0 -1
    outer loop
      vertex 6.2609 6.30615 2.2
      vertex 4.22836 7.14805 2.2
      vertex 4.40192 7.5 2.2
    endloop
  endfacet
  facet normal -0 0 -1
    outer loop
      vertex 6.20684 5.89558 2.2
      vertex 4.02567 5.60842 2.2
      vertex 6.2 6 2.2
    endloop
  endfacet
  facet normal 0 0 -1
    outer loop
      vertex 6.22726 6.20706 2.2
      vertex 4.10222 6.77646 2.2
      vertex 4.22836 7.14805 2.2
    endloop
  endfacet
  facet normal 0 0 -1
    outer loop
      vertex 4 6 2.2
      vertex 6.2 6 2.2
      vertex 4.02567 5.60842 2.2
    endloop
  endfacet
  facet normal 0 0 -1
    outer loop
      vertex 6.20684 6.10442 2.2
      vertex 4.02567 6.39158 2.2
      vertex 4.10222 6.77646 2.2
    endloop
  endfacet
  facet normal 0 0 -1
    outer loop
      vertex 6.2 6 2.2
      vertex 4 6 2.2
      vertex 4.02567 6.39158 2.2
    endloop
  endfacet
  facet normal -0.751844 0.659341 0
    outer loop
      vertex 4.61994 7.82628 2.2
      vertex 4.87868 8.12132 10.8
      vertex 4.87868 8.12132 2.2
    endloop
  endfacet
  facet normal -0.751844 0.659341 0
    outer loop
      vertex 4.87868 8.12132 10.8
      vertex 4.61994 7.82628 2.2
      vertex 4.61994 7.82628 10.8
    endloop
  endfacet
  facet normal 0.659341 0.751844 -0
    outer loop
      vertex 9.12132 8.12132 2.2
      vertex 8.82628 8.38006 10.8
      vertex 9.12132 8.12132 10.8
    endloop
  endfacet
  facet normal 0.659341 0.751844 0
    outer loop
      vertex 8.82628 8.38006 10.8
      vertex 9.12132 8.12132 2.2
      vertex 8.82628 8.38006 2.2
    endloop
  endfacet
  facet normal -0.896875 -0.442283 0
    outer loop
      vertex 4.40192 4.5 2.2
      vertex 4.22836 4.85195 10.8
      vertex 4.22836 4.85195 2.2
    endloop
  endfacet
  facet normal -0.896875 -0.442283 0
    outer loop
      vertex 4.22836 4.85195 10.8
      vertex 4.40192 4.5 2.2
      vertex 4.40192 4.5 10.8
    endloop
  endfacet
  facet normal -0.997858 0.0654145 0
    outer loop
      vertex 4 6 2.2
      vertex 4.02567 6.39158 10.8
      vertex 4.02567 6.39158 2.2
    endloop
  endfacet
  facet normal -0.997858 0.0654145 0
    outer loop
      vertex 4.02567 6.39158 10.8
      vertex 4 6 2.2
      vertex 4 6 10.8
    endloop
  endfacet
  facet normal 0.831462 -0.555582 0
    outer loop
      vertex 9.38006 4.17372 10.8
      vertex 9.59808 4.5 2.2
      vertex 9.59808 4.5 10.8
    endloop
  endfacet
  facet normal 0.831462 -0.555582 0
    outer loop
      vertex 9.59808 4.5 2.2
      vertex 9.38006 4.17372 10.8
      vertex 9.38006 4.17372 2.2
    endloop
  endfacet
  facet normal 0.896875 0.442283 0
    outer loop
      vertex 9.77164 7.14805 10.8
      vertex 9.59808 7.5 2.2
      vertex 9.59808 7.5 10.8
    endloop
  endfacet
  facet normal 0.896875 0.442283 0
    outer loop
      vertex 9.59808 7.5 2.2
      vertex 9.77164 7.14805 10.8
      vertex 9.77164 7.14805 2.2
    endloop
  endfacet
  facet normal -0.0654145 -0.997858 0
    outer loop
      vertex 6.60842 3.02567 2.2
      vertex 7 3 10.8
      vertex 6.60842 3.02567 10.8
    endloop
  endfacet
  facet normal -0.0654145 -0.997858 -0
    outer loop
      vertex 7 3 10.8
      vertex 6.60842 3.02567 2.2
      vertex 7 3 2.2
    endloop
  endfacet
  facet normal -0.555582 -0.831462 0
    outer loop
      vertex 5.17372 3.61994 2.2
      vertex 5.5 3.40192 10.8
      vertex 5.17372 3.61994 10.8
    endloop
  endfacet
  facet normal -0.555582 -0.831462 -0
    outer loop
      vertex 5.5 3.40192 10.8
      vertex 5.17372 3.61994 2.2
      vertex 5.5 3.40192 2.2
    endloop
  endfacet
  facet normal 0.555582 -0.831462 0
    outer loop
      vertex 8.5 3.40192 2.2
      vertex 8.82628 3.61994 10.8
      vertex 8.5 3.40192 10.8
    endloop
  endfacet
  facet normal 0.555582 -0.831462 0
    outer loop
      vertex 8.82628 3.61994 10.8
      vertex 8.5 3.40192 2.2
      vertex 8.82628 3.61994 2.2
    endloop
  endfacet
  facet normal 0.946928 0.321444 0
    outer loop
      vertex 9.89778 6.77646 10.8
      vertex 9.77164 7.14805 2.2
      vertex 9.77164 7.14805 10.8
    endloop
  endfacet
  facet normal 0.946928 0.321444 0
    outer loop
      vertex 9.77164 7.14805 2.2
      vertex 9.89778 6.77646 10.8
      vertex 9.89778 6.77646 2.2
    endloop
  endfacet
  facet normal -0.980789 0.195072 0
    outer loop
      vertex 4.02567 6.39158 2.2
      vertex 4.10222 6.77646 10.8
      vertex 4.10222 6.77646 2.2
    endloop
  endfacet
  facet normal -0.980789 0.195072 0
    outer loop
      vertex 4.10222 6.77646 10.8
      vertex 4.02567 6.39158 2.2
      vertex 4.02567 6.39158 10.8
    endloop
  endfacet
  facet normal -0.0654145 0.997858 0
    outer loop
      vertex 7 9 2.2
      vertex 6.60842 8.97433 10.8
      vertex 7 9 10.8
    endloop
  endfacet
  facet normal -0.0654145 0.997858 0
    outer loop
      vertex 6.60842 8.97433 10.8
      vertex 7 9 2.2
      vertex 6.60842 8.97433 2.2
    endloop
  endfacet
  facet normal -0.321444 -0.946928 0
    outer loop
      vertex 5.85195 3.22836 2.2
      vertex 6.22354 3.10222 10.8
      vertex 5.85195 3.22836 10.8
    endloop
  endfacet
  facet normal -0.321444 -0.946928 -0
    outer loop
      vertex 6.22354 3.10222 10.8
      vertex 5.85195 3.22836 2.2
      vertex 6.22354 3.10222 2.2
    endloop
  endfacet
  facet normal -0.980789 -0.195072 0
    outer loop
      vertex 4.10222 5.22354 2.2
      vertex 4.02567 5.60842 10.8
      vertex 4.02567 5.60842 2.2
    endloop
  endfacet
  facet normal -0.980789 -0.195072 0
    outer loop
      vertex 4.02567 5.60842 10.8
      vertex 4.10222 5.22354 2.2
      vertex 4.10222 5.22354 10.8
    endloop
  endfacet
  facet normal -0.751844 -0.659341 0
    outer loop
      vertex 4.87868 3.87868 2.2
      vertex 4.61994 4.17372 10.8
      vertex 4.61994 4.17372 2.2
    endloop
  endfacet
  facet normal -0.751844 -0.659341 0
    outer loop
      vertex 4.61994 4.17372 10.8
      vertex 4.87868 3.87868 2.2
      vertex 4.87868 3.87868 10.8
    endloop
  endfacet
  facet normal 0.0654145 0.997858 -0
    outer loop
      vertex 7.39158 8.97433 2.2
      vertex 7 9 10.8
      vertex 7.39158 8.97433 10.8
    endloop
  endfacet
  facet normal 0.0654145 0.997858 0
    outer loop
      vertex 7 9 10.8
      vertex 7.39158 8.97433 2.2
      vertex 7 9 2.2
    endloop
  endfacet
  facet normal -0.195072 -0.980789 0
    outer loop
      vertex 6.22354 3.10222 2.2
      vertex 6.60842 3.02567 10.8
      vertex 6.22354 3.10222 10.8
    endloop
  endfacet
  facet normal -0.195072 -0.980789 -0
    outer loop
      vertex 6.60842 3.02567 10.8
      vertex 6.22354 3.10222 2.2
      vertex 6.60842 3.02567 2.2
    endloop
  endfacet
  facet normal -0.831462 0.555582 0
    outer loop
      vertex 4.40192 7.5 2.2
      vertex 4.61994 7.82628 10.8
      vertex 4.61994 7.82628 2.2
    endloop
  endfacet
  facet normal -0.831462 0.555582 0
    outer loop
      vertex 4.61994 7.82628 10.8
      vertex 4.40192 7.5 2.2
      vertex 4.40192 7.5 10.8
    endloop
  endfacet
  facet normal -0.195124 -0.980779 0
    outer loop
      vertex 7.10442 6.79316 2.2
      vertex 7.20706 6.77274 10.8
      vertex 7.10442 6.79316 10.8
    endloop
  endfacet
  facet normal -0.195124 -0.980779 -0
    outer loop
      vertex 7.20706 6.77274 10.8
      vertex 7.10442 6.79316 2.2
      vertex 7.20706 6.77274 2.2
    endloop
  endfacet
  facet normal -0.980779 -0.195124 0
    outer loop
      vertex 7.79316 6.10442 2.2
      vertex 7.77274 6.20706 10.8
      vertex 7.77274 6.20706 2.2
    endloop
  endfacet
  facet normal -0.980779 -0.195124 0
    outer loop
      vertex 7.77274 6.20706 10.8
      vertex 7.79316 6.10442 2.2
      vertex 7.79316 6.10442 10.8
    endloop
  endfacet
  facet normal -0.997861 -0.0653646 0
    outer loop
      vertex 7.8 6 2.2
      vertex 7.79316 6.10442 10.8
      vertex 7.79316 6.10442 2.2
    endloop
  endfacet
  facet normal -0.997861 -0.0653646 0
    outer loop
      vertex 7.79316 6.10442 10.8
      vertex 7.8 6 2.2
      vertex 7.8 6 10.8
    endloop
  endfacet
  facet normal -0.94692 -0.321469 0
    outer loop
      vertex 7.77274 6.20706 2.2
      vertex 7.7391 6.30615 10.8
      vertex 7.7391 6.30615 2.2
    endloop
  endfacet
  facet normal -0.94692 -0.321469 0
    outer loop
      vertex 7.7391 6.30615 10.8
      vertex 7.77274 6.20706 2.2
      vertex 7.77274 6.20706 10.8
    endloop
  endfacet
  facet normal -0.831462 -0.555582 0
    outer loop
      vertex 7.69282 6.4 2.2
      vertex 7.63468 6.48701 10.8
      vertex 7.63468 6.48701 2.2
    endloop
  endfacet
  facet normal -0.831462 -0.555582 0
    outer loop
      vertex 7.63468 6.48701 10.8
      vertex 7.69282 6.4 2.2
      vertex 7.69282 6.4 10.8
    endloop
  endfacet
  facet normal -0.321469 -0.94692 0
    outer loop
      vertex 7.20706 6.77274 2.2
      vertex 7.30615 6.7391 10.8
      vertex 7.20706 6.77274 10.8
    endloop
  endfacet
  facet normal -0.321469 -0.94692 -0
    outer loop
      vertex 7.30615 6.7391 10.8
      vertex 7.20706 6.77274 2.2
      vertex 7.30615 6.7391 2.2
    endloop
  endfacet
  facet normal -0.997861 0.0653646 0
    outer loop
      vertex 7.79316 5.89558 2.2
      vertex 7.8 6 10.8
      vertex 7.8 6 2.2
    endloop
  endfacet
  facet normal -0.997861 0.0653646 0
    outer loop
      vertex 7.8 6 10.8
      vertex 7.79316 5.89558 2.2
      vertex 7.79316 5.89558 10.8
    endloop
  endfacet
  facet normal 0.555582 0.831462 -0
    outer loop
      vertex 6.6 5.30718 2.2
      vertex 6.51299 5.36532 10.8
      vertex 6.6 5.30718 10.8
    endloop
  endfacet
  facet normal 0.555582 0.831462 0
    outer loop
      vertex 6.51299 5.36532 10.8
      vertex 6.6 5.30718 2.2
      vertex 6.51299 5.36532 2.2
    endloop
  endfacet
  facet normal 0.321469 0.94692 -0
    outer loop
      vertex 6.79294 5.22726 2.2
      vertex 6.69385 5.2609 10.8
      vertex 6.79294 5.22726 10.8
    endloop
  endfacet
  facet normal 0.321469 0.94692 0
    outer loop
      vertex 6.69385 5.2609 10.8
      vertex 6.79294 5.22726 2.2
      vertex 6.69385 5.2609 2.2
    endloop
  endfacet
  facet normal -0.896879 -0.442276 0
    outer loop
      vertex 7.7391 6.30615 2.2
      vertex 7.69282 6.4 10.8
      vertex 7.69282 6.4 2.2
    endloop
  endfacet
  facet normal -0.896879 -0.442276 0
    outer loop
      vertex 7.69282 6.4 10.8
      vertex 7.7391 6.30615 2.2
      vertex 7.7391 6.30615 10.8
    endloop
  endfacet
  facet normal 0.321469 -0.94692 0
    outer loop
      vertex 6.69385 6.7391 2.2
      vertex 6.79294 6.77274 10.8
      vertex 6.69385 6.7391 10.8
    endloop
  endfacet
  facet normal 0.321469 -0.94692 0
    outer loop
      vertex 6.79294 6.77274 10.8
      vertex 6.69385 6.7391 2.2
      vertex 6.79294 6.77274 2.2
    endloop
  endfacet
  facet normal -0.75189 -0.659289 0
    outer loop
      vertex 7.63468 6.48701 2.2
      vertex 7.56569 6.56569 10.8
      vertex 7.56569 6.56569 2.2
    endloop
  endfacet
  facet normal -0.75189 -0.659289 0
    outer loop
      vertex 7.56569 6.56569 10.8
      vertex 7.63468 6.48701 2.2
      vertex 7.63468 6.48701 10.8
    endloop
  endfacet
  facet normal -0.94692 0.321469 0
    outer loop
      vertex 7.7391 5.69385 2.2
      vertex 7.77274 5.79294 10.8
      vertex 7.77274 5.79294 2.2
    endloop
  endfacet
  facet normal -0.94692 0.321469 0
    outer loop
      vertex 7.77274 5.79294 10.8
      vertex 7.7391 5.69385 2.2
      vertex 7.7391 5.69385 10.8
    endloop
  endfacet
  facet normal 0.75189 0.659289 0
    outer loop
      vertex 6.43431 5.43431 10.8
      vertex 6.36532 5.51299 2.2
      vertex 6.36532 5.51299 10.8
    endloop
  endfacet
  facet normal 0.75189 0.659289 0
    outer loop
      vertex 6.36532 5.51299 2.2
      vertex 6.43431 5.43431 10.8
      vertex 6.43431 5.43431 2.2
    endloop
  endfacet
  facet normal -0.980779 0.195124 0
    outer loop
      vertex 7.77274 5.79294 2.2
      vertex 7.79316 5.89558 10.8
      vertex 7.79316 5.89558 2.2
    endloop
  endfacet
  facet normal -0.980779 0.195124 0
    outer loop
      vertex 7.79316 5.89558 10.8
      vertex 7.77274 5.79294 2.2
      vertex 7.77274 5.79294 10.8
    endloop
  endfacet
  facet normal 0.659289 -0.75189 0
    outer loop
      vertex 6.43431 6.56569 2.2
      vertex 6.51299 6.63468 10.8
      vertex 6.43431 6.56569 10.8
    endloop
  endfacet
  facet normal 0.659289 -0.75189 0
    outer loop
      vertex 6.51299 6.63468 10.8
      vertex 6.43431 6.56569 2.2
      vertex 6.51299 6.63468 2.2
    endloop
  endfacet
  facet normal 0.94692 0.321469 0
    outer loop
      vertex 6.2609 5.69385 10.8
      vertex 6.22726 5.79294 2.2
      vertex 6.22726 5.79294 10.8
    endloop
  endfacet
  facet normal 0.94692 0.321469 0
    outer loop
      vertex 6.22726 5.79294 2.2
      vertex 6.2609 5.69385 10.8
      vertex 6.2609 5.69385 2.2
    endloop
  endfacet
  facet normal -0.831462 0.555582 0
    outer loop
      vertex 7.63468 5.51299 2.2
      vertex 7.69282 5.6 10.8
      vertex 7.69282 5.6 2.2
    endloop
  endfacet
  facet normal -0.831462 0.555582 0
    outer loop
      vertex 7.69282 5.6 10.8
      vertex 7.63468 5.51299 2.2
      vertex 7.63468 5.51299 10.8
    endloop
  endfacet
  facet normal -0.442276 -0.896879 0
    outer loop
      vertex 7.30615 6.7391 2.2
      vertex 7.4 6.69282 10.8
      vertex 7.30615 6.7391 10.8
    endloop
  endfacet
  facet normal -0.442276 -0.896879 -0
    outer loop
      vertex 7.4 6.69282 10.8
      vertex 7.30615 6.7391 2.2
      vertex 7.4 6.69282 2.2
    endloop
  endfacet
  facet normal 0.442276 -0.896879 0
    outer loop
      vertex 6.6 6.69282 2.2
      vertex 6.69385 6.7391 10.8
      vertex 6.6 6.69282 10.8
    endloop
  endfacet
  facet normal 0.442276 -0.896879 0
    outer loop
      vertex 6.69385 6.7391 10.8
      vertex 6.6 6.69282 2.2
      vertex 6.69385 6.7391 2.2
    endloop
  endfacet
  facet normal -0.442276 0.896879 0
    outer loop
      vertex 7.4 5.30718 2.2
      vertex 7.30615 5.2609 10.8
      vertex 7.4 5.30718 10.8
    endloop
  endfacet
  facet normal -0.442276 0.896879 0
    outer loop
      vertex 7.30615 5.2609 10.8
      vertex 7.4 5.30718 2.2
      vertex 7.30615 5.2609 2.2
    endloop
  endfacet
  facet normal -0.321469 0.94692 0
    outer loop
      vertex 7.30615 5.2609 2.2
      vertex 7.20706 5.22726 10.8
      vertex 7.30615 5.2609 10.8
    endloop
  endfacet
  facet normal -0.321469 0.94692 0
    outer loop
      vertex 7.20706 5.22726 10.8
      vertex 7.30615 5.2609 2.2
      vertex 7.20706 5.22726 2.2
    endloop
  endfacet
  facet normal 0.896879 0.442276 0
    outer loop
      vertex 6.30718 5.6 10.8
      vertex 6.2609 5.69385 2.2
      vertex 6.2609 5.69385 10.8
    endloop
  endfacet
  facet normal 0.896879 0.442276 0
    outer loop
      vertex 6.2609 5.69385 2.2
      vertex 6.30718 5.6 10.8
      vertex 6.30718 5.6 2.2
    endloop
  endfacet
  facet normal 0.980779 0.195124 0
    outer loop
      vertex 6.22726 5.79294 10.8
      vertex 6.20684 5.89558 2.2
      vertex 6.20684 5.89558 10.8
    endloop
  endfacet
  facet normal 0.980779 0.195124 0
    outer loop
      vertex 6.20684 5.89558 2.2
      vertex 6.22726 5.79294 10.8
      vertex 6.22726 5.79294 2.2
    endloop
  endfacet
  facet normal 0.555582 -0.831462 0
    outer loop
      vertex 6.51299 6.63468 2.2
      vertex 6.6 6.69282 10.8
      vertex 6.51299 6.63468 10.8
    endloop
  endfacet
  facet normal 0.555582 -0.831462 0
    outer loop
      vertex 6.6 6.69282 10.8
      vertex 6.51299 6.63468 2.2
      vertex 6.6 6.69282 2.2
    endloop
  endfacet
  facet normal -0.555582 0.831462 0
    outer loop
      vertex 7.48701 5.36532 2.2
      vertex 7.4 5.30718 10.8
      vertex 7.48701 5.36532 10.8
    endloop
  endfacet
  facet normal -0.555582 0.831462 0
    outer loop
      vertex 7.4 5.30718 10.8
      vertex 7.48701 5.36532 2.2
      vertex 7.4 5.30718 2.2
    endloop
  endfacet
  facet normal -0.195124 0.980779 0
    outer loop
      vertex 7.20706 5.22726 2.2
      vertex 7.10442 5.20684 10.8
      vertex 7.20706 5.22726 10.8
    endloop
  endfacet
  facet normal -0.195124 0.980779 0
    outer loop
      vertex 7.10442 5.20684 10.8
      vertex 7.20706 5.22726 2.2
      vertex 7.10442 5.20684 2.2
    endloop
  endfacet
  facet normal -0.659289 -0.75189 0
    outer loop
      vertex 7.48701 6.63468 2.2
      vertex 7.56569 6.56569 10.8
      vertex 7.48701 6.63468 10.8
    endloop
  endfacet
  facet normal -0.659289 -0.75189 -0
    outer loop
      vertex 7.56569 6.56569 10.8
      vertex 7.48701 6.63468 2.2
      vertex 7.56569 6.56569 2.2
    endloop
  endfacet
  facet normal 0.94692 -0.321469 0
    outer loop
      vertex 6.22726 6.20706 10.8
      vertex 6.2609 6.30615 2.2
      vertex 6.2609 6.30615 10.8
    endloop
  endfacet
  facet normal 0.94692 -0.321469 0
    outer loop
      vertex 6.2609 6.30615 2.2
      vertex 6.22726 6.20706 10.8
      vertex 6.22726 6.20706 2.2
    endloop
  endfacet
  facet normal 0.0653646 -0.997861 0
    outer loop
      vertex 6.89558 6.79316 2.2
      vertex 7 6.8 10.8
      vertex 6.89558 6.79316 10.8
    endloop
  endfacet
  facet normal 0.0653646 -0.997861 0
    outer loop
      vertex 7 6.8 10.8
      vertex 6.89558 6.79316 2.2
      vertex 7 6.8 2.2
    endloop
  endfacet
  facet normal -0.0653646 0.997861 0
    outer loop
      vertex 7.10442 5.20684 2.2
      vertex 7 5.2 10.8
      vertex 7.10442 5.20684 10.8
    endloop
  endfacet
  facet normal -0.0653646 0.997861 0
    outer loop
      vertex 7 5.2 10.8
      vertex 7.10442 5.20684 2.2
      vertex 7 5.2 2.2
    endloop
  endfacet
  facet normal 0.195124 -0.980779 0
    outer loop
      vertex 6.79294 6.77274 2.2
      vertex 6.89558 6.79316 10.8
      vertex 6.79294 6.77274 10.8
    endloop
  endfacet
  facet normal 0.195124 -0.980779 0
    outer loop
      vertex 6.89558 6.79316 10.8
      vertex 6.79294 6.77274 2.2
      vertex 6.89558 6.79316 2.2
    endloop
  endfacet
  facet normal 0.659289 0.75189 -0
    outer loop
      vertex 6.51299 5.36532 2.2
      vertex 6.43431 5.43431 10.8
      vertex 6.51299 5.36532 10.8
    endloop
  endfacet
  facet normal 0.659289 0.75189 0
    outer loop
      vertex 6.43431 5.43431 10.8
      vertex 6.51299 5.36532 2.2
      vertex 6.43431 5.43431 2.2
    endloop
  endfacet
  facet normal 0.896879 -0.442276 0
    outer loop
      vertex 6.2609 6.30615 10.8
      vertex 6.30718 6.4 2.2
      vertex 6.30718 6.4 10.8
    endloop
  endfacet
  facet normal 0.896879 -0.442276 0
    outer loop
      vertex 6.30718 6.4 2.2
      vertex 6.2609 6.30615 10.8
      vertex 6.2609 6.30615 2.2
    endloop
  endfacet
  facet normal -0.896879 0.442276 0
    outer loop
      vertex 7.69282 5.6 2.2
      vertex 7.7391 5.69385 10.8
      vertex 7.7391 5.69385 2.2
    endloop
  endfacet
  facet normal -0.896879 0.442276 0
    outer loop
      vertex 7.7391 5.69385 10.8
      vertex 7.69282 5.6 2.2
      vertex 7.69282 5.6 10.8
    endloop
  endfacet
  facet normal -0.75189 0.659289 0
    outer loop
      vertex 7.56569 5.43431 2.2
      vertex 7.63468 5.51299 10.8
      vertex 7.63468 5.51299 2.2
    endloop
  endfacet
  facet normal -0.75189 0.659289 0
    outer loop
      vertex 7.63468 5.51299 10.8
      vertex 7.56569 5.43431 2.2
      vertex 7.56569 5.43431 10.8
    endloop
  endfacet
  facet normal 0.0653646 0.997861 -0
    outer loop
      vertex 7 5.2 2.2
      vertex 6.89558 5.20684 10.8
      vertex 7 5.2 10.8
    endloop
  endfacet
  facet normal 0.0653646 0.997861 0
    outer loop
      vertex 6.89558 5.20684 10.8
      vertex 7 5.2 2.2
      vertex 6.89558 5.20684 2.2
    endloop
  endfacet
  facet normal -0.0653646 -0.997861 0
    outer loop
      vertex 7 6.8 2.2
      vertex 7.10442 6.79316 10.8
      vertex 7 6.8 10.8
    endloop
  endfacet
  facet normal -0.0653646 -0.997861 -0
    outer loop
      vertex 7.10442 6.79316 10.8
      vertex 7 6.8 2.2
      vertex 7.10442 6.79316 2.2
    endloop
  endfacet
  facet normal -0.555582 -0.831462 0
    outer loop
      vertex 7.4 6.69282 2.2
      vertex 7.48701 6.63468 10.8
      vertex 7.4 6.69282 10.8
    endloop
  endfacet
  facet normal -0.555582 -0.831462 -0
    outer loop
      vertex 7.48701 6.63468 10.8
      vertex 7.4 6.69282 2.2
      vertex 7.48701 6.63468 2.2
    endloop
  endfacet
  facet normal 0.997861 0.0653646 0
    outer loop
      vertex 6.20684 5.89558 10.8
      vertex 6.2 6 2.2
      vertex 6.2 6 10.8
    endloop
  endfacet
  facet normal 0.997861 0.0653646 0
    outer loop
      vertex 6.2 6 2.2
      vertex 6.20684 5.89558 10.8
      vertex 6.20684 5.89558 2.2
    endloop
  endfacet
  facet normal 0.75189 -0.659289 0
    outer loop
      vertex 6.36532 6.48701 10.8
      vertex 6.43431 6.56569 2.2
      vertex 6.43431 6.56569 10.8
    endloop
  endfacet
  facet normal 0.75189 -0.659289 0
    outer loop
      vertex 6.43431 6.56569 2.2
      vertex 6.36532 6.48701 10.8
      vertex 6.36532 6.48701 2.2
    endloop
  endfacet
  facet normal 0.195124 0.980779 -0
    outer loop
      vertex 6.89558 5.20684 2.2
      vertex 6.79294 5.22726 10.8
      vertex 6.89558 5.20684 10.8
    endloop
  endfacet
  facet normal 0.195124 0.980779 0
    outer loop
      vertex 6.79294 5.22726 10.8
      vertex 6.89558 5.20684 2.2
      vertex 6.79294 5.22726 2.2
    endloop
  endfacet
  facet normal 0.980779 -0.195124 0
    outer loop
      vertex 6.20684 6.10442 10.8
      vertex 6.22726 6.20706 2.2
      vertex 6.22726 6.20706 10.8
    endloop
  endfacet
  facet normal 0.980779 -0.195124 0
    outer loop
      vertex 6.22726 6.20706 2.2
      vertex 6.20684 6.10442 10.8
      vertex 6.20684 6.10442 2.2
    endloop
  endfacet
  facet normal 0.997861 -0.0653646 0
    outer loop
      vertex 6.2 6 10.8
      vertex 6.20684 6.10442 2.2
      vertex 6.20684 6.10442 10.8
    endloop
  endfacet
  facet normal 0.997861 -0.0653646 0
    outer loop
      vertex 6.20684 6.10442 2.2
      vertex 6.2 6 10.8
      vertex 6.2 6 2.2
    endloop
  endfacet
  facet normal 0.442276 0.896879 -0
    outer loop
      vertex 6.69385 5.2609 2.2
      vertex 6.6 5.30718 10.8
      vertex 6.69385 5.2609 10.8
    endloop
  endfacet
  facet normal 0.442276 0.896879 0
    outer loop
      vertex 6.6 5.30718 10.8
      vertex 6.69385 5.2609 2.2
      vertex 6.6 5.30718 2.2
    endloop
  endfacet
  facet normal -0.659289 0.75189 0
    outer loop
      vertex 7.56569 5.43431 2.2
      vertex 7.48701 5.36532 10.8
      vertex 7.56569 5.43431 10.8
    endloop
  endfacet
  facet normal -0.659289 0.75189 0
    outer loop
      vertex 7.48701 5.36532 10.8
      vertex 7.56569 5.43431 2.2
      vertex 7.48701 5.36532 2.2
    endloop
  endfacet
  facet normal 0.831462 -0.555582 0
    outer loop
      vertex 6.30718 6.4 10.8
      vertex 6.36532 6.48701 2.2
      vertex 6.36532 6.48701 10.8
    endloop
  endfacet
  facet normal 0.831462 -0.555582 0
    outer loop
      vertex 6.36532 6.48701 2.2
      vertex 6.30718 6.4 10.8
      vertex 6.30718 6.4 2.2
    endloop
  endfacet
  facet normal 0.831462 0.555582 0
    outer loop
      vertex 6.36532 5.51299 10.8
      vertex 6.30718 5.6 2.2
      vertex 6.30718 5.6 10.8
    endloop
  endfacet
  facet normal 0.831462 0.555582 0
    outer loop
      vertex 6.30718 5.6 2.2
      vertex 6.36532 5.51299 10.8
      vertex 6.36532 5.51299 2.2
    endloop
  endfacet
  facet normal 0.980791 0.195062 0
    outer loop
      vertex 9.97433 32.2316 10.8
      vertex 9.89778 32.6165 2.2
      vertex 9.89778 32.6165 10.8
    endloop
  endfacet
  facet normal 0.980791 0.195062 0
    outer loop
      vertex 9.89778 32.6165 2.2
      vertex 9.97433 32.2316 10.8
      vertex 9.97433 32.2316 2.2
    endloop
  endfacet
  facet normal 0.997858 0.0654112 0
    outer loop
      vertex 10 31.84 10.8
      vertex 9.97433 32.2316 2.2
      vertex 9.97433 32.2316 10.8
    endloop
  endfacet
  facet normal 0.997858 0.0654112 0
    outer loop
      vertex 9.97433 32.2316 2.2
      vertex 10 31.84 10.8
      vertex 10 31.84 2.2
    endloop
  endfacet
  facet normal 0.980791 -0.195062 0
    outer loop
      vertex 9.89778 31.0635 10.8
      vertex 9.97433 31.4484 2.2
      vertex 9.97433 31.4484 10.8
    endloop
  endfacet
  facet normal 0.980791 -0.195062 0
    outer loop
      vertex 9.97433 31.4484 2.2
      vertex 9.89778 31.0635 10.8
      vertex 9.89778 31.0635 2.2
    endloop
  endfacet
  facet normal 0 0 1
    outer loop
      vertex 7.8 31.84 10.8
      vertex 10 31.84 10.8
      vertex 9.97433 32.2316 10.8
    endloop
  endfacet
  facet normal 0 0 1
    outer loop
      vertex 7.79316 31.9444 10.8
      vertex 9.97433 32.2316 10.8
      vertex 9.89778 32.6165 10.8
    endloop
  endfacet
  facet normal 0 0 1
    outer loop
      vertex 10 31.84 10.8
      vertex 7.8 31.84 10.8
      vertex 9.97433 31.4484 10.8
    endloop
  endfacet
  facet normal 0 0 1
    outer loop
      vertex 7.77274 32.0471 10.8
      vertex 9.89778 32.6165 10.8
      vertex 9.77164 32.988 10.8
    endloop
  endfacet
  facet normal -0 0 1
    outer loop
      vertex 7.79316 31.7356 10.8
      vertex 9.97433 31.4484 10.8
      vertex 7.8 31.84 10.8
    endloop
  endfacet
  facet normal 0 0 1
    outer loop
      vertex 7.7391 32.1461 10.8
      vertex 9.77164 32.988 10.8
      vertex 9.59808 33.34 10.8
    endloop
  endfacet
  facet normal 0 0 1
    outer loop
      vertex 9.97433 31.4484 10.8
      vertex 7.79316 31.7356 10.8
      vertex 9.89778 31.0635 10.8
    endloop
  endfacet
  facet normal 0 0 1
    outer loop
      vertex 7.69282 32.24 10.8
      vertex 9.59808 33.34 10.8
      vertex 9.38006 33.6663 10.8
    endloop
  endfacet
  facet normal -0 0 1
    outer loop
      vertex 7.77274 31.6329 10.8
      vertex 9.89778 31.0635 10.8
      vertex 7.79316 31.7356 10.8
    endloop
  endfacet
  facet normal 0 0 1
    outer loop
      vertex 7.63468 32.327 10.8
      vertex 9.38006 33.6663 10.8
      vertex 9.12132 33.9613 10.8
    endloop
  endfacet
  facet normal 0 0 1
    outer loop
      vertex 9.89778 31.0635 10.8
      vertex 7.77274 31.6329 10.8
      vertex 9.77164 30.6919 10.8
    endloop
  endfacet
  facet normal 0 0 1
    outer loop
      vertex 7.56569 32.4057 10.8
      vertex 9.12132 33.9613 10.8
      vertex 8.82628 34.2201 10.8
    endloop
  endfacet
  facet normal -0 0 1
    outer loop
      vertex 7.7391 31.5339 10.8
      vertex 9.77164 30.6919 10.8
      vertex 7.77274 31.6329 10.8
    endloop
  endfacet
  facet normal 0 0 1
    outer loop
      vertex 7.48701 32.4747 10.8
      vertex 8.82628 34.2201 10.8
      vertex 8.5 34.4381 10.8
    endloop
  endfacet
  facet normal 0 0 1
    outer loop
      vertex 9.77164 30.6919 10.8
      vertex 7.7391 31.5339 10.8
      vertex 9.59808 30.34 10.8
    endloop
  endfacet
  facet normal 0 0 1
    outer loop
      vertex 7.4 32.5328 10.8
      vertex 8.5 34.4381 10.8
      vertex 8.14805 34.6116 10.8
    endloop
  endfacet
  facet normal -0 0 1
    outer loop
      vertex 7.69282 31.44 10.8
      vertex 9.59808 30.34 10.8
      vertex 7.7391 31.5339 10.8
    endloop
  endfacet
  facet normal 0 0 1
    outer loop
      vertex 9.59808 30.34 10.8
      vertex 7.69282 31.44 10.8
      vertex 9.38006 30.0137 10.8
    endloop
  endfacet
  facet normal 0 0 1
    outer loop
      vertex 9.97433 32.2316 10.8
      vertex 7.79316 31.9444 10.8
      vertex 7.8 31.84 10.8
    endloop
  endfacet
  facet normal 0 0 1
    outer loop
      vertex 7.30615 32.5791 10.8
      vertex 8.14805 34.6116 10.8
      vertex 7.77646 34.7378 10.8
    endloop
  endfacet
  facet normal 0 0 1
    outer loop
      vertex 9.89778 32.6165 10.8
      vertex 7.77274 32.0471 10.8
      vertex 7.79316 31.9444 10.8
    endloop
  endfacet
  facet normal 0 0 1
    outer loop
      vertex 9.77164 32.988 10.8
      vertex 7.7391 32.1461 10.8
      vertex 7.77274 32.0471 10.8
    endloop
  endfacet
  facet normal 0 0 1
    outer loop
      vertex 9.59808 33.34 10.8
      vertex 7.69282 32.24 10.8
      vertex 7.7391 32.1461 10.8
    endloop
  endfacet
  facet normal 0 0 1
    outer loop
      vertex 9.38006 33.6663 10.8
      vertex 7.63468 32.327 10.8
      vertex 7.69282 32.24 10.8
    endloop
  endfacet
  facet normal 0 0 1
    outer loop
      vertex 9.12132 33.9613 10.8
      vertex 7.56569 32.4057 10.8
      vertex 7.63468 32.327 10.8
    endloop
  endfacet
  facet normal 0 0 1
    outer loop
      vertex 8.82628 34.2201 10.8
      vertex 7.48701 32.4747 10.8
      vertex 7.56569 32.4057 10.8
    endloop
  endfacet
  facet normal 0 0 1
    outer loop
      vertex 8.5 34.4381 10.8
      vertex 7.4 32.5328 10.8
      vertex 7.48701 32.4747 10.8
    endloop
  endfacet
  facet normal 0 0 1
    outer loop
      vertex 7.20706 32.6127 10.8
      vertex 7.77646 34.7378 10.8
      vertex 7.39158 34.8143 10.8
    endloop
  endfacet
  facet normal 0 0 1
    outer loop
      vertex 8.14805 34.6116 10.8
      vertex 7.30615 32.5791 10.8
      vertex 7.4 32.5328 10.8
    endloop
  endfacet
  facet normal 0 0 1
    outer loop
      vertex 7.77646 34.7378 10.8
      vertex 7.20706 32.6127 10.8
      vertex 7.30615 32.5791 10.8
    endloop
  endfacet
  facet normal 0 0 1
    outer loop
      vertex 7.39158 34.8143 10.8
      vertex 7.10442 32.6332 10.8
      vertex 7.20706 32.6127 10.8
    endloop
  endfacet
  facet normal 0 0 1
    outer loop
      vertex 7 34.84 10.8
      vertex 7.10442 32.6332 10.8
      vertex 7.39158 34.8143 10.8
    endloop
  endfacet
  facet normal 0 0 1
    outer loop
      vertex 7 34.84 10.8
      vertex 7 32.64 10.8
      vertex 7.10442 32.6332 10.8
    endloop
  endfacet
  facet normal 0 0 1
    outer loop
      vertex 7 34.84 10.8
      vertex 6.89558 32.6332 10.8
      vertex 7 32.64 10.8
    endloop
  endfacet
  facet normal -0 0 1
    outer loop
      vertex 6.60842 34.8143 10.8
      vertex 6.89558 32.6332 10.8
      vertex 7 34.84 10.8
    endloop
  endfacet
  facet normal 0 0 1
    outer loop
      vertex 6.89558 32.6332 10.8
      vertex 6.60842 34.8143 10.8
      vertex 6.79294 32.6127 10.8
    endloop
  endfacet
  facet normal -0 0 1
    outer loop
      vertex 6.22354 34.7378 10.8
      vertex 6.79294 32.6127 10.8
      vertex 6.60842 34.8143 10.8
    endloop
  endfacet
  facet normal 0 0 1
    outer loop
      vertex 6.79294 32.6127 10.8
      vertex 6.22354 34.7378 10.8
      vertex 6.69385 32.5791 10.8
    endloop
  endfacet
  facet normal -0 0 1
    outer loop
      vertex 5.85195 34.6116 10.8
      vertex 6.69385 32.5791 10.8
      vertex 6.22354 34.7378 10.8
    endloop
  endfacet
  facet normal 0 0 1
    outer loop
      vertex 6.69385 32.5791 10.8
      vertex 5.85195 34.6116 10.8
      vertex 6.6 32.5328 10.8
    endloop
  endfacet
  facet normal -0 0 1
    outer loop
      vertex 5.5 34.4381 10.8
      vertex 6.6 32.5328 10.8
      vertex 5.85195 34.6116 10.8
    endloop
  endfacet
  facet normal 0 0 1
    outer loop
      vertex 6.6 32.5328 10.8
      vertex 5.5 34.4381 10.8
      vertex 6.51299 32.4747 10.8
    endloop
  endfacet
  facet normal -0 0 1
    outer loop
      vertex 5.17372 34.2201 10.8
      vertex 6.51299 32.4747 10.8
      vertex 5.5 34.4381 10.8
    endloop
  endfacet
  facet normal 0 0 1
    outer loop
      vertex 6.51299 32.4747 10.8
      vertex 5.17372 34.2201 10.8
      vertex 6.43431 32.4057 10.8
    endloop
  endfacet
  facet normal -0 0 1
    outer loop
      vertex 4.87868 33.9613 10.8
      vertex 6.43431 32.4057 10.8
      vertex 5.17372 34.2201 10.8
    endloop
  endfacet
  facet normal 0 0 1
    outer loop
      vertex 6.43431 32.4057 10.8
      vertex 4.87868 33.9613 10.8
      vertex 6.36532 32.327 10.8
    endloop
  endfacet
  facet normal -0 0 1
    outer loop
      vertex 4.61994 33.6663 10.8
      vertex 6.36532 32.327 10.8
      vertex 4.87868 33.9613 10.8
    endloop
  endfacet
  facet normal 0 0 1
    outer loop
      vertex 6.36532 32.327 10.8
      vertex 4.61994 33.6663 10.8
      vertex 6.30718 32.24 10.8
    endloop
  endfacet
  facet normal -0 0 1
    outer loop
      vertex 7.63468 31.353 10.8
      vertex 9.38006 30.0137 10.8
      vertex 7.69282 31.44 10.8
    endloop
  endfacet
  facet normal 0 0 1
    outer loop
      vertex 9.38006 30.0137 10.8
      vertex 7.63468 31.353 10.8
      vertex 9.12132 29.7187 10.8
    endloop
  endfacet
  facet normal -0 0 1
    outer loop
      vertex 7.56569 31.2743 10.8
      vertex 9.12132 29.7187 10.8
      vertex 7.63468 31.353 10.8
    endloop
  endfacet
  facet normal 0 0 1
    outer loop
      vertex 9.12132 29.7187 10.8
      vertex 7.56569 31.2743 10.8
      vertex 8.82628 29.4599 10.8
    endloop
  endfacet
  facet normal -0 0 1
    outer loop
      vertex 7.48701 31.2053 10.8
      vertex 8.82628 29.4599 10.8
      vertex 7.56569 31.2743 10.8
    endloop
  endfacet
  facet normal 0 0 1
    outer loop
      vertex 8.82628 29.4599 10.8
      vertex 7.48701 31.2053 10.8
      vertex 8.5 29.2419 10.8
    endloop
  endfacet
  facet normal -0 0 1
    outer loop
      vertex 7.4 31.1472 10.8
      vertex 8.5 29.2419 10.8
      vertex 7.48701 31.2053 10.8
    endloop
  endfacet
  facet normal 0 0 1
    outer loop
      vertex 8.5 29.2419 10.8
      vertex 7.4 31.1472 10.8
      vertex 8.14805 29.0684 10.8
    endloop
  endfacet
  facet normal -0 0 1
    outer loop
      vertex 7.30615 31.1009 10.8
      vertex 8.14805 29.0684 10.8
      vertex 7.4 31.1472 10.8
    endloop
  endfacet
  facet normal 0 0 1
    outer loop
      vertex 8.14805 29.0684 10.8
      vertex 7.30615 31.1009 10.8
      vertex 7.77646 28.9422 10.8
    endloop
  endfacet
  facet normal -0 0 1
    outer loop
      vertex 7.20706 31.0673 10.8
      vertex 7.77646 28.9422 10.8
      vertex 7.30615 31.1009 10.8
    endloop
  endfacet
  facet normal 0 0 1
    outer loop
      vertex 7.77646 28.9422 10.8
      vertex 7.20706 31.0673 10.8
      vertex 7.39158 28.8657 10.8
    endloop
  endfacet
  facet normal -0 0 1
    outer loop
      vertex 7.10442 31.0468 10.8
      vertex 7.39158 28.8657 10.8
      vertex 7.20706 31.0673 10.8
    endloop
  endfacet
  facet normal -0 0 1
    outer loop
      vertex 7 31.04 10.8
      vertex 7.39158 28.8657 10.8
      vertex 7.10442 31.0468 10.8
    endloop
  endfacet
  facet normal 0 0 1
    outer loop
      vertex 7 31.04 10.8
      vertex 7 28.84 10.8
      vertex 7.39158 28.8657 10.8
    endloop
  endfacet
  facet normal 0 0 1
    outer loop
      vertex 6.89558 31.0468 10.8
      vertex 7 28.84 10.8
      vertex 7 31.04 10.8
    endloop
  endfacet
  facet normal 0 0 1
    outer loop
      vertex 6.60842 28.8657 10.8
      vertex 6.89558 31.0468 10.8
      vertex 6.79294 31.0673 10.8
    endloop
  endfacet
  facet normal 0 0 1
    outer loop
      vertex 6.22354 28.9422 10.8
      vertex 6.79294 31.0673 10.8
      vertex 6.69385 31.1009 10.8
    endloop
  endfacet
  facet normal 0 0 1
    outer loop
      vertex 6.89558 31.0468 10.8
      vertex 6.60842 28.8657 10.8
      vertex 7 28.84 10.8
    endloop
  endfacet
  facet normal 0 0 1
    outer loop
      vertex 5.85195 29.0684 10.8
      vertex 6.69385 31.1009 10.8
      vertex 6.6 31.1472 10.8
    endloop
  endfacet
  facet normal 0 0 1
    outer loop
      vertex 5.5 29.2419 10.8
      vertex 6.6 31.1472 10.8
      vertex 6.51299 31.2053 10.8
    endloop
  endfacet
  facet normal 0 0 1
    outer loop
      vertex 5.17372 29.4599 10.8
      vertex 6.51299 31.2053 10.8
      vertex 6.43431 31.2743 10.8
    endloop
  endfacet
  facet normal 0 0 1
    outer loop
      vertex 4.87868 29.7187 10.8
      vertex 6.43431 31.2743 10.8
      vertex 6.36532 31.353 10.8
    endloop
  endfacet
  facet normal 0 0 1
    outer loop
      vertex 4.61994 30.0137 10.8
      vertex 6.36532 31.353 10.8
      vertex 6.30718 31.44 10.8
    endloop
  endfacet
  facet normal 0 0 1
    outer loop
      vertex 4.40192 30.34 10.8
      vertex 6.30718 31.44 10.8
      vertex 6.2609 31.5339 10.8
    endloop
  endfacet
  facet normal 0 0 1
    outer loop
      vertex 4.22836 30.6919 10.8
      vertex 6.2609 31.5339 10.8
      vertex 6.22726 31.6329 10.8
    endloop
  endfacet
  facet normal 0 0 1
    outer loop
      vertex 6.79294 31.0673 10.8
      vertex 6.22354 28.9422 10.8
      vertex 6.60842 28.8657 10.8
    endloop
  endfacet
  facet normal 0 0 1
    outer loop
      vertex 4.10222 31.0635 10.8
      vertex 6.22726 31.6329 10.8
      vertex 6.20684 31.7356 10.8
    endloop
  endfacet
  facet normal 0 0 1
    outer loop
      vertex 4.02567 31.4484 10.8
      vertex 6.20684 31.7356 10.8
      vertex 6.2 31.84 10.8
    endloop
  endfacet
  facet normal -0 0 1
    outer loop
      vertex 4.40192 33.34 10.8
      vertex 6.30718 32.24 10.8
      vertex 4.61994 33.6663 10.8
    endloop
  endfacet
  facet normal 0 0 1
    outer loop
      vertex 6.69385 31.1009 10.8
      vertex 5.85195 29.0684 10.8
      vertex 6.22354 28.9422 10.8
    endloop
  endfacet
  facet normal 0 0 1
    outer loop
      vertex 6.30718 32.24 10.8
      vertex 4.40192 33.34 10.8
      vertex 6.2609 32.1461 10.8
    endloop
  endfacet
  facet normal 0 0 1
    outer loop
      vertex 6.6 31.1472 10.8
      vertex 5.5 29.2419 10.8
      vertex 5.85195 29.0684 10.8
    endloop
  endfacet
  facet normal -0 0 1
    outer loop
      vertex 4.22836 32.988 10.8
      vertex 6.2609 32.1461 10.8
      vertex 4.40192 33.34 10.8
    endloop
  endfacet
  facet normal 0 0 1
    outer loop
      vertex 6.51299 31.2053 10.8
      vertex 5.17372 29.4599 10.8
      vertex 5.5 29.2419 10.8
    endloop
  endfacet
  facet normal 0 0 1
    outer loop
      vertex 6.2609 32.1461 10.8
      vertex 4.22836 32.988 10.8
      vertex 6.22726 32.0471 10.8
    endloop
  endfacet
  facet normal 0 0 1
    outer loop
      vertex 6.43431 31.2743 10.8
      vertex 4.87868 29.7187 10.8
      vertex 5.17372 29.4599 10.8
    endloop
  endfacet
  facet normal -0 0 1
    outer loop
      vertex 4.10222 32.6165 10.8
      vertex 6.22726 32.0471 10.8
      vertex 4.22836 32.988 10.8
    endloop
  endfacet
  facet normal 0 0 1
    outer loop
      vertex 6.36532 31.353 10.8
      vertex 4.61994 30.0137 10.8
      vertex 4.87868 29.7187 10.8
    endloop
  endfacet
  facet normal 0 0 1
    outer loop
      vertex 6.22726 32.0471 10.8
      vertex 4.10222 32.6165 10.8
      vertex 6.20684 31.9444 10.8
    endloop
  endfacet
  facet normal 0 0 1
    outer loop
      vertex 6.30718 31.44 10.8
      vertex 4.40192 30.34 10.8
      vertex 4.61994 30.0137 10.8
    endloop
  endfacet
  facet normal -0 0 1
    outer loop
      vertex 4.02567 32.2316 10.8
      vertex 6.20684 31.9444 10.8
      vertex 4.10222 32.6165 10.8
    endloop
  endfacet
  facet normal 0 0 1
    outer loop
      vertex 6.2609 31.5339 10.8
      vertex 4.22836 30.6919 10.8
      vertex 4.40192 30.34 10.8
    endloop
  endfacet
  facet normal 0 0 1
    outer loop
      vertex 6.20684 31.9444 10.8
      vertex 4.02567 32.2316 10.8
      vertex 6.2 31.84 10.8
    endloop
  endfacet
  facet normal 0 0 1
    outer loop
      vertex 6.22726 31.6329 10.8
      vertex 4.10222 31.0635 10.8
      vertex 4.22836 30.6919 10.8
    endloop
  endfacet
  facet normal 0 0 1
    outer loop
      vertex 4 31.84 10.8
      vertex 6.2 31.84 10.8
      vertex 4.02567 32.2316 10.8
    endloop
  endfacet
  facet normal 0 0 1
    outer loop
      vertex 6.20684 31.7356 10.8
      vertex 4.02567 31.4484 10.8
      vertex 4.10222 31.0635 10.8
    endloop
  endfacet
  facet normal 0 0 1
    outer loop
      vertex 6.2 31.84 10.8
      vertex 4 31.84 10.8
      vertex 4.02567 31.4484 10.8
    endloop
  endfacet
  facet normal 0.831477 0.555558 0
    outer loop
      vertex 9.59808 33.34 10.8
      vertex 9.38006 33.6663 2.2
      vertex 9.38006 33.6663 10.8
    endloop
  endfacet
  facet normal 0.831477 0.555558 0
    outer loop
      vertex 9.38006 33.6663 2.2
      vertex 9.59808 33.34 10.8
      vertex 9.59808 33.34 2.2
    endloop
  endfacet
  facet normal 0.555547 0.831485 -0
    outer loop
      vertex 8.82628 34.2201 2.2
      vertex 8.5 34.4381 10.8
      vertex 8.82628 34.2201 10.8
    endloop
  endfacet
  facet normal 0.555547 0.831485 0
    outer loop
      vertex 8.5 34.4381 10.8
      vertex 8.82628 34.2201 2.2
      vertex 8.5 34.4381 2.2
    endloop
  endfacet
  facet normal 0.89685 -0.442334 0
    outer loop
      vertex 9.59808 30.34 10.8
      vertex 9.77164 30.6919 2.2
      vertex 9.77164 30.6919 10.8
    endloop
  endfacet
  facet normal 0.89685 -0.442334 0
    outer loop
      vertex 9.77164 30.6919 2.2
      vertex 9.59808 30.34 10.8
      vertex 9.59808 30.34 2.2
    endloop
  endfacet
  facet normal 0.997858 -0.0654112 0
    outer loop
      vertex 9.97433 31.4484 10.8
      vertex 10 31.84 2.2
      vertex 10 31.84 10.8
    endloop
  endfacet
  facet normal 0.997858 -0.0654112 0
    outer loop
      vertex 10 31.84 2.2
      vertex 9.97433 31.4484 10.8
      vertex 9.97433 31.4484 2.2
    endloop
  endfacet
  facet normal 0.321582 0.946882 -0
    outer loop
      vertex 8.14805 34.6116 2.2
      vertex 7.77646 34.7378 10.8
      vertex 8.14805 34.6116 10.8
    endloop
  endfacet
  facet normal 0.321582 0.946882 0
    outer loop
      vertex 7.77646 34.7378 10.8
      vertex 8.14805 34.6116 2.2
      vertex 7.77646 34.7378 2.2
    endloop
  endfacet
  facet normal -0.8969 0.442233 0
    outer loop
      vertex 4.22836 32.988 2.2
      vertex 4.40192 33.34 10.8
      vertex 4.40192 33.34 2.2
    endloop
  endfacet
  facet normal -0.8969 0.442233 0
    outer loop
      vertex 4.40192 33.34 10.8
      vertex 4.22836 32.988 2.2
      vertex 4.22836 32.988 10.8
    endloop
  endfacet
  facet normal -0.659428 0.751768 0
    outer loop
      vertex 5.17372 34.2201 2.2
      vertex 4.87868 33.9613 10.8
      vertex 5.17372 34.2201 10.8
    endloop
  endfacet
  facet normal -0.659428 0.751768 0
    outer loop
      vertex 4.87868 33.9613 10.8
      vertex 5.17372 34.2201 2.2
      vertex 4.87868 33.9613 2.2
    endloop
  endfacet
  facet normal 0.321582 -0.946882 0
    outer loop
      vertex 7.77646 28.9422 2.2
      vertex 8.14805 29.0684 10.8
      vertex 7.77646 28.9422 10.8
    endloop
  endfacet
  facet normal 0.321582 -0.946882 0
    outer loop
      vertex 8.14805 29.0684 10.8
      vertex 7.77646 28.9422 2.2
      vertex 8.14805 29.0684 2.2
    endloop
  endfacet
  facet normal -0.997858 -0.0654112 0
    outer loop
      vertex 4.02567 31.4484 2.2
      vertex 4 31.84 10.8
      vertex 4 31.84 2.2
    endloop
  endfacet
  facet normal -0.997858 -0.0654112 0
    outer loop
      vertex 4 31.84 10.8
      vertex 4.02567 31.4484 2.2
      vertex 4.02567 31.4484 10.8
    endloop
  endfacet
  facet normal -0.659428 -0.751768 0
    outer loop
      vertex 4.87868 29.7187 2.2
      vertex 5.17372 29.4599 10.8
      vertex 4.87868 29.7187 10.8
    endloop
  endfacet
  facet normal -0.659428 -0.751768 -0
    outer loop
      vertex 5.17372 29.4599 10.8
      vertex 4.87868 29.7187 2.2
      vertex 5.17372 29.4599 2.2
    endloop
  endfacet
  facet normal -0.321582 0.946882 0
    outer loop
      vertex 6.22354 34.7378 2.2
      vertex 5.85195 34.6116 10.8
      vertex 6.22354 34.7378 10.8
    endloop
  endfacet
  facet normal -0.321582 0.946882 0
    outer loop
      vertex 5.85195 34.6116 10.8
      vertex 6.22354 34.7378 2.2
      vertex 5.85195 34.6116 2.2
    endloop
  endfacet
  facet normal -0.831477 -0.555558 0
    outer loop
      vertex 4.61994 30.0137 2.2
      vertex 4.40192 30.34 10.8
      vertex 4.40192 30.34 2.2
    endloop
  endfacet
  facet normal -0.831477 -0.555558 0
    outer loop
      vertex 4.40192 30.34 10.8
      vertex 4.61994 30.0137 2.2
      vertex 4.61994 30.0137 10.8
    endloop
  endfacet
  facet normal -0.555547 0.831485 0
    outer loop
      vertex 5.5 34.4381 2.2
      vertex 5.17372 34.2201 10.8
      vertex 5.5 34.4381 10.8
    endloop
  endfacet
  facet normal -0.555547 0.831485 0
    outer loop
      vertex 5.17372 34.2201 10.8
      vertex 5.5 34.4381 2.2
      vertex 5.17372 34.2201 2.2
    endloop
  endfacet
  facet normal 0.19495 0.980813 -0
    outer loop
      vertex 7.77646 34.7378 2.2
      vertex 7.39158 34.8143 10.8
      vertex 7.77646 34.7378 10.8
    endloop
  endfacet
  facet normal 0.19495 0.980813 0
    outer loop
      vertex 7.39158 34.8143 10.8
      vertex 7.77646 34.7378 2.2
      vertex 7.39158 34.8143 2.2
    endloop
  endfacet
  facet normal -0.44216 0.896936 0
    outer loop
      vertex 5.85195 34.6116 2.2
      vertex 5.5 34.4381 10.8
      vertex 5.85195 34.6116 10.8
    endloop
  endfacet
  facet normal -0.44216 0.896936 0
    outer loop
      vertex 5.5 34.4381 10.8
      vertex 5.85195 34.6116 2.2
      vertex 5.5 34.4381 2.2
    endloop
  endfacet
  facet normal 0.0654906 -0.997853 0
    outer loop
      vertex 7 28.84 2.2
      vertex 7.39158 28.8657 10.8
      vertex 7 28.84 10.8
    endloop
  endfacet
  facet normal 0.0654906 -0.997853 0
    outer loop
      vertex 7.39158 28.8657 10.8
      vertex 7 28.84 2.2
      vertex 7.39158 28.8657 2.2
    endloop
  endfacet
  facet normal 0.659428 -0.751768 0
    outer loop
      vertex 8.82628 29.4599 2.2
      vertex 9.12132 29.7187 10.8
      vertex 8.82628 29.4599 10.8
    endloop
  endfacet
  facet normal 0.659428 -0.751768 0
    outer loop
      vertex 9.12132 29.7187 10.8
      vertex 8.82628 29.4599 2.2
      vertex 9.12132 29.7187 2.2
    endloop
  endfacet
  facet normal -0.946931 -0.321437 0
    outer loop
      vertex 4.22836 30.6919 2.2
      vertex 4.10222 31.0635 10.8
      vertex 4.10222 31.0635 2.2
    endloop
  endfacet
  facet normal -0.946931 -0.321437 0
    outer loop
      vertex 4.10222 31.0635 10.8
      vertex 4.22836 30.6919 2.2
      vertex 4.22836 30.6919 10.8
    endloop
  endfacet
  facet normal 0.946931 -0.321437 0
    outer loop
      vertex 9.77164 30.6919 10.8
      vertex 9.89778 31.0635 2.2
      vertex 9.89778 31.0635 10.8
    endloop
  endfacet
  facet normal 0.946931 -0.321437 0
    outer loop
      vertex 9.89778 31.0635 2.2
      vertex 9.77164 30.6919 10.8
      vertex 9.77164 30.6919 2.2
    endloop
  endfacet
  facet normal 0.44216 0.896936 -0
    outer loop
      vertex 8.5 34.4381 2.2
      vertex 8.14805 34.6116 10.8
      vertex 8.5 34.4381 10.8
    endloop
  endfacet
  facet normal 0.44216 0.896936 0
    outer loop
      vertex 8.14805 34.6116 10.8
      vertex 8.5 34.4381 2.2
      vertex 8.14805 34.6116 2.2
    endloop
  endfacet
  facet normal -0.19495 0.980813 0
    outer loop
      vertex 6.60842 34.8143 2.2
      vertex 6.22354 34.7378 10.8
      vertex 6.60842 34.8143 10.8
    endloop
  endfacet
  facet normal -0.19495 0.980813 0
    outer loop
      vertex 6.22354 34.7378 10.8
      vertex 6.60842 34.8143 2.2
      vertex 6.22354 34.7378 2.2
    endloop
  endfacet
  facet normal 0.751799 0.659392 0
    outer loop
      vertex 9.38006 33.6663 10.8
      vertex 9.12132 33.9613 2.2
      vertex 9.12132 33.9613 10.8
    endloop
  endfacet
  facet normal 0.751799 0.659392 0
    outer loop
      vertex 9.12132 33.9613 2.2
      vertex 9.38006 33.6663 10.8
      vertex 9.38006 33.6663 2.2
    endloop
  endfacet
  facet normal 0.751799 -0.659392 0
    outer loop
      vertex 9.12132 29.7187 10.8
      vertex 9.38006 30.0137 2.2
      vertex 9.38006 30.0137 10.8
    endloop
  endfacet
  facet normal 0.751799 -0.659392 0
    outer loop
      vertex 9.38006 30.0137 2.2
      vertex 9.12132 29.7187 10.8
      vertex 9.12132 29.7187 2.2
    endloop
  endfacet
  facet normal -0.44216 -0.896936 0
    outer loop
      vertex 5.5 29.2419 2.2
      vertex 5.85195 29.0684 10.8
      vertex 5.5 29.2419 10.8
    endloop
  endfacet
  facet normal -0.44216 -0.896936 -0
    outer loop
      vertex 5.85195 29.0684 10.8
      vertex 5.5 29.2419 2.2
      vertex 5.85195 29.0684 2.2
    endloop
  endfacet
  facet normal -0.946905 0.321514 0
    outer loop
      vertex 4.10222 32.6165 2.2
      vertex 4.22836 32.988 10.8
      vertex 4.22836 32.988 2.2
    endloop
  endfacet
  facet normal -0.946905 0.321514 0
    outer loop
      vertex 4.22836 32.988 10.8
      vertex 4.10222 32.6165 2.2
      vertex 4.10222 32.6165 10.8
    endloop
  endfacet
  facet normal 0.19495 -0.980813 0
    outer loop
      vertex 7.39158 28.8657 2.2
      vertex 7.77646 28.9422 10.8
      vertex 7.39158 28.8657 10.8
    endloop
  endfacet
  facet normal 0.19495 -0.980813 0
    outer loop
      vertex 7.77646 28.9422 10.8
      vertex 7.39158 28.8657 2.2
      vertex 7.77646 28.9422 2.2
    endloop
  endfacet
  facet normal 0.44216 -0.896936 0
    outer loop
      vertex 8.14805 29.0684 2.2
      vertex 8.5 29.2419 10.8
      vertex 8.14805 29.0684 10.8
    endloop
  endfacet
  facet normal 0.44216 -0.896936 0
    outer loop
      vertex 8.5 29.2419 10.8
      vertex 8.14805 29.0684 2.2
      vertex 8.5 29.2419 2.2
    endloop
  endfacet
  facet normal 0 0 -1
    outer loop
      vertex 7.8 31.84 2.2
      vertex 10 31.84 2.2
      vertex 9.97433 31.4484 2.2
    endloop
  endfacet
  facet normal 0 0 -1
    outer loop
      vertex 7.79316 31.7356 2.2
      vertex 9.97433 31.4484 2.2
      vertex 9.89778 31.0635 2.2
    endloop
  endfacet
  facet normal 0 0 -1
    outer loop
      vertex 10 31.84 2.2
      vertex 7.8 31.84 2.2
      vertex 9.97433 32.2316 2.2
    endloop
  endfacet
  facet normal 0 0 -1
    outer loop
      vertex 7.77274 31.6329 2.2
      vertex 9.89778 31.0635 2.2
      vertex 9.77164 30.6919 2.2
    endloop
  endfacet
  facet normal 0 0 -1
    outer loop
      vertex 7.79316 31.9444 2.2
      vertex 9.97433 32.2316 2.2
      vertex 7.8 31.84 2.2
    endloop
  endfacet
  facet normal 0 0 -1
    outer loop
      vertex 7.7391 31.5339 2.2
      vertex 9.77164 30.6919 2.2
      vertex 9.59808 30.34 2.2
    endloop
  endfacet
  facet normal -0 0 -1
    outer loop
      vertex 9.97433 32.2316 2.2
      vertex 7.79316 31.9444 2.2
      vertex 9.89778 32.6165 2.2
    endloop
  endfacet
  facet normal 0 0 -1
    outer loop
      vertex 7.69282 31.44 2.2
      vertex 9.59808 30.34 2.2
      vertex 9.38006 30.0137 2.2
    endloop
  endfacet
  facet normal 0 0 -1
    outer loop
      vertex 7.77274 32.0471 2.2
      vertex 9.89778 32.6165 2.2
      vertex 7.79316 31.9444 2.2
    endloop
  endfacet
  facet normal 0 0 -1
    outer loop
      vertex 7.63468 31.353 2.2
      vertex 9.38006 30.0137 2.2
      vertex 9.12132 29.7187 2.2
    endloop
  endfacet
  facet normal -0 0 -1
    outer loop
      vertex 9.89778 32.6165 2.2
      vertex 7.77274 32.0471 2.2
      vertex 9.77164 32.988 2.2
    endloop
  endfacet
  facet normal 0 0 -1
    outer loop
      vertex 7.56569 31.2743 2.2
      vertex 9.12132 29.7187 2.2
      vertex 8.82628 29.4599 2.2
    endloop
  endfacet
  facet normal 0 0 -1
    outer loop
      vertex 7.7391 32.1461 2.2
      vertex 9.77164 32.988 2.2
      vertex 7.77274 32.0471 2.2
    endloop
  endfacet
  facet normal 0 0 -1
    outer loop
      vertex 7.48701 31.2053 2.2
      vertex 8.82628 29.4599 2.2
      vertex 8.5 29.2419 2.2
    endloop
  endfacet
  facet normal -0 0 -1
    outer loop
      vertex 9.77164 32.988 2.2
      vertex 7.7391 32.1461 2.2
      vertex 9.59808 33.34 2.2
    endloop
  endfacet
  facet normal 0 0 -1
    outer loop
      vertex 7.4 31.1472 2.2
      vertex 8.5 29.2419 2.2
      vertex 8.14805 29.0684 2.2
    endloop
  endfacet
  facet normal 0 0 -1
    outer loop
      vertex 7.69282 32.24 2.2
      vertex 9.59808 33.34 2.2
      vertex 7.7391 32.1461 2.2
    endloop
  endfacet
  facet normal -0 0 -1
    outer loop
      vertex 9.59808 33.34 2.2
      vertex 7.69282 32.24 2.2
      vertex 9.38006 33.6663 2.2
    endloop
  endfacet
  facet normal 0 0 -1
    outer loop
      vertex 9.97433 31.4484 2.2
      vertex 7.79316 31.7356 2.2
      vertex 7.8 31.84 2.2
    endloop
  endfacet
  facet normal 0 0 -1
    outer loop
      vertex 7.30615 31.1009 2.2
      vertex 8.14805 29.0684 2.2
      vertex 7.77646 28.9422 2.2
    endloop
  endfacet
  facet normal 0 0 -1
    outer loop
      vertex 9.89778 31.0635 2.2
      vertex 7.77274 31.6329 2.2
      vertex 7.79316 31.7356 2.2
    endloop
  endfacet
  facet normal 0 0 -1
    outer loop
      vertex 9.77164 30.6919 2.2
      vertex 7.7391 31.5339 2.2
      vertex 7.77274 31.6329 2.2
    endloop
  endfacet
  facet normal 0 0 -1
    outer loop
      vertex 9.59808 30.34 2.2
      vertex 7.69282 31.44 2.2
      vertex 7.7391 31.5339 2.2
    endloop
  endfacet
  facet normal 0 0 -1
    outer loop
      vertex 9.38006 30.0137 2.2
      vertex 7.63468 31.353 2.2
      vertex 7.69282 31.44 2.2
    endloop
  endfacet
  facet normal 0 0 -1
    outer loop
      vertex 9.12132 29.7187 2.2
      vertex 7.56569 31.2743 2.2
      vertex 7.63468 31.353 2.2
    endloop
  endfacet
  facet normal 0 0 -1
    outer loop
      vertex 8.82628 29.4599 2.2
      vertex 7.48701 31.2053 2.2
      vertex 7.56569 31.2743 2.2
    endloop
  endfacet
  facet normal 0 0 -1
    outer loop
      vertex 8.5 29.2419 2.2
      vertex 7.4 31.1472 2.2
      vertex 7.48701 31.2053 2.2
    endloop
  endfacet
  facet normal 0 0 -1
    outer loop
      vertex 7.20706 31.0673 2.2
      vertex 7.77646 28.9422 2.2
      vertex 7.39158 28.8657 2.2
    endloop
  endfacet
  facet normal 0 0 -1
    outer loop
      vertex 8.14805 29.0684 2.2
      vertex 7.30615 31.1009 2.2
      vertex 7.4 31.1472 2.2
    endloop
  endfacet
  facet normal 0 0 -1
    outer loop
      vertex 7.77646 28.9422 2.2
      vertex 7.20706 31.0673 2.2
      vertex 7.30615 31.1009 2.2
    endloop
  endfacet
  facet normal 0 0 -1
    outer loop
      vertex 7.39158 28.8657 2.2
      vertex 7.10442 31.0468 2.2
      vertex 7.20706 31.0673 2.2
    endloop
  endfacet
  facet normal 0 0 -1
    outer loop
      vertex 7 28.84 2.2
      vertex 7.10442 31.0468 2.2
      vertex 7.39158 28.8657 2.2
    endloop
  endfacet
  facet normal 0 0 -1
    outer loop
      vertex 7 28.84 2.2
      vertex 7 31.04 2.2
      vertex 7.10442 31.0468 2.2
    endloop
  endfacet
  facet normal 0 0 -1
    outer loop
      vertex 7 28.84 2.2
      vertex 6.89558 31.0468 2.2
      vertex 7 31.04 2.2
    endloop
  endfacet
  facet normal 0 0 -1
    outer loop
      vertex 6.60842 28.8657 2.2
      vertex 6.89558 31.0468 2.2
      vertex 7 28.84 2.2
    endloop
  endfacet
  facet normal -0 0 -1
    outer loop
      vertex 6.89558 31.0468 2.2
      vertex 6.60842 28.8657 2.2
      vertex 6.79294 31.0673 2.2
    endloop
  endfacet
  facet normal 0 0 -1
    outer loop
      vertex 6.22354 28.9422 2.2
      vertex 6.79294 31.0673 2.2
      vertex 6.60842 28.8657 2.2
    endloop
  endfacet
  facet normal -0 0 -1
    outer loop
      vertex 6.79294 31.0673 2.2
      vertex 6.22354 28.9422 2.2
      vertex 6.69385 31.1009 2.2
    endloop
  endfacet
  facet normal 0 0 -1
    outer loop
      vertex 5.85195 29.0684 2.2
      vertex 6.69385 31.1009 2.2
      vertex 6.22354 28.9422 2.2
    endloop
  endfacet
  facet normal -0 0 -1
    outer loop
      vertex 6.69385 31.1009 2.2
      vertex 5.85195 29.0684 2.2
      vertex 6.6 31.1472 2.2
    endloop
  endfacet
  facet normal 0 0 -1
    outer loop
      vertex 5.5 29.2419 2.2
      vertex 6.6 31.1472 2.2
      vertex 5.85195 29.0684 2.2
    endloop
  endfacet
  facet normal -0 0 -1
    outer loop
      vertex 6.6 31.1472 2.2
      vertex 5.5 29.2419 2.2
      vertex 6.51299 31.2053 2.2
    endloop
  endfacet
  facet normal 0 0 -1
    outer loop
      vertex 5.17372 29.4599 2.2
      vertex 6.51299 31.2053 2.2
      vertex 5.5 29.2419 2.2
    endloop
  endfacet
  facet normal -0 0 -1
    outer loop
      vertex 6.51299 31.2053 2.2
      vertex 5.17372 29.4599 2.2
      vertex 6.43431 31.2743 2.2
    endloop
  endfacet
  facet normal 0 0 -1
    outer loop
      vertex 4.87868 29.7187 2.2
      vertex 6.43431 31.2743 2.2
      vertex 5.17372 29.4599 2.2
    endloop
  endfacet
  facet normal -0 0 -1
    outer loop
      vertex 6.43431 31.2743 2.2
      vertex 4.87868 29.7187 2.2
      vertex 6.36532 31.353 2.2
    endloop
  endfacet
  facet normal 0 0 -1
    outer loop
      vertex 4.61994 30.0137 2.2
      vertex 6.36532 31.353 2.2
      vertex 4.87868 29.7187 2.2
    endloop
  endfacet
  facet normal -0 0 -1
    outer loop
      vertex 6.36532 31.353 2.2
      vertex 4.61994 30.0137 2.2
      vertex 6.30718 31.44 2.2
    endloop
  endfacet
  facet normal 0 0 -1
    outer loop
      vertex 7.63468 32.327 2.2
      vertex 9.38006 33.6663 2.2
      vertex 7.69282 32.24 2.2
    endloop
  endfacet
  facet normal -0 0 -1
    outer loop
      vertex 9.38006 33.6663 2.2
      vertex 7.63468 32.327 2.2
      vertex 9.12132 33.9613 2.2
    endloop
  endfacet
  facet normal 0 0 -1
    outer loop
      vertex 7.56569 32.4057 2.2
      vertex 9.12132 33.9613 2.2
      vertex 7.63468 32.327 2.2
    endloop
  endfacet
  facet normal -0 0 -1
    outer loop
      vertex 9.12132 33.9613 2.2
      vertex 7.56569 32.4057 2.2
      vertex 8.82628 34.2201 2.2
    endloop
  endfacet
  facet normal 0 0 -1
    outer loop
      vertex 7.48701 32.4747 2.2
      vertex 8.82628 34.2201 2.2
      vertex 7.56569 32.4057 2.2
    endloop
  endfacet
  facet normal -0 0 -1
    outer loop
      vertex 8.82628 34.2201 2.2
      vertex 7.48701 32.4747 2.2
      vertex 8.5 34.4381 2.2
    endloop
  endfacet
  facet normal 0 0 -1
    outer loop
      vertex 7.4 32.5328 2.2
      vertex 8.5 34.4381 2.2
      vertex 7.48701 32.4747 2.2
    endloop
  endfacet
  facet normal -0 0 -1
    outer loop
      vertex 8.5 34.4381 2.2
      vertex 7.4 32.5328 2.2
      vertex 8.14805 34.6116 2.2
    endloop
  endfacet
  facet normal 0 0 -1
    outer loop
      vertex 7.30615 32.5791 2.2
      vertex 8.14805 34.6116 2.2
      vertex 7.4 32.5328 2.2
    endloop
  endfacet
  facet normal -0 0 -1
    outer loop
      vertex 8.14805 34.6116 2.2
      vertex 7.30615 32.5791 2.2
      vertex 7.77646 34.7378 2.2
    endloop
  endfacet
  facet normal 0 0 -1
    outer loop
      vertex 7.20706 32.6127 2.2
      vertex 7.77646 34.7378 2.2
      vertex 7.30615 32.5791 2.2
    endloop
  endfacet
  facet normal -0 0 -1
    outer loop
      vertex 7.77646 34.7378 2.2
      vertex 7.20706 32.6127 2.2
      vertex 7.39158 34.8143 2.2
    endloop
  endfacet
  facet normal 0 0 -1
    outer loop
      vertex 7.10442 32.6332 2.2
      vertex 7.39158 34.8143 2.2
      vertex 7.20706 32.6127 2.2
    endloop
  endfacet
  facet normal 0 0 -1
    outer loop
      vertex 7 32.64 2.2
      vertex 7.39158 34.8143 2.2
      vertex 7.10442 32.6332 2.2
    endloop
  endfacet
  facet normal 0 0 -1
    outer loop
      vertex 7 32.64 2.2
      vertex 7 34.84 2.2
      vertex 7.39158 34.8143 2.2
    endloop
  endfacet
  facet normal 0 0 -1
    outer loop
      vertex 6.89558 32.6332 2.2
      vertex 7 34.84 2.2
      vertex 7 32.64 2.2
    endloop
  endfacet
  facet normal 0 0 -1
    outer loop
      vertex 6.60842 34.8143 2.2
      vertex 6.89558 32.6332 2.2
      vertex 6.79294 32.6127 2.2
    endloop
  endfacet
  facet normal 0 0 -1
    outer loop
      vertex 6.22354 34.7378 2.2
      vertex 6.79294 32.6127 2.2
      vertex 6.69385 32.5791 2.2
    endloop
  endfacet
  facet normal 0 0 -1
    outer loop
      vertex 6.89558 32.6332 2.2
      vertex 6.60842 34.8143 2.2
      vertex 7 34.84 2.2
    endloop
  endfacet
  facet normal 0 0 -1
    outer loop
      vertex 5.85195 34.6116 2.2
      vertex 6.69385 32.5791 2.2
      vertex 6.6 32.5328 2.2
    endloop
  endfacet
  facet normal 0 0 -1
    outer loop
      vertex 5.5 34.4381 2.2
      vertex 6.6 32.5328 2.2
      vertex 6.51299 32.4747 2.2
    endloop
  endfacet
  facet normal 0 0 -1
    outer loop
      vertex 5.17372 34.2201 2.2
      vertex 6.51299 32.4747 2.2
      vertex 6.43431 32.4057 2.2
    endloop
  endfacet
  facet normal 0 0 -1
    outer loop
      vertex 4.87868 33.9613 2.2
      vertex 6.43431 32.4057 2.2
      vertex 6.36532 32.327 2.2
    endloop
  endfacet
  facet normal 0 0 -1
    outer loop
      vertex 4.61994 33.6663 2.2
      vertex 6.36532 32.327 2.2
      vertex 6.30718 32.24 2.2
    endloop
  endfacet
  facet normal 0 0 -1
    outer loop
      vertex 4.40192 33.34 2.2
      vertex 6.30718 32.24 2.2
      vertex 6.2609 32.1461 2.2
    endloop
  endfacet
  facet normal 0 0 -1
    outer loop
      vertex 4.22836 32.988 2.2
      vertex 6.2609 32.1461 2.2
      vertex 6.22726 32.0471 2.2
    endloop
  endfacet
  facet normal 0 0 -1
    outer loop
      vertex 6.79294 32.6127 2.2
      vertex 6.22354 34.7378 2.2
      vertex 6.60842 34.8143 2.2
    endloop
  endfacet
  facet normal 0 0 -1
    outer loop
      vertex 4.10222 32.6165 2.2
      vertex 6.22726 32.0471 2.2
      vertex 6.20684 31.9444 2.2
    endloop
  endfacet
  facet normal 0 0 -1
    outer loop
      vertex 4.02567 32.2316 2.2
      vertex 6.20684 31.9444 2.2
      vertex 6.2 31.84 2.2
    endloop
  endfacet
  facet normal 0 0 -1
    outer loop
      vertex 4.40192 30.34 2.2
      vertex 6.30718 31.44 2.2
      vertex 4.61994 30.0137 2.2
    endloop
  endfacet
  facet normal 0 0 -1
    outer loop
      vertex 6.69385 32.5791 2.2
      vertex 5.85195 34.6116 2.2
      vertex 6.22354 34.7378 2.2
    endloop
  endfacet
  facet normal -0 0 -1
    outer loop
      vertex 6.30718 31.44 2.2
      vertex 4.40192 30.34 2.2
      vertex 6.2609 31.5339 2.2
    endloop
  endfacet
  facet normal 0 0 -1
    outer loop
      vertex 6.6 32.5328 2.2
      vertex 5.5 34.4381 2.2
      vertex 5.85195 34.6116 2.2
    endloop
  endfacet
  facet normal 0 0 -1
    outer loop
      vertex 4.22836 30.6919 2.2
      vertex 6.2609 31.5339 2.2
      vertex 4.40192 30.34 2.2
    endloop
  endfacet
  facet normal 0 0 -1
    outer loop
      vertex 6.51299 32.4747 2.2
      vertex 5.17372 34.2201 2.2
      vertex 5.5 34.4381 2.2
    endloop
  endfacet
  facet normal -0 0 -1
    outer loop
      vertex 6.2609 31.5339 2.2
      vertex 4.22836 30.6919 2.2
      vertex 6.22726 31.6329 2.2
    endloop
  endfacet
  facet normal 0 0 -1
    outer loop
      vertex 6.43431 32.4057 2.2
      vertex 4.87868 33.9613 2.2
      vertex 5.17372 34.2201 2.2
    endloop
  endfacet
  facet normal 0 0 -1
    outer loop
      vertex 4.10222 31.0635 2.2
      vertex 6.22726 31.6329 2.2
      vertex 4.22836 30.6919 2.2
    endloop
  endfacet
  facet normal 0 0 -1
    outer loop
      vertex 6.36532 32.327 2.2
      vertex 4.61994 33.6663 2.2
      vertex 4.87868 33.9613 2.2
    endloop
  endfacet
  facet normal -0 0 -1
    outer loop
      vertex 6.22726 31.6329 2.2
      vertex 4.10222 31.0635 2.2
      vertex 6.20684 31.7356 2.2
    endloop
  endfacet
  facet normal 0 0 -1
    outer loop
      vertex 6.30718 32.24 2.2
      vertex 4.40192 33.34 2.2
      vertex 4.61994 33.6663 2.2
    endloop
  endfacet
  facet normal 0 0 -1
    outer loop
      vertex 4.02567 31.4484 2.2
      vertex 6.20684 31.7356 2.2
      vertex 4.10222 31.0635 2.2
    endloop
  endfacet
  facet normal 0 0 -1
    outer loop
      vertex 6.2609 32.1461 2.2
      vertex 4.22836 32.988 2.2
      vertex 4.40192 33.34 2.2
    endloop
  endfacet
  facet normal -0 0 -1
    outer loop
      vertex 6.20684 31.7356 2.2
      vertex 4.02567 31.4484 2.2
      vertex 6.2 31.84 2.2
    endloop
  endfacet
  facet normal 0 0 -1
    outer loop
      vertex 6.22726 32.0471 2.2
      vertex 4.10222 32.6165 2.2
      vertex 4.22836 32.988 2.2
    endloop
  endfacet
  facet normal 0 0 -1
    outer loop
      vertex 4 31.84 2.2
      vertex 6.2 31.84 2.2
      vertex 4.02567 31.4484 2.2
    endloop
  endfacet
  facet normal 0 0 -1
    outer loop
      vertex 6.20684 31.9444 2.2
      vertex 4.02567 32.2316 2.2
      vertex 4.10222 32.6165 2.2
    endloop
  endfacet
  facet normal 0 0 -1
    outer loop
      vertex 6.2 31.84 2.2
      vertex 4 31.84 2.2
      vertex 4.02567 32.2316 2.2
    endloop
  endfacet
  facet normal -0.751799 0.659392 0
    outer loop
      vertex 4.61994 33.6663 2.2
      vertex 4.87868 33.9613 10.8
      vertex 4.87868 33.9613 2.2
    endloop
  endfacet
  facet normal -0.751799 0.659392 0
    outer loop
      vertex 4.87868 33.9613 10.8
      vertex 4.61994 33.6663 2.2
      vertex 4.61994 33.6663 10.8
    endloop
  endfacet
  facet normal 0.659428 0.751768 -0
    outer loop
      vertex 9.12132 33.9613 2.2
      vertex 8.82628 34.2201 10.8
      vertex 9.12132 33.9613 10.8
    endloop
  endfacet
  facet normal 0.659428 0.751768 0
    outer loop
      vertex 8.82628 34.2201 10.8
      vertex 9.12132 33.9613 2.2
      vertex 8.82628 34.2201 2.2
    endloop
  endfacet
  facet normal -0.89685 -0.442334 0
    outer loop
      vertex 4.40192 30.34 2.2
      vertex 4.22836 30.6919 10.8
      vertex 4.22836 30.6919 2.2
    endloop
  endfacet
  facet normal -0.89685 -0.442334 0
    outer loop
      vertex 4.22836 30.6919 10.8
      vertex 4.40192 30.34 2.2
      vertex 4.40192 30.34 10.8
    endloop
  endfacet
  facet normal -0.997858 0.0654112 0
    outer loop
      vertex 4 31.84 2.2
      vertex 4.02567 32.2316 10.8
      vertex 4.02567 32.2316 2.2
    endloop
  endfacet
  facet normal -0.997858 0.0654112 0
    outer loop
      vertex 4.02567 32.2316 10.8
      vertex 4 31.84 2.2
      vertex 4 31.84 10.8
    endloop
  endfacet
  facet normal 0.831477 -0.555558 0
    outer loop
      vertex 9.38006 30.0137 10.8
      vertex 9.59808 30.34 2.2
      vertex 9.59808 30.34 10.8
    endloop
  endfacet
  facet normal 0.831477 -0.555558 0
    outer loop
      vertex 9.59808 30.34 2.2
      vertex 9.38006 30.0137 10.8
      vertex 9.38006 30.0137 2.2
    endloop
  endfacet
  facet normal 0.8969 0.442233 0
    outer loop
      vertex 9.77164 32.988 10.8
      vertex 9.59808 33.34 2.2
      vertex 9.59808 33.34 10.8
    endloop
  endfacet
  facet normal 0.8969 0.442233 0
    outer loop
      vertex 9.59808 33.34 2.2
      vertex 9.77164 32.988 10.8
      vertex 9.77164 32.988 2.2
    endloop
  endfacet
  facet normal -0.0654906 -0.997853 0
    outer loop
      vertex 6.60842 28.8657 2.2
      vertex 7 28.84 10.8
      vertex 6.60842 28.8657 10.8
    endloop
  endfacet
  facet normal -0.0654906 -0.997853 -0
    outer loop
      vertex 7 28.84 10.8
      vertex 6.60842 28.8657 2.2
      vertex 7 28.84 2.2
    endloop
  endfacet
  facet normal -0.555547 -0.831485 0
    outer loop
      vertex 5.17372 29.4599 2.2
      vertex 5.5 29.2419 10.8
      vertex 5.17372 29.4599 10.8
    endloop
  endfacet
  facet normal -0.555547 -0.831485 -0
    outer loop
      vertex 5.5 29.2419 10.8
      vertex 5.17372 29.4599 2.2
      vertex 5.5 29.2419 2.2
    endloop
  endfacet
  facet normal 0.555547 -0.831485 0
    outer loop
      vertex 8.5 29.2419 2.2
      vertex 8.82628 29.4599 10.8
      vertex 8.5 29.2419 10.8
    endloop
  endfacet
  facet normal 0.555547 -0.831485 0
    outer loop
      vertex 8.82628 29.4599 10.8
      vertex 8.5 29.2419 2.2
      vertex 8.82628 29.4599 2.2
    endloop
  endfacet
  facet normal 0.946905 0.321514 0
    outer loop
      vertex 9.89778 32.6165 10.8
      vertex 9.77164 32.988 2.2
      vertex 9.77164 32.988 10.8
    endloop
  endfacet
  facet normal 0.946905 0.321514 0
    outer loop
      vertex 9.77164 32.988 2.2
      vertex 9.89778 32.6165 10.8
      vertex 9.89778 32.6165 2.2
    endloop
  endfacet
  facet normal -0.980791 0.195062 0
    outer loop
      vertex 4.02567 32.2316 2.2
      vertex 4.10222 32.6165 10.8
      vertex 4.10222 32.6165 2.2
    endloop
  endfacet
  facet normal -0.980791 0.195062 0
    outer loop
      vertex 4.10222 32.6165 10.8
      vertex 4.02567 32.2316 2.2
      vertex 4.02567 32.2316 10.8
    endloop
  endfacet
  facet normal -0.0654906 0.997853 0
    outer loop
      vertex 7 34.84 2.2
      vertex 6.60842 34.8143 10.8
      vertex 7 34.84 10.8
    endloop
  endfacet
  facet normal -0.0654906 0.997853 0
    outer loop
      vertex 6.60842 34.8143 10.8
      vertex 7 34.84 2.2
      vertex 6.60842 34.8143 2.2
    endloop
  endfacet
  facet normal -0.321582 -0.946882 0
    outer loop
      vertex 5.85195 29.0684 2.2
      vertex 6.22354 28.9422 10.8
      vertex 5.85195 29.0684 10.8
    endloop
  endfacet
  facet normal -0.321582 -0.946882 -0
    outer loop
      vertex 6.22354 28.9422 10.8
      vertex 5.85195 29.0684 2.2
      vertex 6.22354 28.9422 2.2
    endloop
  endfacet
  facet normal -0.980791 -0.195062 0
    outer loop
      vertex 4.10222 31.0635 2.2
      vertex 4.02567 31.4484 10.8
      vertex 4.02567 31.4484 2.2
    endloop
  endfacet
  facet normal -0.980791 -0.195062 0
    outer loop
      vertex 4.02567 31.4484 10.8
      vertex 4.10222 31.0635 2.2
      vertex 4.10222 31.0635 10.8
    endloop
  endfacet
  facet normal -0.751799 -0.659392 0
    outer loop
      vertex 4.87868 29.7187 2.2
      vertex 4.61994 30.0137 10.8
      vertex 4.61994 30.0137 2.2
    endloop
  endfacet
  facet normal -0.751799 -0.659392 0
    outer loop
      vertex 4.61994 30.0137 10.8
      vertex 4.87868 29.7187 2.2
      vertex 4.87868 29.7187 10.8
    endloop
  endfacet
  facet normal 0.0654906 0.997853 -0
    outer loop
      vertex 7.39158 34.8143 2.2
      vertex 7 34.84 10.8
      vertex 7.39158 34.8143 10.8
    endloop
  endfacet
  facet normal 0.0654906 0.997853 0
    outer loop
      vertex 7 34.84 10.8
      vertex 7.39158 34.8143 2.2
      vertex 7 34.84 2.2
    endloop
  endfacet
  facet normal -0.19495 -0.980813 0
    outer loop
      vertex 6.22354 28.9422 2.2
      vertex 6.60842 28.8657 10.8
      vertex 6.22354 28.9422 10.8
    endloop
  endfacet
  facet normal -0.19495 -0.980813 -0
    outer loop
      vertex 6.60842 28.8657 10.8
      vertex 6.22354 28.9422 2.2
      vertex 6.60842 28.8657 2.2
    endloop
  endfacet
  facet normal -0.831477 0.555558 0
    outer loop
      vertex 4.40192 33.34 2.2
      vertex 4.61994 33.6663 10.8
      vertex 4.61994 33.6663 2.2
    endloop
  endfacet
  facet normal -0.831477 0.555558 0
    outer loop
      vertex 4.61994 33.6663 10.8
      vertex 4.40192 33.34 2.2
      vertex 4.40192 33.34 10.8
    endloop
  endfacet
  facet normal -0.195859 -0.980632 0
    outer loop
      vertex 7.10442 32.6332 2.2
      vertex 7.20706 32.6127 10.8
      vertex 7.10442 32.6332 10.8
    endloop
  endfacet
  facet normal -0.195859 -0.980632 -0
    outer loop
      vertex 7.20706 32.6127 10.8
      vertex 7.10442 32.6332 2.2
      vertex 7.20706 32.6127 2.2
    endloop
  endfacet
  facet normal -0.9808 -0.195014 0
    outer loop
      vertex 7.79316 31.9444 2.2
      vertex 7.77274 32.0471 10.8
      vertex 7.77274 32.0471 2.2
    endloop
  endfacet
  facet normal -0.9808 -0.195014 0
    outer loop
      vertex 7.77274 32.0471 10.8
      vertex 7.79316 31.9444 2.2
      vertex 7.79316 31.9444 10.8
    endloop
  endfacet
  facet normal -0.997861 -0.0653771 0
    outer loop
      vertex 7.8 31.84 2.2
      vertex 7.79316 31.9444 10.8
      vertex 7.79316 31.9444 2.2
    endloop
  endfacet
  facet normal -0.997861 -0.0653771 0
    outer loop
      vertex 7.79316 31.9444 10.8
      vertex 7.8 31.84 2.2
      vertex 7.8 31.84 10.8
    endloop
  endfacet
  facet normal -0.946831 -0.321731 0
    outer loop
      vertex 7.77274 32.0471 2.2
      vertex 7.7391 32.1461 10.8
      vertex 7.7391 32.1461 2.2
    endloop
  endfacet
  facet normal -0.946831 -0.321731 0
    outer loop
      vertex 7.7391 32.1461 10.8
      vertex 7.77274 32.0471 2.2
      vertex 7.77274 32.0471 10.8
    endloop
  endfacet
  facet normal -0.831432 -0.555626 0
    outer loop
      vertex 7.69282 32.24 2.2
      vertex 7.63468 32.327 10.8
      vertex 7.63468 32.327 2.2
    endloop
  endfacet
  facet normal -0.831432 -0.555626 0
    outer loop
      vertex 7.63468 32.327 10.8
      vertex 7.69282 32.24 2.2
      vertex 7.69282 32.24 10.8
    endloop
  endfacet
  facet normal -0.321126 -0.947036 0
    outer loop
      vertex 7.20706 32.6127 2.2
      vertex 7.30615 32.5791 10.8
      vertex 7.20706 32.6127 10.8
    endloop
  endfacet
  facet normal -0.321126 -0.947036 -0
    outer loop
      vertex 7.30615 32.5791 10.8
      vertex 7.20706 32.6127 2.2
      vertex 7.30615 32.5791 2.2
    endloop
  endfacet
  facet normal -0.997861 0.0653771 0
    outer loop
      vertex 7.79316 31.7356 2.2
      vertex 7.8 31.84 10.8
      vertex 7.8 31.84 2.2
    endloop
  endfacet
  facet normal -0.997861 0.0653771 0
    outer loop
      vertex 7.8 31.84 10.8
      vertex 7.79316 31.7356 2.2
      vertex 7.79316 31.7356 10.8
    endloop
  endfacet
  facet normal 0.555318 0.831638 -0
    outer loop
      vertex 6.6 31.1472 2.2
      vertex 6.51299 31.2053 10.8
      vertex 6.6 31.1472 10.8
    endloop
  endfacet
  facet normal 0.555318 0.831638 0
    outer loop
      vertex 6.51299 31.2053 10.8
      vertex 6.6 31.1472 2.2
      vertex 6.51299 31.2053 2.2
    endloop
  endfacet
  facet normal 0.321126 0.947036 -0
    outer loop
      vertex 6.79294 31.0673 2.2
      vertex 6.69385 31.1009 10.8
      vertex 6.79294 31.0673 10.8
    endloop
  endfacet
  facet normal 0.321126 0.947036 0
    outer loop
      vertex 6.69385 31.1009 10.8
      vertex 6.79294 31.0673 2.2
      vertex 6.69385 31.1009 2.2
    endloop
  endfacet
  facet normal -0.896973 -0.442086 0
    outer loop
      vertex 7.7391 32.1461 2.2
      vertex 7.69282 32.24 10.8
      vertex 7.69282 32.24 2.2
    endloop
  endfacet
  facet normal -0.896973 -0.442086 0
    outer loop
      vertex 7.69282 32.24 10.8
      vertex 7.7391 32.1461 2.2
      vertex 7.7391 32.1461 10.8
    endloop
  endfacet
  facet normal 0.321126 -0.947036 0
    outer loop
      vertex 6.69385 32.5791 2.2
      vertex 6.79294 32.6127 10.8
      vertex 6.69385 32.5791 10.8
    endloop
  endfacet
  facet normal 0.321126 -0.947036 0
    outer loop
      vertex 6.79294 32.6127 10.8
      vertex 6.69385 32.5791 2.2
      vertex 6.79294 32.6127 2.2
    endloop
  endfacet
  facet normal -0.751973 -0.659194 0
    outer loop
      vertex 7.63468 32.327 2.2
      vertex 7.56569 32.4057 10.8
      vertex 7.56569 32.4057 2.2
    endloop
  endfacet
  facet normal -0.751973 -0.659194 0
    outer loop
      vertex 7.56569 32.4057 10.8
      vertex 7.63468 32.327 2.2
      vertex 7.63468 32.327 10.8
    endloop
  endfacet
  facet normal -0.946831 0.321731 0
    outer loop
      vertex 7.7391 31.5339 2.2
      vertex 7.77274 31.6329 10.8
      vertex 7.77274 31.6329 2.2
    endloop
  endfacet
  facet normal -0.946831 0.321731 0
    outer loop
      vertex 7.77274 31.6329 10.8
      vertex 7.7391 31.5339 2.2
      vertex 7.7391 31.5339 10.8
    endloop
  endfacet
  facet normal 0.751973 0.659194 0
    outer loop
      vertex 6.43431 31.2743 10.8
      vertex 6.36532 31.353 2.2
      vertex 6.36532 31.353 10.8
    endloop
  endfacet
  facet normal 0.751973 0.659194 0
    outer loop
      vertex 6.36532 31.353 2.2
      vertex 6.43431 31.2743 10.8
      vertex 6.43431 31.2743 2.2
    endloop
  endfacet
  facet normal -0.9808 0.195014 0
    outer loop
      vertex 7.77274 31.6329 2.2
      vertex 7.79316 31.7356 10.8
      vertex 7.79316 31.7356 2.2
    endloop
  endfacet
  facet normal -0.9808 0.195014 0
    outer loop
      vertex 7.79316 31.7356 10.8
      vertex 7.77274 31.6329 2.2
      vertex 7.77274 31.6329 10.8
    endloop
  endfacet
  facet normal 0.659343 -0.751842 0
    outer loop
      vertex 6.43431 32.4057 2.2
      vertex 6.51299 32.4747 10.8
      vertex 6.43431 32.4057 10.8
    endloop
  endfacet
  facet normal 0.659343 -0.751842 0
    outer loop
      vertex 6.51299 32.4747 10.8
      vertex 6.43431 32.4057 2.2
      vertex 6.51299 32.4747 2.2
    endloop
  endfacet
  facet normal 0.946831 0.321731 0
    outer loop
      vertex 6.2609 31.5339 10.8
      vertex 6.22726 31.6329 2.2
      vertex 6.22726 31.6329 10.8
    endloop
  endfacet
  facet normal 0.946831 0.321731 0
    outer loop
      vertex 6.22726 31.6329 2.2
      vertex 6.2609 31.5339 10.8
      vertex 6.2609 31.5339 2.2
    endloop
  endfacet
  facet normal -0.831432 0.555626 0
    outer loop
      vertex 7.63468 31.353 2.2
      vertex 7.69282 31.44 10.8
      vertex 7.69282 31.44 2.2
    endloop
  endfacet
  facet normal -0.831432 0.555626 0
    outer loop
      vertex 7.69282 31.44 10.8
      vertex 7.63468 31.353 2.2
      vertex 7.63468 31.353 10.8
    endloop
  endfacet
  facet normal -0.442429 -0.896803 0
    outer loop
      vertex 7.30615 32.5791 2.2
      vertex 7.4 32.5328 10.8
      vertex 7.30615 32.5791 10.8
    endloop
  endfacet
  facet normal -0.442429 -0.896803 -0
    outer loop
      vertex 7.4 32.5328 10.8
      vertex 7.30615 32.5791 2.2
      vertex 7.4 32.5328 2.2
    endloop
  endfacet
  facet normal 0.442429 -0.896803 0
    outer loop
      vertex 6.6 32.5328 2.2
      vertex 6.69385 32.5791 10.8
      vertex 6.6 32.5328 10.8
    endloop
  endfacet
  facet normal 0.442429 -0.896803 0
    outer loop
      vertex 6.69385 32.5791 10.8
      vertex 6.6 32.5328 2.2
      vertex 6.69385 32.5791 2.2
    endloop
  endfacet
  facet normal -0.442429 0.896803 0
    outer loop
      vertex 7.4 31.1472 2.2
      vertex 7.30615 31.1009 10.8
      vertex 7.4 31.1472 10.8
    endloop
  endfacet
  facet normal -0.442429 0.896803 0
    outer loop
      vertex 7.30615 31.1009 10.8
      vertex 7.4 31.1472 2.2
      vertex 7.30615 31.1009 2.2
    endloop
  endfacet
  facet normal -0.321126 0.947036 0
    outer loop
      vertex 7.30615 31.1009 2.2
      vertex 7.20706 31.0673 10.8
      vertex 7.30615 31.1009 10.8
    endloop
  endfacet
  facet normal -0.321126 0.947036 0
    outer loop
      vertex 7.20706 31.0673 10.8
      vertex 7.30615 31.1009 2.2
      vertex 7.20706 31.0673 2.2
    endloop
  endfacet
  facet normal 0.896973 0.442086 0
    outer loop
      vertex 6.30718 31.44 10.8
      vertex 6.2609 31.5339 2.2
      vertex 6.2609 31.5339 10.8
    endloop
  endfacet
  facet normal 0.896973 0.442086 0
    outer loop
      vertex 6.2609 31.5339 2.2
      vertex 6.30718 31.44 10.8
      vertex 6.30718 31.44 2.2
    endloop
  endfacet
  facet normal 0.9808 0.195014 0
    outer loop
      vertex 6.22726 31.6329 10.8
      vertex 6.20684 31.7356 2.2
      vertex 6.20684 31.7356 10.8
    endloop
  endfacet
  facet normal 0.9808 0.195014 0
    outer loop
      vertex 6.20684 31.7356 2.2
      vertex 6.22726 31.6329 10.8
      vertex 6.22726 31.6329 2.2
    endloop
  endfacet
  facet normal 0.555318 -0.831638 0
    outer loop
      vertex 6.51299 32.4747 2.2
      vertex 6.6 32.5328 10.8
      vertex 6.51299 32.4747 10.8
    endloop
  endfacet
  facet normal 0.555318 -0.831638 0
    outer loop
      vertex 6.6 32.5328 10.8
      vertex 6.51299 32.4747 2.2
      vertex 6.6 32.5328 2.2
    endloop
  endfacet
  facet normal -0.555318 0.831638 0
    outer loop
      vertex 7.48701 31.2053 2.2
      vertex 7.4 31.1472 10.8
      vertex 7.48701 31.2053 10.8
    endloop
  endfacet
  facet normal -0.555318 0.831638 0
    outer loop
      vertex 7.4 31.1472 10.8
      vertex 7.48701 31.2053 2.2
      vertex 7.4 31.1472 2.2
    endloop
  endfacet
  facet normal -0.195859 0.980632 0
    outer loop
      vertex 7.20706 31.0673 2.2
      vertex 7.10442 31.0468 10.8
      vertex 7.20706 31.0673 10.8
    endloop
  endfacet
  facet normal -0.195859 0.980632 0
    outer loop
      vertex 7.10442 31.0468 10.8
      vertex 7.20706 31.0673 2.2
      vertex 7.10442 31.0468 2.2
    endloop
  endfacet
  facet normal -0.659343 -0.751842 0
    outer loop
      vertex 7.48701 32.4747 2.2
      vertex 7.56569 32.4057 10.8
      vertex 7.48701 32.4747 10.8
    endloop
  endfacet
  facet normal -0.659343 -0.751842 -0
    outer loop
      vertex 7.56569 32.4057 10.8
      vertex 7.48701 32.4747 2.2
      vertex 7.56569 32.4057 2.2
    endloop
  endfacet
  facet normal 0.946831 -0.321731 0
    outer loop
      vertex 6.22726 32.0471 10.8
      vertex 6.2609 32.1461 2.2
      vertex 6.2609 32.1461 10.8
    endloop
  endfacet
  facet normal 0.946831 -0.321731 0
    outer loop
      vertex 6.2609 32.1461 2.2
      vertex 6.22726 32.0471 10.8
      vertex 6.22726 32.0471 2.2
    endloop
  endfacet
  facet normal 0.064984 -0.997886 0
    outer loop
      vertex 6.89558 32.6332 2.2
      vertex 7 32.64 10.8
      vertex 6.89558 32.6332 10.8
    endloop
  endfacet
  facet normal 0.064984 -0.997886 0
    outer loop
      vertex 7 32.64 10.8
      vertex 6.89558 32.6332 2.2
      vertex 7 32.64 2.2
    endloop
  endfacet
  facet normal -0.064984 0.997886 0
    outer loop
      vertex 7.10442 31.0468 2.2
      vertex 7 31.04 10.8
      vertex 7.10442 31.0468 10.8
    endloop
  endfacet
  facet normal -0.064984 0.997886 0
    outer loop
      vertex 7 31.04 10.8
      vertex 7.10442 31.0468 2.2
      vertex 7 31.04 2.2
    endloop
  endfacet
  facet normal 0.195859 -0.980632 0
    outer loop
      vertex 6.79294 32.6127 2.2
      vertex 6.89558 32.6332 10.8
      vertex 6.79294 32.6127 10.8
    endloop
  endfacet
  facet normal 0.195859 -0.980632 0
    outer loop
      vertex 6.89558 32.6332 10.8
      vertex 6.79294 32.6127 2.2
      vertex 6.89558 32.6332 2.2
    endloop
  endfacet
  facet normal 0.659343 0.751842 -0
    outer loop
      vertex 6.51299 31.2053 2.2
      vertex 6.43431 31.2743 10.8
      vertex 6.51299 31.2053 10.8
    endloop
  endfacet
  facet normal 0.659343 0.751842 0
    outer loop
      vertex 6.43431 31.2743 10.8
      vertex 6.51299 31.2053 2.2
      vertex 6.43431 31.2743 2.2
    endloop
  endfacet
  facet normal 0.896973 -0.442086 0
    outer loop
      vertex 6.2609 32.1461 10.8
      vertex 6.30718 32.24 2.2
      vertex 6.30718 32.24 10.8
    endloop
  endfacet
  facet normal 0.896973 -0.442086 0
    outer loop
      vertex 6.30718 32.24 2.2
      vertex 6.2609 32.1461 10.8
      vertex 6.2609 32.1461 2.2
    endloop
  endfacet
  facet normal -0.896973 0.442086 0
    outer loop
      vertex 7.69282 31.44 2.2
      vertex 7.7391 31.5339 10.8
      vertex 7.7391 31.5339 2.2
    endloop
  endfacet
  facet normal -0.896973 0.442086 0
    outer loop
      vertex 7.7391 31.5339 10.8
      vertex 7.69282 31.44 2.2
      vertex 7.69282 31.44 10.8
    endloop
  endfacet
  facet normal -0.751973 0.659194 0
    outer loop
      vertex 7.56569 31.2743 2.2
      vertex 7.63468 31.353 10.8
      vertex 7.63468 31.353 2.2
    endloop
  endfacet
  facet normal -0.751973 0.659194 0
    outer loop
      vertex 7.63468 31.353 10.8
      vertex 7.56569 31.2743 2.2
      vertex 7.56569 31.2743 10.8
    endloop
  endfacet
  facet normal 0.064984 0.997886 -0
    outer loop
      vertex 7 31.04 2.2
      vertex 6.89558 31.0468 10.8
      vertex 7 31.04 10.8
    endloop
  endfacet
  facet normal 0.064984 0.997886 0
    outer loop
      vertex 6.89558 31.0468 10.8
      vertex 7 31.04 2.2
      vertex 6.89558 31.0468 2.2
    endloop
  endfacet
  facet normal -0.064984 -0.997886 0
    outer loop
      vertex 7 32.64 2.2
      vertex 7.10442 32.6332 10.8
      vertex 7 32.64 10.8
    endloop
  endfacet
  facet normal -0.064984 -0.997886 -0
    outer loop
      vertex 7.10442 32.6332 10.8
      vertex 7 32.64 2.2
      vertex 7.10442 32.6332 2.2
    endloop
  endfacet
  facet normal -0.555318 -0.831638 0
    outer loop
      vertex 7.4 32.5328 2.2
      vertex 7.48701 32.4747 10.8
      vertex 7.4 32.5328 10.8
    endloop
  endfacet
  facet normal -0.555318 -0.831638 -0
    outer loop
      vertex 7.48701 32.4747 10.8
      vertex 7.4 32.5328 2.2
      vertex 7.48701 32.4747 2.2
    endloop
  endfacet
  facet normal 0.997861 0.0653771 0
    outer loop
      vertex 6.20684 31.7356 10.8
      vertex 6.2 31.84 2.2
      vertex 6.2 31.84 10.8
    endloop
  endfacet
  facet normal 0.997861 0.0653771 0
    outer loop
      vertex 6.2 31.84 2.2
      vertex 6.20684 31.7356 10.8
      vertex 6.20684 31.7356 2.2
    endloop
  endfacet
  facet normal 0.751973 -0.659194 0
    outer loop
      vertex 6.36532 32.327 10.8
      vertex 6.43431 32.4057 2.2
      vertex 6.43431 32.4057 10.8
    endloop
  endfacet
  facet normal 0.751973 -0.659194 0
    outer loop
      vertex 6.43431 32.4057 2.2
      vertex 6.36532 32.327 10.8
      vertex 6.36532 32.327 2.2
    endloop
  endfacet
  facet normal 0.195859 0.980632 -0
    outer loop
      vertex 6.89558 31.0468 2.2
      vertex 6.79294 31.0673 10.8
      vertex 6.89558 31.0468 10.8
    endloop
  endfacet
  facet normal 0.195859 0.980632 0
    outer loop
      vertex 6.79294 31.0673 10.8
      vertex 6.89558 31.0468 2.2
      vertex 6.79294 31.0673 2.2
    endloop
  endfacet
  facet normal 0.9808 -0.195014 0
    outer loop
      vertex 6.20684 31.9444 10.8
      vertex 6.22726 32.0471 2.2
      vertex 6.22726 32.0471 10.8
    endloop
  endfacet
  facet normal 0.9808 -0.195014 0
    outer loop
      vertex 6.22726 32.0471 2.2
      vertex 6.20684 31.9444 10.8
      vertex 6.20684 31.9444 2.2
    endloop
  endfacet
  facet normal 0.997861 -0.0653771 0
    outer loop
      vertex 6.2 31.84 10.8
      vertex 6.20684 31.9444 2.2
      vertex 6.20684 31.9444 10.8
    endloop
  endfacet
  facet normal 0.997861 -0.0653771 0
    outer loop
      vertex 6.20684 31.9444 2.2
      vertex 6.2 31.84 10.8
      vertex 6.2 31.84 2.2
    endloop
  endfacet
  facet normal 0.442429 0.896803 -0
    outer loop
      vertex 6.69385 31.1009 2.2
      vertex 6.6 31.1472 10.8
      vertex 6.69385 31.1009 10.8
    endloop
  endfacet
  facet normal 0.442429 0.896803 0
    outer loop
      vertex 6.6 31.1472 10.8
      vertex 6.69385 31.1009 2.2
      vertex 6.6 31.1472 2.2
    endloop
  endfacet
  facet normal -0.659343 0.751842 0
    outer loop
      vertex 7.56569 31.2743 2.2
      vertex 7.48701 31.2053 10.8
      vertex 7.56569 31.2743 10.8
    endloop
  endfacet
  facet normal -0.659343 0.751842 0
    outer loop
      vertex 7.48701 31.2053 10.8
      vertex 7.56569 31.2743 2.2
      vertex 7.48701 31.2053 2.2
    endloop
  endfacet
  facet normal 0.831432 -0.555626 0
    outer loop
      vertex 6.30718 32.24 10.8
      vertex 6.36532 32.327 2.2
      vertex 6.36532 32.327 10.8
    endloop
  endfacet
  facet normal 0.831432 -0.555626 0
    outer loop
      vertex 6.36532 32.327 2.2
      vertex 6.30718 32.24 10.8
      vertex 6.30718 32.24 2.2
    endloop
  endfacet
  facet normal 0.831432 0.555626 0
    outer loop
      vertex 6.36532 31.353 10.8
      vertex 6.30718 31.44 2.2
      vertex 6.30718 31.44 10.8
    endloop
  endfacet
  facet normal 0.831432 0.555626 0
    outer loop
      vertex 6.30718 31.44 2.2
      vertex 6.36532 31.353 10.8
      vertex 6.36532 31.353 2.2
    endloop
  endfacet
  facet normal 0.981056 0.193723 0
    outer loop
      vertex 113.374 6.39158 10.8
      vertex 113.298 6.77646 2.2
      vertex 113.298 6.77646 10.8
    endloop
  endfacet
  facet normal 0.981056 0.193723 0
    outer loop
      vertex 113.298 6.77646 2.2
      vertex 113.374 6.39158 10.8
      vertex 113.374 6.39158 2.2
    endloop
  endfacet
  facet normal 0.997803 0.0662518 0
    outer loop
      vertex 113.4 6 10.8
      vertex 113.374 6.39158 2.2
      vertex 113.374 6.39158 10.8
    endloop
  endfacet
  facet normal 0.997803 0.0662518 0
    outer loop
      vertex 113.374 6.39158 2.2
      vertex 113.4 6 10.8
      vertex 113.4 6 2.2
    endloop
  endfacet
  facet normal 0.981056 -0.193723 0
    outer loop
      vertex 113.298 5.22354 10.8
      vertex 113.374 5.60842 2.2
      vertex 113.374 5.60842 10.8
    endloop
  endfacet
  facet normal 0.981056 -0.193723 0
    outer loop
      vertex 113.374 5.60842 2.2
      vertex 113.298 5.22354 10.8
      vertex 113.298 5.22354 2.2
    endloop
  endfacet
  facet normal 0 0 1
    outer loop
      vertex 111.2 6 10.8
      vertex 113.4 6 10.8
      vertex 113.374 6.39158 10.8
    endloop
  endfacet
  facet normal 0 0 1
    outer loop
      vertex 111.193 6.10442 10.8
      vertex 113.374 6.39158 10.8
      vertex 113.298 6.77646 10.8
    endloop
  endfacet
  facet normal 0 0 1
    outer loop
      vertex 113.4 6 10.8
      vertex 111.2 6 10.8
      vertex 113.374 5.60842 10.8
    endloop
  endfacet
  facet normal 0 0 1
    outer loop
      vertex 111.173 6.20706 10.8
      vertex 113.298 6.77646 10.8
      vertex 113.172 7.14805 10.8
    endloop
  endfacet
  facet normal -0 0 1
    outer loop
      vertex 111.193 5.89558 10.8
      vertex 113.374 5.60842 10.8
      vertex 111.2 6 10.8
    endloop
  endfacet
  facet normal 0 0 1
    outer loop
      vertex 111.139 6.30615 10.8
      vertex 113.172 7.14805 10.8
      vertex 112.998 7.5 10.8
    endloop
  endfacet
  facet normal 0 0 1
    outer loop
      vertex 113.374 5.60842 10.8
      vertex 111.193 5.89558 10.8
      vertex 113.298 5.22354 10.8
    endloop
  endfacet
  facet normal 0 0 1
    outer loop
      vertex 111.093 6.4 10.8
      vertex 112.998 7.5 10.8
      vertex 112.78 7.82628 10.8
    endloop
  endfacet
  facet normal -0 0 1
    outer loop
      vertex 111.173 5.79294 10.8
      vertex 113.298 5.22354 10.8
      vertex 111.193 5.89558 10.8
    endloop
  endfacet
  facet normal 0 0 1
    outer loop
      vertex 111.035 6.48701 10.8
      vertex 112.78 7.82628 10.8
      vertex 112.521 8.12132 10.8
    endloop
  endfacet
  facet normal 0 0 1
    outer loop
      vertex 113.298 5.22354 10.8
      vertex 111.173 5.79294 10.8
      vertex 113.172 4.85195 10.8
    endloop
  endfacet
  facet normal 0 0 1
    outer loop
      vertex 110.966 6.56569 10.8
      vertex 112.521 8.12132 10.8
      vertex 112.226 8.38006 10.8
    endloop
  endfacet
  facet normal -0 0 1
    outer loop
      vertex 111.139 5.69385 10.8
      vertex 113.172 4.85195 10.8
      vertex 111.173 5.79294 10.8
    endloop
  endfacet
  facet normal 0 0 1
    outer loop
      vertex 110.887 6.63468 10.8
      vertex 112.226 8.38006 10.8
      vertex 111.9 8.59808 10.8
    endloop
  endfacet
  facet normal 0 0 1
    outer loop
      vertex 113.172 4.85195 10.8
      vertex 111.139 5.69385 10.8
      vertex 112.998 4.5 10.8
    endloop
  endfacet
  facet normal 0 0 1
    outer loop
      vertex 110.8 6.69282 10.8
      vertex 111.9 8.59808 10.8
      vertex 111.548 8.77164 10.8
    endloop
  endfacet
  facet normal -0 0 1
    outer loop
      vertex 111.093 5.6 10.8
      vertex 112.998 4.5 10.8
      vertex 111.139 5.69385 10.8
    endloop
  endfacet
  facet normal 0 0 1
    outer loop
      vertex 112.998 4.5 10.8
      vertex 111.093 5.6 10.8
      vertex 112.78 4.17372 10.8
    endloop
  endfacet
  facet normal 0 0 1
    outer loop
      vertex 113.374 6.39158 10.8
      vertex 111.193 6.10442 10.8
      vertex 111.2 6 10.8
    endloop
  endfacet
  facet normal 0 0 1
    outer loop
      vertex 110.706 6.7391 10.8
      vertex 111.548 8.77164 10.8
      vertex 111.176 8.89778 10.8
    endloop
  endfacet
  facet normal 0 0 1
    outer loop
      vertex 113.298 6.77646 10.8
      vertex 111.173 6.20706 10.8
      vertex 111.193 6.10442 10.8
    endloop
  endfacet
  facet normal 0 0 1
    outer loop
      vertex 113.172 7.14805 10.8
      vertex 111.139 6.30615 10.8
      vertex 111.173 6.20706 10.8
    endloop
  endfacet
  facet normal 0 0 1
    outer loop
      vertex 112.998 7.5 10.8
      vertex 111.093 6.4 10.8
      vertex 111.139 6.30615 10.8
    endloop
  endfacet
  facet normal 0 0 1
    outer loop
      vertex 112.78 7.82628 10.8
      vertex 111.035 6.48701 10.8
      vertex 111.093 6.4 10.8
    endloop
  endfacet
  facet normal 0 0 1
    outer loop
      vertex 112.521 8.12132 10.8
      vertex 110.966 6.56569 10.8
      vertex 111.035 6.48701 10.8
    endloop
  endfacet
  facet normal 0 0 1
    outer loop
      vertex 112.226 8.38006 10.8
      vertex 110.887 6.63468 10.8
      vertex 110.966 6.56569 10.8
    endloop
  endfacet
  facet normal 0 0 1
    outer loop
      vertex 111.9 8.59808 10.8
      vertex 110.8 6.69282 10.8
      vertex 110.887 6.63468 10.8
    endloop
  endfacet
  facet normal 0 0 1
    outer loop
      vertex 110.607 6.77274 10.8
      vertex 111.176 8.89778 10.8
      vertex 110.792 8.97433 10.8
    endloop
  endfacet
  facet normal 0 0 1
    outer loop
      vertex 111.548 8.77164 10.8
      vertex 110.706 6.7391 10.8
      vertex 110.8 6.69282 10.8
    endloop
  endfacet
  facet normal 0 0 1
    outer loop
      vertex 111.176 8.89778 10.8
      vertex 110.607 6.77274 10.8
      vertex 110.706 6.7391 10.8
    endloop
  endfacet
  facet normal 0 0 1
    outer loop
      vertex 110.792 8.97433 10.8
      vertex 110.504 6.79316 10.8
      vertex 110.607 6.77274 10.8
    endloop
  endfacet
  facet normal 0 0 1
    outer loop
      vertex 110.4 9 10.8
      vertex 110.504 6.79316 10.8
      vertex 110.792 8.97433 10.8
    endloop
  endfacet
  facet normal 0 0 1
    outer loop
      vertex 110.4 9 10.8
      vertex 110.4 6.8 10.8
      vertex 110.504 6.79316 10.8
    endloop
  endfacet
  facet normal 0 0 1
    outer loop
      vertex 110.4 9 10.8
      vertex 110.296 6.79316 10.8
      vertex 110.4 6.8 10.8
    endloop
  endfacet
  facet normal -0 0 1
    outer loop
      vertex 110.008 8.97433 10.8
      vertex 110.296 6.79316 10.8
      vertex 110.4 9 10.8
    endloop
  endfacet
  facet normal 0 0 1
    outer loop
      vertex 110.296 6.79316 10.8
      vertex 110.008 8.97433 10.8
      vertex 110.193 6.77274 10.8
    endloop
  endfacet
  facet normal -0 0 1
    outer loop
      vertex 109.624 8.89778 10.8
      vertex 110.193 6.77274 10.8
      vertex 110.008 8.97433 10.8
    endloop
  endfacet
  facet normal 0 0 1
    outer loop
      vertex 110.193 6.77274 10.8
      vertex 109.624 8.89778 10.8
      vertex 110.094 6.7391 10.8
    endloop
  endfacet
  facet normal -0 0 1
    outer loop
      vertex 109.252 8.77164 10.8
      vertex 110.094 6.7391 10.8
      vertex 109.624 8.89778 10.8
    endloop
  endfacet
  facet normal 0 0 1
    outer loop
      vertex 110.094 6.7391 10.8
      vertex 109.252 8.77164 10.8
      vertex 110 6.69282 10.8
    endloop
  endfacet
  facet normal -0 0 1
    outer loop
      vertex 108.9 8.59808 10.8
      vertex 110 6.69282 10.8
      vertex 109.252 8.77164 10.8
    endloop
  endfacet
  facet normal 0 0 1
    outer loop
      vertex 110 6.69282 10.8
      vertex 108.9 8.59808 10.8
      vertex 109.913 6.63468 10.8
    endloop
  endfacet
  facet normal -0 0 1
    outer loop
      vertex 108.574 8.38006 10.8
      vertex 109.913 6.63468 10.8
      vertex 108.9 8.59808 10.8
    endloop
  endfacet
  facet normal 0 0 1
    outer loop
      vertex 109.913 6.63468 10.8
      vertex 108.574 8.38006 10.8
      vertex 109.834 6.56569 10.8
    endloop
  endfacet
  facet normal -0 0 1
    outer loop
      vertex 108.279 8.12132 10.8
      vertex 109.834 6.56569 10.8
      vertex 108.574 8.38006 10.8
    endloop
  endfacet
  facet normal 0 0 1
    outer loop
      vertex 109.834 6.56569 10.8
      vertex 108.279 8.12132 10.8
      vertex 109.765 6.48701 10.8
    endloop
  endfacet
  facet normal -0 0 1
    outer loop
      vertex 108.02 7.82628 10.8
      vertex 109.765 6.48701 10.8
      vertex 108.279 8.12132 10.8
    endloop
  endfacet
  facet normal 0 0 1
    outer loop
      vertex 109.765 6.48701 10.8
      vertex 108.02 7.82628 10.8
      vertex 109.707 6.4 10.8
    endloop
  endfacet
  facet normal -0 0 1
    outer loop
      vertex 111.035 5.51299 10.8
      vertex 112.78 4.17372 10.8
      vertex 111.093 5.6 10.8
    endloop
  endfacet
  facet normal 0 0 1
    outer loop
      vertex 112.78 4.17372 10.8
      vertex 111.035 5.51299 10.8
      vertex 112.521 3.87868 10.8
    endloop
  endfacet
  facet normal -0 0 1
    outer loop
      vertex 110.966 5.43431 10.8
      vertex 112.521 3.87868 10.8
      vertex 111.035 5.51299 10.8
    endloop
  endfacet
  facet normal 0 0 1
    outer loop
      vertex 112.521 3.87868 10.8
      vertex 110.966 5.43431 10.8
      vertex 112.226 3.61994 10.8
    endloop
  endfacet
  facet normal -0 0 1
    outer loop
      vertex 110.887 5.36532 10.8
      vertex 112.226 3.61994 10.8
      vertex 110.966 5.43431 10.8
    endloop
  endfacet
  facet normal 0 0 1
    outer loop
      vertex 112.226 3.61994 10.8
      vertex 110.887 5.36532 10.8
      vertex 111.9 3.40192 10.8
    endloop
  endfacet
  facet normal -0 0 1
    outer loop
      vertex 110.8 5.30718 10.8
      vertex 111.9 3.40192 10.8
      vertex 110.887 5.36532 10.8
    endloop
  endfacet
  facet normal 0 0 1
    outer loop
      vertex 111.9 3.40192 10.8
      vertex 110.8 5.30718 10.8
      vertex 111.548 3.22836 10.8
    endloop
  endfacet
  facet normal -0 0 1
    outer loop
      vertex 110.706 5.2609 10.8
      vertex 111.548 3.22836 10.8
      vertex 110.8 5.30718 10.8
    endloop
  endfacet
  facet normal 0 0 1
    outer loop
      vertex 111.548 3.22836 10.8
      vertex 110.706 5.2609 10.8
      vertex 111.176 3.10222 10.8
    endloop
  endfacet
  facet normal -0 0 1
    outer loop
      vertex 110.607 5.22726 10.8
      vertex 111.176 3.10222 10.8
      vertex 110.706 5.2609 10.8
    endloop
  endfacet
  facet normal 0 0 1
    outer loop
      vertex 111.176 3.10222 10.8
      vertex 110.607 5.22726 10.8
      vertex 110.792 3.02567 10.8
    endloop
  endfacet
  facet normal -0 0 1
    outer loop
      vertex 110.504 5.20684 10.8
      vertex 110.792 3.02567 10.8
      vertex 110.607 5.22726 10.8
    endloop
  endfacet
  facet normal -0 0 1
    outer loop
      vertex 110.4 5.2 10.8
      vertex 110.792 3.02567 10.8
      vertex 110.504 5.20684 10.8
    endloop
  endfacet
  facet normal 0 0 1
    outer loop
      vertex 110.4 5.2 10.8
      vertex 110.4 3 10.8
      vertex 110.792 3.02567 10.8
    endloop
  endfacet
  facet normal 0 0 1
    outer loop
      vertex 110.296 5.20684 10.8
      vertex 110.4 3 10.8
      vertex 110.4 5.2 10.8
    endloop
  endfacet
  facet normal 0 0 1
    outer loop
      vertex 110.008 3.02567 10.8
      vertex 110.296 5.20684 10.8
      vertex 110.193 5.22726 10.8
    endloop
  endfacet
  facet normal 0 0 1
    outer loop
      vertex 109.624 3.10222 10.8
      vertex 110.193 5.22726 10.8
      vertex 110.094 5.2609 10.8
    endloop
  endfacet
  facet normal 0 0 1
    outer loop
      vertex 110.296 5.20684 10.8
      vertex 110.008 3.02567 10.8
      vertex 110.4 3 10.8
    endloop
  endfacet
  facet normal 0 0 1
    outer loop
      vertex 109.252 3.22836 10.8
      vertex 110.094 5.2609 10.8
      vertex 110 5.30718 10.8
    endloop
  endfacet
  facet normal 0 0 1
    outer loop
      vertex 108.9 3.40192 10.8
      vertex 110 5.30718 10.8
      vertex 109.913 5.36532 10.8
    endloop
  endfacet
  facet normal 0 0 1
    outer loop
      vertex 108.574 3.61994 10.8
      vertex 109.913 5.36532 10.8
      vertex 109.834 5.43431 10.8
    endloop
  endfacet
  facet normal 0 0 1
    outer loop
      vertex 108.279 3.87868 10.8
      vertex 109.834 5.43431 10.8
      vertex 109.765 5.51299 10.8
    endloop
  endfacet
  facet normal 0 0 1
    outer loop
      vertex 108.02 4.17372 10.8
      vertex 109.765 5.51299 10.8
      vertex 109.707 5.6 10.8
    endloop
  endfacet
  facet normal 0 0 1
    outer loop
      vertex 107.802 4.5 10.8
      vertex 109.707 5.6 10.8
      vertex 109.661 5.69385 10.8
    endloop
  endfacet
  facet normal 0 0 1
    outer loop
      vertex 107.628 4.85195 10.8
      vertex 109.661 5.69385 10.8
      vertex 109.627 5.79294 10.8
    endloop
  endfacet
  facet normal 0 0 1
    outer loop
      vertex 110.193 5.22726 10.8
      vertex 109.624 3.10222 10.8
      vertex 110.008 3.02567 10.8
    endloop
  endfacet
  facet normal 0 0 1
    outer loop
      vertex 107.502 5.22354 10.8
      vertex 109.627 5.79294 10.8
      vertex 109.607 5.89558 10.8
    endloop
  endfacet
  facet normal 0 0 1
    outer loop
      vertex 107.426 5.60842 10.8
      vertex 109.607 5.89558 10.8
      vertex 109.6 6 10.8
    endloop
  endfacet
  facet normal -0 0 1
    outer loop
      vertex 107.802 7.5 10.8
      vertex 109.707 6.4 10.8
      vertex 108.02 7.82628 10.8
    endloop
  endfacet
  facet normal 0 0 1
    outer loop
      vertex 110.094 5.2609 10.8
      vertex 109.252 3.22836 10.8
      vertex 109.624 3.10222 10.8
    endloop
  endfacet
  facet normal 0 0 1
    outer loop
      vertex 109.707 6.4 10.8
      vertex 107.802 7.5 10.8
      vertex 109.661 6.30615 10.8
    endloop
  endfacet
  facet normal 0 0 1
    outer loop
      vertex 110 5.30718 10.8
      vertex 108.9 3.40192 10.8
      vertex 109.252 3.22836 10.8
    endloop
  endfacet
  facet normal -0 0 1
    outer loop
      vertex 107.628 7.14805 10.8
      vertex 109.661 6.30615 10.8
      vertex 107.802 7.5 10.8
    endloop
  endfacet
  facet normal 0 0 1
    outer loop
      vertex 109.913 5.36532 10.8
      vertex 108.574 3.61994 10.8
      vertex 108.9 3.40192 10.8
    endloop
  endfacet
  facet normal 0 0 1
    outer loop
      vertex 109.661 6.30615 10.8
      vertex 107.628 7.14805 10.8
      vertex 109.627 6.20706 10.8
    endloop
  endfacet
  facet normal 0 0 1
    outer loop
      vertex 109.834 5.43431 10.8
      vertex 108.279 3.87868 10.8
      vertex 108.574 3.61994 10.8
    endloop
  endfacet
  facet normal -0 0 1
    outer loop
      vertex 107.502 6.77646 10.8
      vertex 109.627 6.20706 10.8
      vertex 107.628 7.14805 10.8
    endloop
  endfacet
  facet normal 0 0 1
    outer loop
      vertex 109.765 5.51299 10.8
      vertex 108.02 4.17372 10.8
      vertex 108.279 3.87868 10.8
    endloop
  endfacet
  facet normal 0 0 1
    outer loop
      vertex 109.627 6.20706 10.8
      vertex 107.502 6.77646 10.8
      vertex 109.607 6.10442 10.8
    endloop
  endfacet
  facet normal 0 0 1
    outer loop
      vertex 109.707 5.6 10.8
      vertex 107.802 4.5 10.8
      vertex 108.02 4.17372 10.8
    endloop
  endfacet
  facet normal -0 0 1
    outer loop
      vertex 107.426 6.39158 10.8
      vertex 109.607 6.10442 10.8
      vertex 107.502 6.77646 10.8
    endloop
  endfacet
  facet normal 0 0 1
    outer loop
      vertex 109.661 5.69385 10.8
      vertex 107.628 4.85195 10.8
      vertex 107.802 4.5 10.8
    endloop
  endfacet
  facet normal 0 0 1
    outer loop
      vertex 109.607 6.10442 10.8
      vertex 107.426 6.39158 10.8
      vertex 109.6 6 10.8
    endloop
  endfacet
  facet normal 0 0 1
    outer loop
      vertex 109.627 5.79294 10.8
      vertex 107.502 5.22354 10.8
      vertex 107.628 4.85195 10.8
    endloop
  endfacet
  facet normal 0 0 1
    outer loop
      vertex 107.4 6 10.8
      vertex 109.6 6 10.8
      vertex 107.426 6.39158 10.8
    endloop
  endfacet
  facet normal 0 0 1
    outer loop
      vertex 109.607 5.89558 10.8
      vertex 107.426 5.60842 10.8
      vertex 107.502 5.22354 10.8
    endloop
  endfacet
  facet normal 0 0 1
    outer loop
      vertex 109.6 6 10.8
      vertex 107.4 6 10.8
      vertex 107.426 5.60842 10.8
    endloop
  endfacet
  facet normal 0.831485 0.555547 0
    outer loop
      vertex 112.998 7.5 10.8
      vertex 112.78 7.82628 2.2
      vertex 112.78 7.82628 10.8
    endloop
  endfacet
  facet normal 0.831485 0.555547 0
    outer loop
      vertex 112.78 7.82628 2.2
      vertex 112.998 7.5 10.8
      vertex 112.998 7.5 2.2
    endloop
  endfacet
  facet normal 0.555912 0.831241 -0
    outer loop
      vertex 112.226 8.38006 2.2
      vertex 111.9 8.59808 10.8
      vertex 112.226 8.38006 10.8
    endloop
  endfacet
  facet normal 0.555912 0.831241 0
    outer loop
      vertex 111.9 8.59808 10.8
      vertex 112.226 8.38006 2.2
      vertex 111.9 8.59808 2.2
    endloop
  endfacet
  facet normal 0.89643 -0.443185 0
    outer loop
      vertex 112.998 4.5 10.8
      vertex 113.172 4.85195 2.2
      vertex 113.172 4.85195 10.8
    endloop
  endfacet
  facet normal 0.89643 -0.443185 0
    outer loop
      vertex 113.172 4.85195 2.2
      vertex 112.998 4.5 10.8
      vertex 112.998 4.5 2.2
    endloop
  endfacet
  facet normal 0.997803 -0.0662518 0
    outer loop
      vertex 113.374 5.60842 10.8
      vertex 113.4 6 2.2
      vertex 113.4 6 10.8
    endloop
  endfacet
  facet normal 0.997803 -0.0662518 0
    outer loop
      vertex 113.4 6 2.2
      vertex 113.374 5.60842 10.8
      vertex 113.374 5.60842 2.2
    endloop
  endfacet
  facet normal 0.321127 0.947036 -0
    outer loop
      vertex 111.548 8.77164 2.2
      vertex 111.176 8.89778 10.8
      vertex 111.548 8.77164 10.8
    endloop
  endfacet
  facet normal 0.321127 0.947036 0
    outer loop
      vertex 111.176 8.89778 10.8
      vertex 111.548 8.77164 2.2
      vertex 111.176 8.89778 2.2
    endloop
  endfacet
  facet normal -0.89643 0.443185 0
    outer loop
      vertex 107.628 7.14805 2.2
      vertex 107.802 7.5 10.8
      vertex 107.802 7.5 2.2
    endloop
  endfacet
  facet normal -0.89643 0.443185 0
    outer loop
      vertex 107.802 7.5 10.8
      vertex 107.628 7.14805 2.2
      vertex 107.628 7.14805 10.8
    endloop
  endfacet
  facet normal -0.659392 0.751799 0
    outer loop
      vertex 108.574 8.38006 2.2
      vertex 108.279 8.12132 10.8
      vertex 108.574 8.38006 10.8
    endloop
  endfacet
  facet normal -0.659392 0.751799 0
    outer loop
      vertex 108.279 8.12132 10.8
      vertex 108.574 8.38006 2.2
      vertex 108.279 8.12132 2.2
    endloop
  endfacet
  facet normal 0.321127 -0.947036 0
    outer loop
      vertex 111.176 3.10222 2.2
      vertex 111.548 3.22836 10.8
      vertex 111.176 3.10222 10.8
    endloop
  endfacet
  facet normal 0.321127 -0.947036 0
    outer loop
      vertex 111.548 3.22836 10.8
      vertex 111.176 3.10222 2.2
      vertex 111.548 3.22836 2.2
    endloop
  endfacet
  facet normal -0.997803 -0.0662518 0
    outer loop
      vertex 107.426 5.60842 2.2
      vertex 107.4 6 10.8
      vertex 107.4 6 2.2
    endloop
  endfacet
  facet normal -0.997803 -0.0662518 0
    outer loop
      vertex 107.4 6 10.8
      vertex 107.426 5.60842 2.2
      vertex 107.426 5.60842 10.8
    endloop
  endfacet
  facet normal -0.659392 -0.751799 0
    outer loop
      vertex 108.279 3.87868 2.2
      vertex 108.574 3.61994 10.8
      vertex 108.279 3.87868 10.8
    endloop
  endfacet
  facet normal -0.659392 -0.751799 -0
    outer loop
      vertex 108.574 3.61994 10.8
      vertex 108.279 3.87868 2.2
      vertex 108.574 3.61994 2.2
    endloop
  endfacet
  facet normal -0.321127 0.947036 0
    outer loop
      vertex 109.624 8.89778 2.2
      vertex 109.252 8.77164 10.8
      vertex 109.624 8.89778 10.8
    endloop
  endfacet
  facet normal -0.321127 0.947036 0
    outer loop
      vertex 109.252 8.77164 10.8
      vertex 109.624 8.89778 2.2
      vertex 109.252 8.77164 2.2
    endloop
  endfacet
  facet normal -0.831485 -0.555547 0
    outer loop
      vertex 108.02 4.17372 2.2
      vertex 107.802 4.5 10.8
      vertex 107.802 4.5 2.2
    endloop
  endfacet
  facet normal -0.831485 -0.555547 0
    outer loop
      vertex 107.802 4.5 10.8
      vertex 108.02 4.17372 2.2
      vertex 108.02 4.17372 10.8
    endloop
  endfacet
  facet normal -0.555912 0.831241 0
    outer loop
      vertex 108.9 8.59808 2.2
      vertex 108.574 8.38006 10.8
      vertex 108.9 8.59808 10.8
    endloop
  endfacet
  facet normal -0.555912 0.831241 0
    outer loop
      vertex 108.574 8.38006 10.8
      vertex 108.9 8.59808 2.2
      vertex 108.574 8.38006 2.2
    endloop
  endfacet
  facet normal 0.195502 0.980703 -0
    outer loop
      vertex 111.176 8.89778 2.2
      vertex 110.792 8.97433 10.8
      vertex 111.176 8.89778 10.8
    endloop
  endfacet
  facet normal 0.195502 0.980703 0
    outer loop
      vertex 110.792 8.97433 10.8
      vertex 111.176 8.89778 2.2
      vertex 110.792 8.97433 2.2
    endloop
  endfacet
  facet normal -0.442233 0.8969 0
    outer loop
      vertex 109.252 8.77164 2.2
      vertex 108.9 8.59808 10.8
      vertex 109.252 8.77164 10.8
    endloop
  endfacet
  facet normal -0.442233 0.8969 0
    outer loop
      vertex 108.9 8.59808 10.8
      vertex 109.252 8.77164 2.2
      vertex 108.9 8.59808 2.2
    endloop
  endfacet
  facet normal 0.0653447 -0.997863 0
    outer loop
      vertex 110.4 3 2.2
      vertex 110.792 3.02567 10.8
      vertex 110.4 3 10.8
    endloop
  endfacet
  facet normal 0.0653447 -0.997863 0
    outer loop
      vertex 110.792 3.02567 10.8
      vertex 110.4 3 2.2
      vertex 110.792 3.02567 2.2
    endloop
  endfacet
  facet normal 0.659392 -0.751799 0
    outer loop
      vertex 112.226 3.61994 2.2
      vertex 112.521 3.87868 10.8
      vertex 112.226 3.61994 10.8
    endloop
  endfacet
  facet normal 0.659392 -0.751799 0
    outer loop
      vertex 112.521 3.87868 10.8
      vertex 112.226 3.61994 2.2
      vertex 112.521 3.87868 2.2
    endloop
  endfacet
  facet normal -0.947037 -0.321125 0
    outer loop
      vertex 107.628 4.85195 2.2
      vertex 107.502 5.22354 10.8
      vertex 107.502 5.22354 2.2
    endloop
  endfacet
  facet normal -0.947037 -0.321125 0
    outer loop
      vertex 107.502 5.22354 10.8
      vertex 107.628 4.85195 2.2
      vertex 107.628 4.85195 10.8
    endloop
  endfacet
  facet normal 0.947037 -0.321125 0
    outer loop
      vertex 113.172 4.85195 10.8
      vertex 113.298 5.22354 2.2
      vertex 113.298 5.22354 10.8
    endloop
  endfacet
  facet normal 0.947037 -0.321125 0
    outer loop
      vertex 113.298 5.22354 2.2
      vertex 113.172 4.85195 10.8
      vertex 113.172 4.85195 2.2
    endloop
  endfacet
  facet normal 0.442233 0.8969 -0
    outer loop
      vertex 111.9 8.59808 2.2
      vertex 111.548 8.77164 10.8
      vertex 111.9 8.59808 10.8
    endloop
  endfacet
  facet normal 0.442233 0.8969 0
    outer loop
      vertex 111.548 8.77164 10.8
      vertex 111.9 8.59808 2.2
      vertex 111.548 8.77164 2.2
    endloop
  endfacet
  facet normal -0.195502 0.980703 0
    outer loop
      vertex 110.008 8.97433 2.2
      vertex 109.624 8.89778 10.8
      vertex 110.008 8.97433 10.8
    endloop
  endfacet
  facet normal -0.195502 0.980703 0
    outer loop
      vertex 109.624 8.89778 10.8
      vertex 110.008 8.97433 2.2
      vertex 109.624 8.89778 2.2
    endloop
  endfacet
  facet normal 0.751515 0.659716 0
    outer loop
      vertex 112.78 7.82628 10.8
      vertex 112.521 8.12132 2.2
      vertex 112.521 8.12132 10.8
    endloop
  endfacet
  facet normal 0.751515 0.659716 0
    outer loop
      vertex 112.521 8.12132 2.2
      vertex 112.78 7.82628 10.8
      vertex 112.78 7.82628 2.2
    endloop
  endfacet
  facet normal 0.751515 -0.659716 0
    outer loop
      vertex 112.521 3.87868 10.8
      vertex 112.78 4.17372 2.2
      vertex 112.78 4.17372 10.8
    endloop
  endfacet
  facet normal 0.751515 -0.659716 0
    outer loop
      vertex 112.78 4.17372 2.2
      vertex 112.521 3.87868 10.8
      vertex 112.521 3.87868 2.2
    endloop
  endfacet
  facet normal -0.442233 -0.8969 0
    outer loop
      vertex 108.9 3.40192 2.2
      vertex 109.252 3.22836 10.8
      vertex 108.9 3.40192 10.8
    endloop
  endfacet
  facet normal -0.442233 -0.8969 -0
    outer loop
      vertex 109.252 3.22836 10.8
      vertex 108.9 3.40192 2.2
      vertex 109.252 3.22836 2.2
    endloop
  endfacet
  facet normal -0.947037 0.321125 0
    outer loop
      vertex 107.502 6.77646 2.2
      vertex 107.628 7.14805 10.8
      vertex 107.628 7.14805 2.2
    endloop
  endfacet
  facet normal -0.947037 0.321125 0
    outer loop
      vertex 107.628 7.14805 10.8
      vertex 107.502 6.77646 2.2
      vertex 107.502 6.77646 10.8
    endloop
  endfacet
  facet normal 0.195502 -0.980703 0
    outer loop
      vertex 110.792 3.02567 2.2
      vertex 111.176 3.10222 10.8
      vertex 110.792 3.02567 10.8
    endloop
  endfacet
  facet normal 0.195502 -0.980703 0
    outer loop
      vertex 111.176 3.10222 10.8
      vertex 110.792 3.02567 2.2
      vertex 111.176 3.10222 2.2
    endloop
  endfacet
  facet normal 0.442233 -0.8969 0
    outer loop
      vertex 111.548 3.22836 2.2
      vertex 111.9 3.40192 10.8
      vertex 111.548 3.22836 10.8
    endloop
  endfacet
  facet normal 0.442233 -0.8969 0
    outer loop
      vertex 111.9 3.40192 10.8
      vertex 111.548 3.22836 2.2
      vertex 111.9 3.40192 2.2
    endloop
  endfacet
  facet normal 0 0 -1
    outer loop
      vertex 111.2 6 2.2
      vertex 113.4 6 2.2
      vertex 113.374 5.60842 2.2
    endloop
  endfacet
  facet normal 0 0 -1
    outer loop
      vertex 111.193 5.89558 2.2
      vertex 113.374 5.60842 2.2
      vertex 113.298 5.22354 2.2
    endloop
  endfacet
  facet normal 0 0 -1
    outer loop
      vertex 113.4 6 2.2
      vertex 111.2 6 2.2
      vertex 113.374 6.39158 2.2
    endloop
  endfacet
  facet normal 0 0 -1
    outer loop
      vertex 111.173 5.79294 2.2
      vertex 113.298 5.22354 2.2
      vertex 113.172 4.85195 2.2
    endloop
  endfacet
  facet normal 0 0 -1
    outer loop
      vertex 111.193 6.10442 2.2
      vertex 113.374 6.39158 2.2
      vertex 111.2 6 2.2
    endloop
  endfacet
  facet normal 0 0 -1
    outer loop
      vertex 111.139 5.69385 2.2
      vertex 113.172 4.85195 2.2
      vertex 112.998 4.5 2.2
    endloop
  endfacet
  facet normal -0 0 -1
    outer loop
      vertex 113.374 6.39158 2.2
      vertex 111.193 6.10442 2.2
      vertex 113.298 6.77646 2.2
    endloop
  endfacet
  facet normal 0 0 -1
    outer loop
      vertex 111.093 5.6 2.2
      vertex 112.998 4.5 2.2
      vertex 112.78 4.17372 2.2
    endloop
  endfacet
  facet normal 0 0 -1
    outer loop
      vertex 111.173 6.20706 2.2
      vertex 113.298 6.77646 2.2
      vertex 111.193 6.10442 2.2
    endloop
  endfacet
  facet normal 0 0 -1
    outer loop
      vertex 111.035 5.51299 2.2
      vertex 112.78 4.17372 2.2
      vertex 112.521 3.87868 2.2
    endloop
  endfacet
  facet normal -0 0 -1
    outer loop
      vertex 113.298 6.77646 2.2
      vertex 111.173 6.20706 2.2
      vertex 113.172 7.14805 2.2
    endloop
  endfacet
  facet normal 0 0 -1
    outer loop
      vertex 110.966 5.43431 2.2
      vertex 112.521 3.87868 2.2
      vertex 112.226 3.61994 2.2
    endloop
  endfacet
  facet normal 0 0 -1
    outer loop
      vertex 111.139 6.30615 2.2
      vertex 113.172 7.14805 2.2
      vertex 111.173 6.20706 2.2
    endloop
  endfacet
  facet normal 0 0 -1
    outer loop
      vertex 110.887 5.36532 2.2
      vertex 112.226 3.61994 2.2
      vertex 111.9 3.40192 2.2
    endloop
  endfacet
  facet normal -0 0 -1
    outer loop
      vertex 113.172 7.14805 2.2
      vertex 111.139 6.30615 2.2
      vertex 112.998 7.5 2.2
    endloop
  endfacet
  facet normal 0 0 -1
    outer loop
      vertex 110.8 5.30718 2.2
      vertex 111.9 3.40192 2.2
      vertex 111.548 3.22836 2.2
    endloop
  endfacet
  facet normal 0 0 -1
    outer loop
      vertex 111.093 6.4 2.2
      vertex 112.998 7.5 2.2
      vertex 111.139 6.30615 2.2
    endloop
  endfacet
  facet normal -0 0 -1
    outer loop
      vertex 112.998 7.5 2.2
      vertex 111.093 6.4 2.2
      vertex 112.78 7.82628 2.2
    endloop
  endfacet
  facet normal 0 0 -1
    outer loop
      vertex 113.374 5.60842 2.2
      vertex 111.193 5.89558 2.2
      vertex 111.2 6 2.2
    endloop
  endfacet
  facet normal 0 0 -1
    outer loop
      vertex 110.706 5.2609 2.2
      vertex 111.548 3.22836 2.2
      vertex 111.176 3.10222 2.2
    endloop
  endfacet
  facet normal 0 0 -1
    outer loop
      vertex 113.298 5.22354 2.2
      vertex 111.173 5.79294 2.2
      vertex 111.193 5.89558 2.2
    endloop
  endfacet
  facet normal 0 0 -1
    outer loop
      vertex 113.172 4.85195 2.2
      vertex 111.139 5.69385 2.2
      vertex 111.173 5.79294 2.2
    endloop
  endfacet
  facet normal 0 0 -1
    outer loop
      vertex 112.998 4.5 2.2
      vertex 111.093 5.6 2.2
      vertex 111.139 5.69385 2.2
    endloop
  endfacet
  facet normal 0 0 -1
    outer loop
      vertex 112.78 4.17372 2.2
      vertex 111.035 5.51299 2.2
      vertex 111.093 5.6 2.2
    endloop
  endfacet
  facet normal 0 0 -1
    outer loop
      vertex 112.521 3.87868 2.2
      vertex 110.966 5.43431 2.2
      vertex 111.035 5.51299 2.2
    endloop
  endfacet
  facet normal 0 0 -1
    outer loop
      vertex 112.226 3.61994 2.2
      vertex 110.887 5.36532 2.2
      vertex 110.966 5.43431 2.2
    endloop
  endfacet
  facet normal 0 0 -1
    outer loop
      vertex 111.9 3.40192 2.2
      vertex 110.8 5.30718 2.2
      vertex 110.887 5.36532 2.2
    endloop
  endfacet
  facet normal 0 0 -1
    outer loop
      vertex 110.607 5.22726 2.2
      vertex 111.176 3.10222 2.2
      vertex 110.792 3.02567 2.2
    endloop
  endfacet
  facet normal 0 0 -1
    outer loop
      vertex 111.548 3.22836 2.2
      vertex 110.706 5.2609 2.2
      vertex 110.8 5.30718 2.2
    endloop
  endfacet
  facet normal 0 0 -1
    outer loop
      vertex 111.176 3.10222 2.2
      vertex 110.607 5.22726 2.2
      vertex 110.706 5.2609 2.2
    endloop
  endfacet
  facet normal 0 0 -1
    outer loop
      vertex 110.792 3.02567 2.2
      vertex 110.504 5.20684 2.2
      vertex 110.607 5.22726 2.2
    endloop
  endfacet
  facet normal 0 0 -1
    outer loop
      vertex 110.4 3 2.2
      vertex 110.504 5.20684 2.2
      vertex 110.792 3.02567 2.2
    endloop
  endfacet
  facet normal 0 0 -1
    outer loop
      vertex 110.4 3 2.2
      vertex 110.4 5.2 2.2
      vertex 110.504 5.20684 2.2
    endloop
  endfacet
  facet normal 0 0 -1
    outer loop
      vertex 110.4 3 2.2
      vertex 110.296 5.20684 2.2
      vertex 110.4 5.2 2.2
    endloop
  endfacet
  facet normal 0 0 -1
    outer loop
      vertex 110.008 3.02567 2.2
      vertex 110.296 5.20684 2.2
      vertex 110.4 3 2.2
    endloop
  endfacet
  facet normal -0 0 -1
    outer loop
      vertex 110.296 5.20684 2.2
      vertex 110.008 3.02567 2.2
      vertex 110.193 5.22726 2.2
    endloop
  endfacet
  facet normal 0 0 -1
    outer loop
      vertex 109.624 3.10222 2.2
      vertex 110.193 5.22726 2.2
      vertex 110.008 3.02567 2.2
    endloop
  endfacet
  facet normal -0 0 -1
    outer loop
      vertex 110.193 5.22726 2.2
      vertex 109.624 3.10222 2.2
      vertex 110.094 5.2609 2.2
    endloop
  endfacet
  facet normal 0 0 -1
    outer loop
      vertex 109.252 3.22836 2.2
      vertex 110.094 5.2609 2.2
      vertex 109.624 3.10222 2.2
    endloop
  endfacet
  facet normal -0 0 -1
    outer loop
      vertex 110.094 5.2609 2.2
      vertex 109.252 3.22836 2.2
      vertex 110 5.30718 2.2
    endloop
  endfacet
  facet normal 0 0 -1
    outer loop
      vertex 108.9 3.40192 2.2
      vertex 110 5.30718 2.2
      vertex 109.252 3.22836 2.2
    endloop
  endfacet
  facet normal -0 0 -1
    outer loop
      vertex 110 5.30718 2.2
      vertex 108.9 3.40192 2.2
      vertex 109.913 5.36532 2.2
    endloop
  endfacet
  facet normal 0 0 -1
    outer loop
      vertex 108.574 3.61994 2.2
      vertex 109.913 5.36532 2.2
      vertex 108.9 3.40192 2.2
    endloop
  endfacet
  facet normal -0 0 -1
    outer loop
      vertex 109.913 5.36532 2.2
      vertex 108.574 3.61994 2.2
      vertex 109.834 5.43431 2.2
    endloop
  endfacet
  facet normal 0 0 -1
    outer loop
      vertex 108.279 3.87868 2.2
      vertex 109.834 5.43431 2.2
      vertex 108.574 3.61994 2.2
    endloop
  endfacet
  facet normal -0 0 -1
    outer loop
      vertex 109.834 5.43431 2.2
      vertex 108.279 3.87868 2.2
      vertex 109.765 5.51299 2.2
    endloop
  endfacet
  facet normal 0 0 -1
    outer loop
      vertex 108.02 4.17372 2.2
      vertex 109.765 5.51299 2.2
      vertex 108.279 3.87868 2.2
    endloop
  endfacet
  facet normal -0 0 -1
    outer loop
      vertex 109.765 5.51299 2.2
      vertex 108.02 4.17372 2.2
      vertex 109.707 5.6 2.2
    endloop
  endfacet
  facet normal 0 0 -1
    outer loop
      vertex 111.035 6.48701 2.2
      vertex 112.78 7.82628 2.2
      vertex 111.093 6.4 2.2
    endloop
  endfacet
  facet normal -0 0 -1
    outer loop
      vertex 112.78 7.82628 2.2
      vertex 111.035 6.48701 2.2
      vertex 112.521 8.12132 2.2
    endloop
  endfacet
  facet normal 0 0 -1
    outer loop
      vertex 110.966 6.56569 2.2
      vertex 112.521 8.12132 2.2
      vertex 111.035 6.48701 2.2
    endloop
  endfacet
  facet normal -0 0 -1
    outer loop
      vertex 112.521 8.12132 2.2
      vertex 110.966 6.56569 2.2
      vertex 112.226 8.38006 2.2
    endloop
  endfacet
  facet normal 0 0 -1
    outer loop
      vertex 110.887 6.63468 2.2
      vertex 112.226 8.38006 2.2
      vertex 110.966 6.56569 2.2
    endloop
  endfacet
  facet normal -0 0 -1
    outer loop
      vertex 112.226 8.38006 2.2
      vertex 110.887 6.63468 2.2
      vertex 111.9 8.59808 2.2
    endloop
  endfacet
  facet normal 0 0 -1
    outer loop
      vertex 110.8 6.69282 2.2
      vertex 111.9 8.59808 2.2
      vertex 110.887 6.63468 2.2
    endloop
  endfacet
  facet normal -0 0 -1
    outer loop
      vertex 111.9 8.59808 2.2
      vertex 110.8 6.69282 2.2
      vertex 111.548 8.77164 2.2
    endloop
  endfacet
  facet normal 0 0 -1
    outer loop
      vertex 110.706 6.7391 2.2
      vertex 111.548 8.77164 2.2
      vertex 110.8 6.69282 2.2
    endloop
  endfacet
  facet normal -0 0 -1
    outer loop
      vertex 111.548 8.77164 2.2
      vertex 110.706 6.7391 2.2
      vertex 111.176 8.89778 2.2
    endloop
  endfacet
  facet normal 0 0 -1
    outer loop
      vertex 110.607 6.77274 2.2
      vertex 111.176 8.89778 2.2
      vertex 110.706 6.7391 2.2
    endloop
  endfacet
  facet normal -0 0 -1
    outer loop
      vertex 111.176 8.89778 2.2
      vertex 110.607 6.77274 2.2
      vertex 110.792 8.97433 2.2
    endloop
  endfacet
  facet normal 0 0 -1
    outer loop
      vertex 110.504 6.79316 2.2
      vertex 110.792 8.97433 2.2
      vertex 110.607 6.77274 2.2
    endloop
  endfacet
  facet normal 0 0 -1
    outer loop
      vertex 110.4 6.8 2.2
      vertex 110.792 8.97433 2.2
      vertex 110.504 6.79316 2.2
    endloop
  endfacet
  facet normal 0 0 -1
    outer loop
      vertex 110.4 6.8 2.2
      vertex 110.4 9 2.2
      vertex 110.792 8.97433 2.2
    endloop
  endfacet
  facet normal 0 0 -1
    outer loop
      vertex 110.296 6.79316 2.2
      vertex 110.4 9 2.2
      vertex 110.4 6.8 2.2
    endloop
  endfacet
  facet normal 0 0 -1
    outer loop
      vertex 110.008 8.97433 2.2
      vertex 110.296 6.79316 2.2
      vertex 110.193 6.77274 2.2
    endloop
  endfacet
  facet normal 0 0 -1
    outer loop
      vertex 109.624 8.89778 2.2
      vertex 110.193 6.77274 2.2
      vertex 110.094 6.7391 2.2
    endloop
  endfacet
  facet normal 0 0 -1
    outer loop
      vertex 110.296 6.79316 2.2
      vertex 110.008 8.97433 2.2
      vertex 110.4 9 2.2
    endloop
  endfacet
  facet normal 0 0 -1
    outer loop
      vertex 109.252 8.77164 2.2
      vertex 110.094 6.7391 2.2
      vertex 110 6.69282 2.2
    endloop
  endfacet
  facet normal 0 0 -1
    outer loop
      vertex 108.9 8.59808 2.2
      vertex 110 6.69282 2.2
      vertex 109.913 6.63468 2.2
    endloop
  endfacet
  facet normal 0 0 -1
    outer loop
      vertex 108.574 8.38006 2.2
      vertex 109.913 6.63468 2.2
      vertex 109.834 6.56569 2.2
    endloop
  endfacet
  facet normal 0 0 -1
    outer loop
      vertex 108.279 8.12132 2.2
      vertex 109.834 6.56569 2.2
      vertex 109.765 6.48701 2.2
    endloop
  endfacet
  facet normal 0 0 -1
    outer loop
      vertex 108.02 7.82628 2.2
      vertex 109.765 6.48701 2.2
      vertex 109.707 6.4 2.2
    endloop
  endfacet
  facet normal 0 0 -1
    outer loop
      vertex 107.802 7.5 2.2
      vertex 109.707 6.4 2.2
      vertex 109.661 6.30615 2.2
    endloop
  endfacet
  facet normal 0 0 -1
    outer loop
      vertex 107.628 7.14805 2.2
      vertex 109.661 6.30615 2.2
      vertex 109.627 6.20706 2.2
    endloop
  endfacet
  facet normal 0 0 -1
    outer loop
      vertex 110.193 6.77274 2.2
      vertex 109.624 8.89778 2.2
      vertex 110.008 8.97433 2.2
    endloop
  endfacet
  facet normal 0 0 -1
    outer loop
      vertex 107.502 6.77646 2.2
      vertex 109.627 6.20706 2.2
      vertex 109.607 6.10442 2.2
    endloop
  endfacet
  facet normal 0 0 -1
    outer loop
      vertex 107.426 6.39158 2.2
      vertex 109.607 6.10442 2.2
      vertex 109.6 6 2.2
    endloop
  endfacet
  facet normal 0 0 -1
    outer loop
      vertex 107.802 4.5 2.2
      vertex 109.707 5.6 2.2
      vertex 108.02 4.17372 2.2
    endloop
  endfacet
  facet normal 0 0 -1
    outer loop
      vertex 110.094 6.7391 2.2
      vertex 109.252 8.77164 2.2
      vertex 109.624 8.89778 2.2
    endloop
  endfacet
  facet normal -0 0 -1
    outer loop
      vertex 109.707 5.6 2.2
      vertex 107.802 4.5 2.2
      vertex 109.661 5.69385 2.2
    endloop
  endfacet
  facet normal 0 0 -1
    outer loop
      vertex 110 6.69282 2.2
      vertex 108.9 8.59808 2.2
      vertex 109.252 8.77164 2.2
    endloop
  endfacet
  facet normal 0 0 -1
    outer loop
      vertex 107.628 4.85195 2.2
      vertex 109.661 5.69385 2.2
      vertex 107.802 4.5 2.2
    endloop
  endfacet
  facet normal 0 0 -1
    outer loop
      vertex 109.913 6.63468 2.2
      vertex 108.574 8.38006 2.2
      vertex 108.9 8.59808 2.2
    endloop
  endfacet
  facet normal -0 0 -1
    outer loop
      vertex 109.661 5.69385 2.2
      vertex 107.628 4.85195 2.2
      vertex 109.627 5.79294 2.2
    endloop
  endfacet
  facet normal 0 0 -1
    outer loop
      vertex 109.834 6.56569 2.2
      vertex 108.279 8.12132 2.2
      vertex 108.574 8.38006 2.2
    endloop
  endfacet
  facet normal 0 0 -1
    outer loop
      vertex 107.502 5.22354 2.2
      vertex 109.627 5.79294 2.2
      vertex 107.628 4.85195 2.2
    endloop
  endfacet
  facet normal 0 0 -1
    outer loop
      vertex 109.765 6.48701 2.2
      vertex 108.02 7.82628 2.2
      vertex 108.279 8.12132 2.2
    endloop
  endfacet
  facet normal -0 0 -1
    outer loop
      vertex 109.627 5.79294 2.2
      vertex 107.502 5.22354 2.2
      vertex 109.607 5.89558 2.2
    endloop
  endfacet
  facet normal 0 0 -1
    outer loop
      vertex 109.707 6.4 2.2
      vertex 107.802 7.5 2.2
      vertex 108.02 7.82628 2.2
    endloop
  endfacet
  facet normal 0 0 -1
    outer loop
      vertex 107.426 5.60842 2.2
      vertex 109.607 5.89558 2.2
      vertex 107.502 5.22354 2.2
    endloop
  endfacet
  facet normal 0 0 -1
    outer loop
      vertex 109.661 6.30615 2.2
      vertex 107.628 7.14805 2.2
      vertex 107.802 7.5 2.2
    endloop
  endfacet
  facet normal -0 0 -1
    outer loop
      vertex 109.607 5.89558 2.2
      vertex 107.426 5.60842 2.2
      vertex 109.6 6 2.2
    endloop
  endfacet
  facet normal 0 0 -1
    outer loop
      vertex 109.627 6.20706 2.2
      vertex 107.502 6.77646 2.2
      vertex 107.628 7.14805 2.2
    endloop
  endfacet
  facet normal 0 0 -1
    outer loop
      vertex 107.4 6 2.2
      vertex 109.6 6 2.2
      vertex 107.426 5.60842 2.2
    endloop
  endfacet
  facet normal 0 0 -1
    outer loop
      vertex 109.607 6.10442 2.2
      vertex 107.426 6.39158 2.2
      vertex 107.502 6.77646 2.2
    endloop
  endfacet
  facet normal 0 0 -1
    outer loop
      vertex 109.6 6 2.2
      vertex 107.4 6 2.2
      vertex 107.426 6.39158 2.2
    endloop
  endfacet
  facet normal -0.751515 0.659716 0
    outer loop
      vertex 108.02 7.82628 2.2
      vertex 108.279 8.12132 10.8
      vertex 108.279 8.12132 2.2
    endloop
  endfacet
  facet normal -0.751515 0.659716 0
    outer loop
      vertex 108.279 8.12132 10.8
      vertex 108.02 7.82628 2.2
      vertex 108.02 7.82628 10.8
    endloop
  endfacet
  facet normal 0.659392 0.751799 -0
    outer loop
      vertex 112.521 8.12132 2.2
      vertex 112.226 8.38006 10.8
      vertex 112.521 8.12132 10.8
    endloop
  endfacet
  facet normal 0.659392 0.751799 0
    outer loop
      vertex 112.226 8.38006 10.8
      vertex 112.521 8.12132 2.2
      vertex 112.226 8.38006 2.2
    endloop
  endfacet
  facet normal -0.89643 -0.443185 0
    outer loop
      vertex 107.802 4.5 2.2
      vertex 107.628 4.85195 10.8
      vertex 107.628 4.85195 2.2
    endloop
  endfacet
  facet normal -0.89643 -0.443185 0
    outer loop
      vertex 107.628 4.85195 10.8
      vertex 107.802 4.5 2.2
      vertex 107.802 4.5 10.8
    endloop
  endfacet
  facet normal -0.997803 0.0662518 0
    outer loop
      vertex 107.4 6 2.2
      vertex 107.426 6.39158 10.8
      vertex 107.426 6.39158 2.2
    endloop
  endfacet
  facet normal -0.997803 0.0662518 0
    outer loop
      vertex 107.426 6.39158 10.8
      vertex 107.4 6 2.2
      vertex 107.4 6 10.8
    endloop
  endfacet
  facet normal 0.831485 -0.555547 0
    outer loop
      vertex 112.78 4.17372 10.8
      vertex 112.998 4.5 2.2
      vertex 112.998 4.5 10.8
    endloop
  endfacet
  facet normal 0.831485 -0.555547 0
    outer loop
      vertex 112.998 4.5 2.2
      vertex 112.78 4.17372 10.8
      vertex 112.78 4.17372 2.2
    endloop
  endfacet
  facet normal 0.89643 0.443185 0
    outer loop
      vertex 113.172 7.14805 10.8
      vertex 112.998 7.5 2.2
      vertex 112.998 7.5 10.8
    endloop
  endfacet
  facet normal 0.89643 0.443185 0
    outer loop
      vertex 112.998 7.5 2.2
      vertex 113.172 7.14805 10.8
      vertex 113.172 7.14805 2.2
    endloop
  endfacet
  facet normal -0.0653447 -0.997863 0
    outer loop
      vertex 110.008 3.02567 2.2
      vertex 110.4 3 10.8
      vertex 110.008 3.02567 10.8
    endloop
  endfacet
  facet normal -0.0653447 -0.997863 -0
    outer loop
      vertex 110.4 3 10.8
      vertex 110.008 3.02567 2.2
      vertex 110.4 3 2.2
    endloop
  endfacet
  facet normal -0.555912 -0.831241 0
    outer loop
      vertex 108.574 3.61994 2.2
      vertex 108.9 3.40192 10.8
      vertex 108.574 3.61994 10.8
    endloop
  endfacet
  facet normal -0.555912 -0.831241 -0
    outer loop
      vertex 108.9 3.40192 10.8
      vertex 108.574 3.61994 2.2
      vertex 108.9 3.40192 2.2
    endloop
  endfacet
  facet normal 0.555912 -0.831241 0
    outer loop
      vertex 111.9 3.40192 2.2
      vertex 112.226 3.61994 10.8
      vertex 111.9 3.40192 10.8
    endloop
  endfacet
  facet normal 0.555912 -0.831241 0
    outer loop
      vertex 112.226 3.61994 10.8
      vertex 111.9 3.40192 2.2
      vertex 112.226 3.61994 2.2
    endloop
  endfacet
  facet normal 0.947037 0.321125 0
    outer loop
      vertex 113.298 6.77646 10.8
      vertex 113.172 7.14805 2.2
      vertex 113.172 7.14805 10.8
    endloop
  endfacet
  facet normal 0.947037 0.321125 0
    outer loop
      vertex 113.172 7.14805 2.2
      vertex 113.298 6.77646 10.8
      vertex 113.298 6.77646 2.2
    endloop
  endfacet
  facet normal -0.981056 0.193723 0
    outer loop
      vertex 107.426 6.39158 2.2
      vertex 107.502 6.77646 10.8
      vertex 107.502 6.77646 2.2
    endloop
  endfacet
  facet normal -0.981056 0.193723 0
    outer loop
      vertex 107.502 6.77646 10.8
      vertex 107.426 6.39158 2.2
      vertex 107.426 6.39158 10.8
    endloop
  endfacet
  facet normal -0.0653447 0.997863 0
    outer loop
      vertex 110.4 9 2.2
      vertex 110.008 8.97433 10.8
      vertex 110.4 9 10.8
    endloop
  endfacet
  facet normal -0.0653447 0.997863 0
    outer loop
      vertex 110.008 8.97433 10.8
      vertex 110.4 9 2.2
      vertex 110.008 8.97433 2.2
    endloop
  endfacet
  facet normal -0.321127 -0.947036 0
    outer loop
      vertex 109.252 3.22836 2.2
      vertex 109.624 3.10222 10.8
      vertex 109.252 3.22836 10.8
    endloop
  endfacet
  facet normal -0.321127 -0.947036 -0
    outer loop
      vertex 109.624 3.10222 10.8
      vertex 109.252 3.22836 2.2
      vertex 109.624 3.10222 2.2
    endloop
  endfacet
  facet normal -0.981056 -0.193723 0
    outer loop
      vertex 107.502 5.22354 2.2
      vertex 107.426 5.60842 10.8
      vertex 107.426 5.60842 2.2
    endloop
  endfacet
  facet normal -0.981056 -0.193723 0
    outer loop
      vertex 107.426 5.60842 10.8
      vertex 107.502 5.22354 2.2
      vertex 107.502 5.22354 10.8
    endloop
  endfacet
  facet normal -0.751515 -0.659716 0
    outer loop
      vertex 108.279 3.87868 2.2
      vertex 108.02 4.17372 10.8
      vertex 108.02 4.17372 2.2
    endloop
  endfacet
  facet normal -0.751515 -0.659716 0
    outer loop
      vertex 108.02 4.17372 10.8
      vertex 108.279 3.87868 2.2
      vertex 108.279 3.87868 10.8
    endloop
  endfacet
  facet normal 0.0653447 0.997863 -0
    outer loop
      vertex 110.792 8.97433 2.2
      vertex 110.4 9 10.8
      vertex 110.792 8.97433 10.8
    endloop
  endfacet
  facet normal 0.0653447 0.997863 0
    outer loop
      vertex 110.4 9 10.8
      vertex 110.792 8.97433 2.2
      vertex 110.4 9 2.2
    endloop
  endfacet
  facet normal -0.195502 -0.980703 0
    outer loop
      vertex 109.624 3.10222 2.2
      vertex 110.008 3.02567 10.8
      vertex 109.624 3.10222 10.8
    endloop
  endfacet
  facet normal -0.195502 -0.980703 -0
    outer loop
      vertex 110.008 3.02567 10.8
      vertex 109.624 3.10222 2.2
      vertex 110.008 3.02567 2.2
    endloop
  endfacet
  facet normal -0.831485 0.555547 0
    outer loop
      vertex 107.802 7.5 2.2
      vertex 108.02 7.82628 10.8
      vertex 108.02 7.82628 2.2
    endloop
  endfacet
  facet normal -0.831485 0.555547 0
    outer loop
      vertex 108.02 7.82628 10.8
      vertex 107.802 7.5 2.2
      vertex 107.802 7.5 10.8
    endloop
  endfacet
  facet normal -0.194468 -0.980909 0
    outer loop
      vertex 110.504 6.79316 2.2
      vertex 110.607 6.77274 10.8
      vertex 110.504 6.79316 10.8
    endloop
  endfacet
  facet normal -0.194468 -0.980909 -0
    outer loop
      vertex 110.607 6.77274 10.8
      vertex 110.504 6.79316 2.2
      vertex 110.607 6.77274 2.2
    endloop
  endfacet
  facet normal -0.98154 -0.191259 0
    outer loop
      vertex 111.193 6.10442 2.2
      vertex 111.173 6.20706 10.8
      vertex 111.173 6.20706 2.2
    endloop
  endfacet
  facet normal -0.98154 -0.191259 0
    outer loop
      vertex 111.173 6.20706 10.8
      vertex 111.193 6.10442 2.2
      vertex 111.193 6.10442 10.8
    endloop
  endfacet
  facet normal -0.997761 -0.0668868 0
    outer loop
      vertex 111.2 6 2.2
      vertex 111.193 6.10442 10.8
      vertex 111.193 6.10442 2.2
    endloop
  endfacet
  facet normal -0.997761 -0.0668868 0
    outer loop
      vertex 111.193 6.10442 10.8
      vertex 111.2 6 2.2
      vertex 111.2 6 10.8
    endloop
  endfacet
  facet normal -0.945869 -0.324549 0
    outer loop
      vertex 111.173 6.20706 2.2
      vertex 111.139 6.30615 10.8
      vertex 111.139 6.30615 2.2
    endloop
  endfacet
  facet normal -0.945869 -0.324549 0
    outer loop
      vertex 111.139 6.30615 10.8
      vertex 111.173 6.20706 2.2
      vertex 111.173 6.20706 10.8
    endloop
  endfacet
  facet normal -0.83208 -0.554656 0
    outer loop
      vertex 111.093 6.4 2.2
      vertex 111.035 6.48701 10.8
      vertex 111.035 6.48701 2.2
    endloop
  endfacet
  facet normal -0.83208 -0.554656 0
    outer loop
      vertex 111.035 6.48701 10.8
      vertex 111.093 6.4 2.2
      vertex 111.093 6.4 10.8
    endloop
  endfacet
  facet normal -0.321731 -0.946831 0
    outer loop
      vertex 110.607 6.77274 2.2
      vertex 110.706 6.7391 10.8
      vertex 110.607 6.77274 10.8
    endloop
  endfacet
  facet normal -0.321731 -0.946831 -0
    outer loop
      vertex 110.706 6.7391 10.8
      vertex 110.607 6.77274 2.2
      vertex 110.706 6.7391 2.2
    endloop
  endfacet
  facet normal -0.997761 0.0668868 0
    outer loop
      vertex 111.193 5.89558 2.2
      vertex 111.2 6 10.8
      vertex 111.2 6 2.2
    endloop
  endfacet
  facet normal -0.997761 0.0668868 0
    outer loop
      vertex 111.2 6 10.8
      vertex 111.193 5.89558 2.2
      vertex 111.193 5.89558 10.8
    endloop
  endfacet
  facet normal 0.555626 0.831432 -0
    outer loop
      vertex 110 5.30718 2.2
      vertex 109.913 5.36532 10.8
      vertex 110 5.30718 10.8
    endloop
  endfacet
  facet normal 0.555626 0.831432 0
    outer loop
      vertex 109.913 5.36532 10.8
      vertex 110 5.30718 2.2
      vertex 109.913 5.36532 2.2
    endloop
  endfacet
  facet normal 0.321731 0.946831 -0
    outer loop
      vertex 110.193 5.22726 2.2
      vertex 110.094 5.2609 10.8
      vertex 110.193 5.22726 10.8
    endloop
  endfacet
  facet normal 0.321731 0.946831 0
    outer loop
      vertex 110.094 5.2609 10.8
      vertex 110.193 5.22726 2.2
      vertex 110.094 5.2609 2.2
    endloop
  endfacet
  facet normal -0.897939 -0.440119 0
    outer loop
      vertex 111.139 6.30615 2.2
      vertex 111.093 6.4 10.8
      vertex 111.093 6.4 2.2
    endloop
  endfacet
  facet normal -0.897939 -0.440119 0
    outer loop
      vertex 111.093 6.4 10.8
      vertex 111.139 6.30615 2.2
      vertex 111.139 6.30615 10.8
    endloop
  endfacet
  facet normal 0.321731 -0.946831 0
    outer loop
      vertex 110.094 6.7391 2.2
      vertex 110.193 6.77274 10.8
      vertex 110.094 6.7391 10.8
    endloop
  endfacet
  facet normal 0.321731 -0.946831 0
    outer loop
      vertex 110.193 6.77274 10.8
      vertex 110.094 6.7391 2.2
      vertex 110.193 6.77274 2.2
    endloop
  endfacet
  facet normal -0.751842 -0.659343 0
    outer loop
      vertex 111.035 6.48701 2.2
      vertex 110.966 6.56569 10.8
      vertex 110.966 6.56569 2.2
    endloop
  endfacet
  facet normal -0.751842 -0.659343 0
    outer loop
      vertex 110.966 6.56569 10.8
      vertex 111.035 6.48701 2.2
      vertex 111.035 6.48701 10.8
    endloop
  endfacet
  facet normal -0.945869 0.324549 0
    outer loop
      vertex 111.139 5.69385 2.2
      vertex 111.173 5.79294 10.8
      vertex 111.173 5.79294 2.2
    endloop
  endfacet
  facet normal -0.945869 0.324549 0
    outer loop
      vertex 111.173 5.79294 10.8
      vertex 111.139 5.69385 2.2
      vertex 111.139 5.69385 10.8
    endloop
  endfacet
  facet normal 0.751842 0.659343 0
    outer loop
      vertex 109.834 5.43431 10.8
      vertex 109.765 5.51299 2.2
      vertex 109.765 5.51299 10.8
    endloop
  endfacet
  facet normal 0.751842 0.659343 0
    outer loop
      vertex 109.765 5.51299 2.2
      vertex 109.834 5.43431 10.8
      vertex 109.834 5.43431 2.2
    endloop
  endfacet
  facet normal -0.98154 0.191259 0
    outer loop
      vertex 111.173 5.79294 2.2
      vertex 111.193 5.89558 10.8
      vertex 111.193 5.89558 2.2
    endloop
  endfacet
  facet normal -0.98154 0.191259 0
    outer loop
      vertex 111.193 5.89558 10.8
      vertex 111.173 5.79294 2.2
      vertex 111.173 5.79294 10.8
    endloop
  endfacet
  facet normal 0.657775 -0.753214 0
    outer loop
      vertex 109.834 6.56569 2.2
      vertex 109.913 6.63468 10.8
      vertex 109.834 6.56569 10.8
    endloop
  endfacet
  facet normal 0.657775 -0.753214 0
    outer loop
      vertex 109.913 6.63468 10.8
      vertex 109.834 6.56569 2.2
      vertex 109.913 6.63468 2.2
    endloop
  endfacet
  facet normal 0.945869 0.324549 0
    outer loop
      vertex 109.661 5.69385 10.8
      vertex 109.627 5.79294 2.2
      vertex 109.627 5.79294 10.8
    endloop
  endfacet
  facet normal 0.945869 0.324549 0
    outer loop
      vertex 109.627 5.79294 2.2
      vertex 109.661 5.69385 10.8
      vertex 109.661 5.69385 2.2
    endloop
  endfacet
  facet normal -0.83208 0.554656 0
    outer loop
      vertex 111.035 5.51299 2.2
      vertex 111.093 5.6 10.8
      vertex 111.093 5.6 2.2
    endloop
  endfacet
  facet normal -0.83208 0.554656 0
    outer loop
      vertex 111.093 5.6 10.8
      vertex 111.035 5.51299 2.2
      vertex 111.035 5.51299 10.8
    endloop
  endfacet
  facet normal -0.441708 -0.897159 0
    outer loop
      vertex 110.706 6.7391 2.2
      vertex 110.8 6.69282 10.8
      vertex 110.706 6.7391 10.8
    endloop
  endfacet
  facet normal -0.441708 -0.897159 -0
    outer loop
      vertex 110.8 6.69282 10.8
      vertex 110.706 6.7391 2.2
      vertex 110.8 6.69282 2.2
    endloop
  endfacet
  facet normal 0.441708 -0.897159 0
    outer loop
      vertex 110 6.69282 2.2
      vertex 110.094 6.7391 10.8
      vertex 110 6.69282 10.8
    endloop
  endfacet
  facet normal 0.441708 -0.897159 0
    outer loop
      vertex 110.094 6.7391 10.8
      vertex 110 6.69282 2.2
      vertex 110.094 6.7391 2.2
    endloop
  endfacet
  facet normal -0.441708 0.897159 0
    outer loop
      vertex 110.8 5.30718 2.2
      vertex 110.706 5.2609 10.8
      vertex 110.8 5.30718 10.8
    endloop
  endfacet
  facet normal -0.441708 0.897159 0
    outer loop
      vertex 110.706 5.2609 10.8
      vertex 110.8 5.30718 2.2
      vertex 110.706 5.2609 2.2
    endloop
  endfacet
  facet normal -0.321731 0.946831 0
    outer loop
      vertex 110.706 5.2609 2.2
      vertex 110.607 5.22726 10.8
      vertex 110.706 5.2609 10.8
    endloop
  endfacet
  facet normal -0.321731 0.946831 0
    outer loop
      vertex 110.607 5.22726 10.8
      vertex 110.706 5.2609 2.2
      vertex 110.607 5.22726 2.2
    endloop
  endfacet
  facet normal 0.897939 0.440119 0
    outer loop
      vertex 109.707 5.6 10.8
      vertex 109.661 5.69385 2.2
      vertex 109.661 5.69385 10.8
    endloop
  endfacet
  facet normal 0.897939 0.440119 0
    outer loop
      vertex 109.661 5.69385 2.2
      vertex 109.707 5.6 10.8
      vertex 109.707 5.6 2.2
    endloop
  endfacet
  facet normal 0.98154 0.191259 0
    outer loop
      vertex 109.627 5.79294 10.8
      vertex 109.607 5.89558 2.2
      vertex 109.607 5.89558 10.8
    endloop
  endfacet
  facet normal 0.98154 0.191259 0
    outer loop
      vertex 109.607 5.89558 2.2
      vertex 109.627 5.79294 10.8
      vertex 109.627 5.79294 2.2
    endloop
  endfacet
  facet normal 0.555626 -0.831432 0
    outer loop
      vertex 109.913 6.63468 2.2
      vertex 110 6.69282 10.8
      vertex 109.913 6.63468 10.8
    endloop
  endfacet
  facet normal 0.555626 -0.831432 0
    outer loop
      vertex 110 6.69282 10.8
      vertex 109.913 6.63468 2.2
      vertex 110 6.69282 2.2
    endloop
  endfacet
  facet normal -0.555626 0.831432 0
    outer loop
      vertex 110.887 5.36532 2.2
      vertex 110.8 5.30718 10.8
      vertex 110.887 5.36532 10.8
    endloop
  endfacet
  facet normal -0.555626 0.831432 0
    outer loop
      vertex 110.8 5.30718 10.8
      vertex 110.887 5.36532 2.2
      vertex 110.8 5.30718 2.2
    endloop
  endfacet
  facet normal -0.194468 0.980909 0
    outer loop
      vertex 110.607 5.22726 2.2
      vertex 110.504 5.20684 10.8
      vertex 110.607 5.22726 10.8
    endloop
  endfacet
  facet normal -0.194468 0.980909 0
    outer loop
      vertex 110.504 5.20684 10.8
      vertex 110.607 5.22726 2.2
      vertex 110.504 5.20684 2.2
    endloop
  endfacet
  facet normal -0.657775 -0.753214 0
    outer loop
      vertex 110.887 6.63468 2.2
      vertex 110.966 6.56569 10.8
      vertex 110.887 6.63468 10.8
    endloop
  endfacet
  facet normal -0.657775 -0.753214 -0
    outer loop
      vertex 110.966 6.56569 10.8
      vertex 110.887 6.63468 2.2
      vertex 110.966 6.56569 2.2
    endloop
  endfacet
  facet normal 0.945869 -0.324549 0
    outer loop
      vertex 109.627 6.20706 10.8
      vertex 109.661 6.30615 2.2
      vertex 109.661 6.30615 10.8
    endloop
  endfacet
  facet normal 0.945869 -0.324549 0
    outer loop
      vertex 109.661 6.30615 2.2
      vertex 109.627 6.20706 10.8
      vertex 109.627 6.20706 2.2
    endloop
  endfacet
  facet normal 0.0656274 -0.997844 0
    outer loop
      vertex 110.296 6.79316 2.2
      vertex 110.4 6.8 10.8
      vertex 110.296 6.79316 10.8
    endloop
  endfacet
  facet normal 0.0656274 -0.997844 0
    outer loop
      vertex 110.4 6.8 10.8
      vertex 110.296 6.79316 2.2
      vertex 110.4 6.8 2.2
    endloop
  endfacet
  facet normal -0.0656274 0.997844 0
    outer loop
      vertex 110.504 5.20684 2.2
      vertex 110.4 5.2 10.8
      vertex 110.504 5.20684 10.8
    endloop
  endfacet
  facet normal -0.0656274 0.997844 0
    outer loop
      vertex 110.4 5.2 10.8
      vertex 110.504 5.20684 2.2
      vertex 110.4 5.2 2.2
    endloop
  endfacet
  facet normal 0.194468 -0.980909 0
    outer loop
      vertex 110.193 6.77274 2.2
      vertex 110.296 6.79316 10.8
      vertex 110.193 6.77274 10.8
    endloop
  endfacet
  facet normal 0.194468 -0.980909 0
    outer loop
      vertex 110.296 6.79316 10.8
      vertex 110.193 6.77274 2.2
      vertex 110.296 6.79316 2.2
    endloop
  endfacet
  facet normal 0.657775 0.753214 -0
    outer loop
      vertex 109.913 5.36532 2.2
      vertex 109.834 5.43431 10.8
      vertex 109.913 5.36532 10.8
    endloop
  endfacet
  facet normal 0.657775 0.753214 0
    outer loop
      vertex 109.834 5.43431 10.8
      vertex 109.913 5.36532 2.2
      vertex 109.834 5.43431 2.2
    endloop
  endfacet
  facet normal 0.897939 -0.440119 0
    outer loop
      vertex 109.661 6.30615 10.8
      vertex 109.707 6.4 2.2
      vertex 109.707 6.4 10.8
    endloop
  endfacet
  facet normal 0.897939 -0.440119 0
    outer loop
      vertex 109.707 6.4 2.2
      vertex 109.661 6.30615 10.8
      vertex 109.661 6.30615 2.2
    endloop
  endfacet
  facet normal -0.897939 0.440119 0
    outer loop
      vertex 111.093 5.6 2.2
      vertex 111.139 5.69385 10.8
      vertex 111.139 5.69385 2.2
    endloop
  endfacet
  facet normal -0.897939 0.440119 0
    outer loop
      vertex 111.139 5.69385 10.8
      vertex 111.093 5.6 2.2
      vertex 111.093 5.6 10.8
    endloop
  endfacet
  facet normal -0.751842 0.659343 0
    outer loop
      vertex 110.966 5.43431 2.2
      vertex 111.035 5.51299 10.8
      vertex 111.035 5.51299 2.2
    endloop
  endfacet
  facet normal -0.751842 0.659343 0
    outer loop
      vertex 111.035 5.51299 10.8
      vertex 110.966 5.43431 2.2
      vertex 110.966 5.43431 10.8
    endloop
  endfacet
  facet normal 0.0656274 0.997844 -0
    outer loop
      vertex 110.4 5.2 2.2
      vertex 110.296 5.20684 10.8
      vertex 110.4 5.2 10.8
    endloop
  endfacet
  facet normal 0.0656274 0.997844 0
    outer loop
      vertex 110.296 5.20684 10.8
      vertex 110.4 5.2 2.2
      vertex 110.296 5.20684 2.2
    endloop
  endfacet
  facet normal -0.0656274 -0.997844 0
    outer loop
      vertex 110.4 6.8 2.2
      vertex 110.504 6.79316 10.8
      vertex 110.4 6.8 10.8
    endloop
  endfacet
  facet normal -0.0656274 -0.997844 -0
    outer loop
      vertex 110.504 6.79316 10.8
      vertex 110.4 6.8 2.2
      vertex 110.504 6.79316 2.2
    endloop
  endfacet
  facet normal -0.555626 -0.831432 0
    outer loop
      vertex 110.8 6.69282 2.2
      vertex 110.887 6.63468 10.8
      vertex 110.8 6.69282 10.8
    endloop
  endfacet
  facet normal -0.555626 -0.831432 -0
    outer loop
      vertex 110.887 6.63468 10.8
      vertex 110.8 6.69282 2.2
      vertex 110.887 6.63468 2.2
    endloop
  endfacet
  facet normal 0.997761 0.0668868 0
    outer loop
      vertex 109.607 5.89558 10.8
      vertex 109.6 6 2.2
      vertex 109.6 6 10.8
    endloop
  endfacet
  facet normal 0.997761 0.0668868 0
    outer loop
      vertex 109.6 6 2.2
      vertex 109.607 5.89558 10.8
      vertex 109.607 5.89558 2.2
    endloop
  endfacet
  facet normal 0.751842 -0.659343 0
    outer loop
      vertex 109.765 6.48701 10.8
      vertex 109.834 6.56569 2.2
      vertex 109.834 6.56569 10.8
    endloop
  endfacet
  facet normal 0.751842 -0.659343 0
    outer loop
      vertex 109.834 6.56569 2.2
      vertex 109.765 6.48701 10.8
      vertex 109.765 6.48701 2.2
    endloop
  endfacet
  facet normal 0.194468 0.980909 -0
    outer loop
      vertex 110.296 5.20684 2.2
      vertex 110.193 5.22726 10.8
      vertex 110.296 5.20684 10.8
    endloop
  endfacet
  facet normal 0.194468 0.980909 0
    outer loop
      vertex 110.193 5.22726 10.8
      vertex 110.296 5.20684 2.2
      vertex 110.193 5.22726 2.2
    endloop
  endfacet
  facet normal 0.98154 -0.191259 0
    outer loop
      vertex 109.607 6.10442 10.8
      vertex 109.627 6.20706 2.2
      vertex 109.627 6.20706 10.8
    endloop
  endfacet
  facet normal 0.98154 -0.191259 0
    outer loop
      vertex 109.627 6.20706 2.2
      vertex 109.607 6.10442 10.8
      vertex 109.607 6.10442 2.2
    endloop
  endfacet
  facet normal 0.997761 -0.0668868 0
    outer loop
      vertex 109.6 6 10.8
      vertex 109.607 6.10442 2.2
      vertex 109.607 6.10442 10.8
    endloop
  endfacet
  facet normal 0.997761 -0.0668868 0
    outer loop
      vertex 109.607 6.10442 2.2
      vertex 109.6 6 10.8
      vertex 109.6 6 2.2
    endloop
  endfacet
  facet normal 0.441708 0.897159 -0
    outer loop
      vertex 110.094 5.2609 2.2
      vertex 110 5.30718 10.8
      vertex 110.094 5.2609 10.8
    endloop
  endfacet
  facet normal 0.441708 0.897159 0
    outer loop
      vertex 110 5.30718 10.8
      vertex 110.094 5.2609 2.2
      vertex 110 5.30718 2.2
    endloop
  endfacet
  facet normal -0.657775 0.753214 0
    outer loop
      vertex 110.966 5.43431 2.2
      vertex 110.887 5.36532 10.8
      vertex 110.966 5.43431 10.8
    endloop
  endfacet
  facet normal -0.657775 0.753214 0
    outer loop
      vertex 110.887 5.36532 10.8
      vertex 110.966 5.43431 2.2
      vertex 110.887 5.36532 2.2
    endloop
  endfacet
  facet normal 0.83208 -0.554656 0
    outer loop
      vertex 109.707 6.4 10.8
      vertex 109.765 6.48701 2.2
      vertex 109.765 6.48701 10.8
    endloop
  endfacet
  facet normal 0.83208 -0.554656 0
    outer loop
      vertex 109.765 6.48701 2.2
      vertex 109.707 6.4 10.8
      vertex 109.707 6.4 2.2
    endloop
  endfacet
  facet normal 0.83208 0.554656 0
    outer loop
      vertex 109.765 5.51299 10.8
      vertex 109.707 5.6 2.2
      vertex 109.707 5.6 10.8
    endloop
  endfacet
  facet normal 0.83208 0.554656 0
    outer loop
      vertex 109.707 5.6 2.2
      vertex 109.765 5.51299 10.8
      vertex 109.765 5.51299 2.2
    endloop
  endfacet
  facet normal 0.981058 0.193714 0
    outer loop
      vertex 113.374 32.2316 10.8
      vertex 113.298 32.6165 2.2
      vertex 113.298 32.6165 10.8
    endloop
  endfacet
  facet normal 0.981058 0.193714 0
    outer loop
      vertex 113.298 32.6165 2.2
      vertex 113.374 32.2316 10.8
      vertex 113.374 32.2316 2.2
    endloop
  endfacet
  facet normal 0.997803 0.0662484 0
    outer loop
      vertex 113.4 31.84 10.8
      vertex 113.374 32.2316 2.2
      vertex 113.374 32.2316 10.8
    endloop
  endfacet
  facet normal 0.997803 0.0662484 0
    outer loop
      vertex 113.374 32.2316 2.2
      vertex 113.4 31.84 10.8
      vertex 113.4 31.84 2.2
    endloop
  endfacet
  facet normal 0.981058 -0.193714 0
    outer loop
      vertex 113.298 31.0635 10.8
      vertex 113.374 31.4484 2.2
      vertex 113.374 31.4484 10.8
    endloop
  endfacet
  facet normal 0.981058 -0.193714 0
    outer loop
      vertex 113.374 31.4484 2.2
      vertex 113.298 31.0635 10.8
      vertex 113.298 31.0635 2.2
    endloop
  endfacet
  facet normal 0 0 1
    outer loop
      vertex 111.2 31.84 10.8
      vertex 113.4 31.84 10.8
      vertex 113.374 32.2316 10.8
    endloop
  endfacet
  facet normal 0 0 1
    outer loop
      vertex 111.193 31.9444 10.8
      vertex 113.374 32.2316 10.8
      vertex 113.298 32.6165 10.8
    endloop
  endfacet
  facet normal 0 0 1
    outer loop
      vertex 113.4 31.84 10.8
      vertex 111.2 31.84 10.8
      vertex 113.374 31.4484 10.8
    endloop
  endfacet
  facet normal 0 0 1
    outer loop
      vertex 111.173 32.0471 10.8
      vertex 113.298 32.6165 10.8
      vertex 113.172 32.988 10.8
    endloop
  endfacet
  facet normal -0 0 1
    outer loop
      vertex 111.193 31.7356 10.8
      vertex 113.374 31.4484 10.8
      vertex 111.2 31.84 10.8
    endloop
  endfacet
  facet normal 0 0 1
    outer loop
      vertex 111.139 32.1461 10.8
      vertex 113.172 32.988 10.8
      vertex 112.998 33.34 10.8
    endloop
  endfacet
  facet normal 0 0 1
    outer loop
      vertex 113.374 31.4484 10.8
      vertex 111.193 31.7356 10.8
      vertex 113.298 31.0635 10.8
    endloop
  endfacet
  facet normal 0 0 1
    outer loop
      vertex 111.093 32.24 10.8
      vertex 112.998 33.34 10.8
      vertex 112.78 33.6663 10.8
    endloop
  endfacet
  facet normal -0 0 1
    outer loop
      vertex 111.173 31.6329 10.8
      vertex 113.298 31.0635 10.8
      vertex 111.193 31.7356 10.8
    endloop
  endfacet
  facet normal 0 0 1
    outer loop
      vertex 111.035 32.327 10.8
      vertex 112.78 33.6663 10.8
      vertex 112.521 33.9613 10.8
    endloop
  endfacet
  facet normal 0 0 1
    outer loop
      vertex 113.298 31.0635 10.8
      vertex 111.173 31.6329 10.8
      vertex 113.172 30.6919 10.8
    endloop
  endfacet
  facet normal 0 0 1
    outer loop
      vertex 110.966 32.4057 10.8
      vertex 112.521 33.9613 10.8
      vertex 112.226 34.2201 10.8
    endloop
  endfacet
  facet normal -0 0 1
    outer loop
      vertex 111.139 31.5339 10.8
      vertex 113.172 30.6919 10.8
      vertex 111.173 31.6329 10.8
    endloop
  endfacet
  facet normal 0 0 1
    outer loop
      vertex 110.887 32.4747 10.8
      vertex 112.226 34.2201 10.8
      vertex 111.9 34.4381 10.8
    endloop
  endfacet
  facet normal 0 0 1
    outer loop
      vertex 113.172 30.6919 10.8
      vertex 111.139 31.5339 10.8
      vertex 112.998 30.34 10.8
    endloop
  endfacet
  facet normal 0 0 1
    outer loop
      vertex 110.8 32.5328 10.8
      vertex 111.9 34.4381 10.8
      vertex 111.548 34.6116 10.8
    endloop
  endfacet
  facet normal -0 0 1
    outer loop
      vertex 111.093 31.44 10.8
      vertex 112.998 30.34 10.8
      vertex 111.139 31.5339 10.8
    endloop
  endfacet
  facet normal 0 0 1
    outer loop
      vertex 112.998 30.34 10.8
      vertex 111.093 31.44 10.8
      vertex 112.78 30.0137 10.8
    endloop
  endfacet
  facet normal 0 0 1
    outer loop
      vertex 113.374 32.2316 10.8
      vertex 111.193 31.9444 10.8
      vertex 111.2 31.84 10.8
    endloop
  endfacet
  facet normal 0 0 1
    outer loop
      vertex 110.706 32.5791 10.8
      vertex 111.548 34.6116 10.8
      vertex 111.176 34.7378 10.8
    endloop
  endfacet
  facet normal 0 0 1
    outer loop
      vertex 113.298 32.6165 10.8
      vertex 111.173 32.0471 10.8
      vertex 111.193 31.9444 10.8
    endloop
  endfacet
  facet normal 0 0 1
    outer loop
      vertex 113.172 32.988 10.8
      vertex 111.139 32.1461 10.8
      vertex 111.173 32.0471 10.8
    endloop
  endfacet
  facet normal 0 0 1
    outer loop
      vertex 112.998 33.34 10.8
      vertex 111.093 32.24 10.8
      vertex 111.139 32.1461 10.8
    endloop
  endfacet
  facet normal 0 0 1
    outer loop
      vertex 112.78 33.6663 10.8
      vertex 111.035 32.327 10.8
      vertex 111.093 32.24 10.8
    endloop
  endfacet
  facet normal 0 0 1
    outer loop
      vertex 112.521 33.9613 10.8
      vertex 110.966 32.4057 10.8
      vertex 111.035 32.327 10.8
    endloop
  endfacet
  facet normal 0 0 1
    outer loop
      vertex 112.226 34.2201 10.8
      vertex 110.887 32.4747 10.8
      vertex 110.966 32.4057 10.8
    endloop
  endfacet
  facet normal 0 0 1
    outer loop
      vertex 111.9 34.4381 10.8
      vertex 110.8 32.5328 10.8
      vertex 110.887 32.4747 10.8
    endloop
  endfacet
  facet normal 0 0 1
    outer loop
      vertex 110.607 32.6127 10.8
      vertex 111.176 34.7378 10.8
      vertex 110.792 34.8143 10.8
    endloop
  endfacet
  facet normal 0 0 1
    outer loop
      vertex 111.548 34.6116 10.8
      vertex 110.706 32.5791 10.8
      vertex 110.8 32.5328 10.8
    endloop
  endfacet
  facet normal 0 0 1
    outer loop
      vertex 111.176 34.7378 10.8
      vertex 110.607 32.6127 10.8
      vertex 110.706 32.5791 10.8
    endloop
  endfacet
  facet normal 0 0 1
    outer loop
      vertex 110.792 34.8143 10.8
      vertex 110.504 32.6332 10.8
      vertex 110.607 32.6127 10.8
    endloop
  endfacet
  facet normal 0 0 1
    outer loop
      vertex 110.4 34.84 10.8
      vertex 110.504 32.6332 10.8
      vertex 110.792 34.8143 10.8
    endloop
  endfacet
  facet normal 0 0 1
    outer loop
      vertex 110.4 34.84 10.8
      vertex 110.4 32.64 10.8
      vertex 110.504 32.6332 10.8
    endloop
  endfacet
  facet normal 0 0 1
    outer loop
      vertex 110.4 34.84 10.8
      vertex 110.296 32.6332 10.8
      vertex 110.4 32.64 10.8
    endloop
  endfacet
  facet normal -0 0 1
    outer loop
      vertex 110.008 34.8143 10.8
      vertex 110.296 32.6332 10.8
      vertex 110.4 34.84 10.8
    endloop
  endfacet
  facet normal 0 0 1
    outer loop
      vertex 110.296 32.6332 10.8
      vertex 110.008 34.8143 10.8
      vertex 110.193 32.6127 10.8
    endloop
  endfacet
  facet normal -0 0 1
    outer loop
      vertex 109.624 34.7378 10.8
      vertex 110.193 32.6127 10.8
      vertex 110.008 34.8143 10.8
    endloop
  endfacet
  facet normal 0 0 1
    outer loop
      vertex 110.193 32.6127 10.8
      vertex 109.624 34.7378 10.8
      vertex 110.094 32.5791 10.8
    endloop
  endfacet
  facet normal -0 0 1
    outer loop
      vertex 109.252 34.6116 10.8
      vertex 110.094 32.5791 10.8
      vertex 109.624 34.7378 10.8
    endloop
  endfacet
  facet normal 0 0 1
    outer loop
      vertex 110.094 32.5791 10.8
      vertex 109.252 34.6116 10.8
      vertex 110 32.5328 10.8
    endloop
  endfacet
  facet normal -0 0 1
    outer loop
      vertex 108.9 34.4381 10.8
      vertex 110 32.5328 10.8
      vertex 109.252 34.6116 10.8
    endloop
  endfacet
  facet normal 0 0 1
    outer loop
      vertex 110 32.5328 10.8
      vertex 108.9 34.4381 10.8
      vertex 109.913 32.4747 10.8
    endloop
  endfacet
  facet normal -0 0 1
    outer loop
      vertex 108.574 34.2201 10.8
      vertex 109.913 32.4747 10.8
      vertex 108.9 34.4381 10.8
    endloop
  endfacet
  facet normal 0 0 1
    outer loop
      vertex 109.913 32.4747 10.8
      vertex 108.574 34.2201 10.8
      vertex 109.834 32.4057 10.8
    endloop
  endfacet
  facet normal -0 0 1
    outer loop
      vertex 108.279 33.9613 10.8
      vertex 109.834 32.4057 10.8
      vertex 108.574 34.2201 10.8
    endloop
  endfacet
  facet normal 0 0 1
    outer loop
      vertex 109.834 32.4057 10.8
      vertex 108.279 33.9613 10.8
      vertex 109.765 32.327 10.8
    endloop
  endfacet
  facet normal -0 0 1
    outer loop
      vertex 108.02 33.6663 10.8
      vertex 109.765 32.327 10.8
      vertex 108.279 33.9613 10.8
    endloop
  endfacet
  facet normal 0 0 1
    outer loop
      vertex 109.765 32.327 10.8
      vertex 108.02 33.6663 10.8
      vertex 109.707 32.24 10.8
    endloop
  endfacet
  facet normal -0 0 1
    outer loop
      vertex 111.035 31.353 10.8
      vertex 112.78 30.0137 10.8
      vertex 111.093 31.44 10.8
    endloop
  endfacet
  facet normal 0 0 1
    outer loop
      vertex 112.78 30.0137 10.8
      vertex 111.035 31.353 10.8
      vertex 112.521 29.7187 10.8
    endloop
  endfacet
  facet normal -0 0 1
    outer loop
      vertex 110.966 31.2743 10.8
      vertex 112.521 29.7187 10.8
      vertex 111.035 31.353 10.8
    endloop
  endfacet
  facet normal 0 0 1
    outer loop
      vertex 112.521 29.7187 10.8
      vertex 110.966 31.2743 10.8
      vertex 112.226 29.4599 10.8
    endloop
  endfacet
  facet normal -0 0 1
    outer loop
      vertex 110.887 31.2053 10.8
      vertex 112.226 29.4599 10.8
      vertex 110.966 31.2743 10.8
    endloop
  endfacet
  facet normal 0 0 1
    outer loop
      vertex 112.226 29.4599 10.8
      vertex 110.887 31.2053 10.8
      vertex 111.9 29.2419 10.8
    endloop
  endfacet
  facet normal -0 0 1
    outer loop
      vertex 110.8 31.1472 10.8
      vertex 111.9 29.2419 10.8
      vertex 110.887 31.2053 10.8
    endloop
  endfacet
  facet normal 0 0 1
    outer loop
      vertex 111.9 29.2419 10.8
      vertex 110.8 31.1472 10.8
      vertex 111.548 29.0684 10.8
    endloop
  endfacet
  facet normal -0 0 1
    outer loop
      vertex 110.706 31.1009 10.8
      vertex 111.548 29.0684 10.8
      vertex 110.8 31.1472 10.8
    endloop
  endfacet
  facet normal 0 0 1
    outer loop
      vertex 111.548 29.0684 10.8
      vertex 110.706 31.1009 10.8
      vertex 111.176 28.9422 10.8
    endloop
  endfacet
  facet normal -0 0 1
    outer loop
      vertex 110.607 31.0673 10.8
      vertex 111.176 28.9422 10.8
      vertex 110.706 31.1009 10.8
    endloop
  endfacet
  facet normal 0 0 1
    outer loop
      vertex 111.176 28.9422 10.8
      vertex 110.607 31.0673 10.8
      vertex 110.792 28.8657 10.8
    endloop
  endfacet
  facet normal -0 0 1
    outer loop
      vertex 110.504 31.0468 10.8
      vertex 110.792 28.8657 10.8
      vertex 110.607 31.0673 10.8
    endloop
  endfacet
  facet normal -0 0 1
    outer loop
      vertex 110.4 31.04 10.8
      vertex 110.792 28.8657 10.8
      vertex 110.504 31.0468 10.8
    endloop
  endfacet
  facet normal 0 0 1
    outer loop
      vertex 110.4 31.04 10.8
      vertex 110.4 28.84 10.8
      vertex 110.792 28.8657 10.8
    endloop
  endfacet
  facet normal 0 0 1
    outer loop
      vertex 110.296 31.0468 10.8
      vertex 110.4 28.84 10.8
      vertex 110.4 31.04 10.8
    endloop
  endfacet
  facet normal 0 0 1
    outer loop
      vertex 110.008 28.8657 10.8
      vertex 110.296 31.0468 10.8
      vertex 110.193 31.0673 10.8
    endloop
  endfacet
  facet normal 0 0 1
    outer loop
      vertex 109.624 28.9422 10.8
      vertex 110.193 31.0673 10.8
      vertex 110.094 31.1009 10.8
    endloop
  endfacet
  facet normal 0 0 1
    outer loop
      vertex 110.296 31.0468 10.8
      vertex 110.008 28.8657 10.8
      vertex 110.4 28.84 10.8
    endloop
  endfacet
  facet normal 0 0 1
    outer loop
      vertex 109.252 29.0684 10.8
      vertex 110.094 31.1009 10.8
      vertex 110 31.1472 10.8
    endloop
  endfacet
  facet normal 0 0 1
    outer loop
      vertex 108.9 29.2419 10.8
      vertex 110 31.1472 10.8
      vertex 109.913 31.2053 10.8
    endloop
  endfacet
  facet normal 0 0 1
    outer loop
      vertex 108.574 29.4599 10.8
      vertex 109.913 31.2053 10.8
      vertex 109.834 31.2743 10.8
    endloop
  endfacet
  facet normal 0 0 1
    outer loop
      vertex 108.279 29.7187 10.8
      vertex 109.834 31.2743 10.8
      vertex 109.765 31.353 10.8
    endloop
  endfacet
  facet normal 0 0 1
    outer loop
      vertex 108.02 30.0137 10.8
      vertex 109.765 31.353 10.8
      vertex 109.707 31.44 10.8
    endloop
  endfacet
  facet normal 0 0 1
    outer loop
      vertex 107.802 30.34 10.8
      vertex 109.707 31.44 10.8
      vertex 109.661 31.5339 10.8
    endloop
  endfacet
  facet normal 0 0 1
    outer loop
      vertex 107.628 30.6919 10.8
      vertex 109.661 31.5339 10.8
      vertex 109.627 31.6329 10.8
    endloop
  endfacet
  facet normal 0 0 1
    outer loop
      vertex 110.193 31.0673 10.8
      vertex 109.624 28.9422 10.8
      vertex 110.008 28.8657 10.8
    endloop
  endfacet
  facet normal 0 0 1
    outer loop
      vertex 107.502 31.0635 10.8
      vertex 109.627 31.6329 10.8
      vertex 109.607 31.7356 10.8
    endloop
  endfacet
  facet normal 0 0 1
    outer loop
      vertex 107.426 31.4484 10.8
      vertex 109.607 31.7356 10.8
      vertex 109.6 31.84 10.8
    endloop
  endfacet
  facet normal -0 0 1
    outer loop
      vertex 107.802 33.34 10.8
      vertex 109.707 32.24 10.8
      vertex 108.02 33.6663 10.8
    endloop
  endfacet
  facet normal 0 0 1
    outer loop
      vertex 110.094 31.1009 10.8
      vertex 109.252 29.0684 10.8
      vertex 109.624 28.9422 10.8
    endloop
  endfacet
  facet normal 0 0 1
    outer loop
      vertex 109.707 32.24 10.8
      vertex 107.802 33.34 10.8
      vertex 109.661 32.1461 10.8
    endloop
  endfacet
  facet normal 0 0 1
    outer loop
      vertex 110 31.1472 10.8
      vertex 108.9 29.2419 10.8
      vertex 109.252 29.0684 10.8
    endloop
  endfacet
  facet normal -0 0 1
    outer loop
      vertex 107.628 32.988 10.8
      vertex 109.661 32.1461 10.8
      vertex 107.802 33.34 10.8
    endloop
  endfacet
  facet normal 0 0 1
    outer loop
      vertex 109.913 31.2053 10.8
      vertex 108.574 29.4599 10.8
      vertex 108.9 29.2419 10.8
    endloop
  endfacet
  facet normal 0 0 1
    outer loop
      vertex 109.661 32.1461 10.8
      vertex 107.628 32.988 10.8
      vertex 109.627 32.0471 10.8
    endloop
  endfacet
  facet normal 0 0 1
    outer loop
      vertex 109.834 31.2743 10.8
      vertex 108.279 29.7187 10.8
      vertex 108.574 29.4599 10.8
    endloop
  endfacet
  facet normal -0 0 1
    outer loop
      vertex 107.502 32.6165 10.8
      vertex 109.627 32.0471 10.8
      vertex 107.628 32.988 10.8
    endloop
  endfacet
  facet normal 0 0 1
    outer loop
      vertex 109.765 31.353 10.8
      vertex 108.02 30.0137 10.8
      vertex 108.279 29.7187 10.8
    endloop
  endfacet
  facet normal 0 0 1
    outer loop
      vertex 109.627 32.0471 10.8
      vertex 107.502 32.6165 10.8
      vertex 109.607 31.9444 10.8
    endloop
  endfacet
  facet normal 0 0 1
    outer loop
      vertex 109.707 31.44 10.8
      vertex 107.802 30.34 10.8
      vertex 108.02 30.0137 10.8
    endloop
  endfacet
  facet normal -0 0 1
    outer loop
      vertex 107.426 32.2316 10.8
      vertex 109.607 31.9444 10.8
      vertex 107.502 32.6165 10.8
    endloop
  endfacet
  facet normal 0 0 1
    outer loop
      vertex 109.661 31.5339 10.8
      vertex 107.628 30.6919 10.8
      vertex 107.802 30.34 10.8
    endloop
  endfacet
  facet normal 0 0 1
    outer loop
      vertex 109.607 31.9444 10.8
      vertex 107.426 32.2316 10.8
      vertex 109.6 31.84 10.8
    endloop
  endfacet
  facet normal 0 0 1
    outer loop
      vertex 109.627 31.6329 10.8
      vertex 107.502 31.0635 10.8
      vertex 107.628 30.6919 10.8
    endloop
  endfacet
  facet normal 0 0 1
    outer loop
      vertex 107.4 31.84 10.8
      vertex 109.6 31.84 10.8
      vertex 107.426 32.2316 10.8
    endloop
  endfacet
  facet normal 0 0 1
    outer loop
      vertex 109.607 31.7356 10.8
      vertex 107.426 31.4484 10.8
      vertex 107.502 31.0635 10.8
    endloop
  endfacet
  facet normal 0 0 1
    outer loop
      vertex 109.6 31.84 10.8
      vertex 107.4 31.84 10.8
      vertex 107.426 31.4484 10.8
    endloop
  endfacet
  facet normal 0.831501 0.555523 0
    outer loop
      vertex 112.998 33.34 10.8
      vertex 112.78 33.6663 2.2
      vertex 112.78 33.6663 10.8
    endloop
  endfacet
  facet normal 0.831501 0.555523 0
    outer loop
      vertex 112.78 33.6663 2.2
      vertex 112.998 33.34 10.8
      vertex 112.998 33.34 2.2
    endloop
  endfacet
  facet normal 0.555877 0.831265 -0
    outer loop
      vertex 112.226 34.2201 2.2
      vertex 111.9 34.4381 10.8
      vertex 112.226 34.2201 10.8
    endloop
  endfacet
  facet normal 0.555877 0.831265 0
    outer loop
      vertex 111.9 34.4381 10.8
      vertex 112.226 34.2201 2.2
      vertex 111.9 34.4381 2.2
    endloop
  endfacet
  facet normal 0.896405 -0.443235 0
    outer loop
      vertex 112.998 30.34 10.8
      vertex 113.172 30.6919 2.2
      vertex 113.172 30.6919 10.8
    endloop
  endfacet
  facet normal 0.896405 -0.443235 0
    outer loop
      vertex 113.172 30.6919 2.2
      vertex 112.998 30.34 10.8
      vertex 112.998 30.34 2.2
    endloop
  endfacet
  facet normal 0.997803 -0.0662484 0
    outer loop
      vertex 113.374 31.4484 10.8
      vertex 113.4 31.84 2.2
      vertex 113.4 31.84 10.8
    endloop
  endfacet
  facet normal 0.997803 -0.0662484 0
    outer loop
      vertex 113.4 31.84 2.2
      vertex 113.374 31.4484 10.8
      vertex 113.374 31.4484 2.2
    endloop
  endfacet
  facet normal 0.321264 0.94699 -0
    outer loop
      vertex 111.548 34.6116 2.2
      vertex 111.176 34.7378 10.8
      vertex 111.548 34.6116 10.8
    endloop
  endfacet
  facet normal 0.321264 0.94699 0
    outer loop
      vertex 111.176 34.7378 10.8
      vertex 111.548 34.6116 2.2
      vertex 111.176 34.7378 2.2
    endloop
  endfacet
  facet normal -0.896455 0.443134 0
    outer loop
      vertex 107.628 32.988 2.2
      vertex 107.802 33.34 10.8
      vertex 107.802 33.34 2.2
    endloop
  endfacet
  facet normal -0.896455 0.443134 0
    outer loop
      vertex 107.802 33.34 10.8
      vertex 107.628 32.988 2.2
      vertex 107.628 32.988 10.8
    endloop
  endfacet
  facet normal -0.659478 0.751724 0
    outer loop
      vertex 108.574 34.2201 2.2
      vertex 108.279 33.9613 10.8
      vertex 108.574 34.2201 10.8
    endloop
  endfacet
  facet normal -0.659478 0.751724 0
    outer loop
      vertex 108.279 33.9613 10.8
      vertex 108.574 34.2201 2.2
      vertex 108.279 33.9613 2.2
    endloop
  endfacet
  facet normal 0.321264 -0.94699 0
    outer loop
      vertex 111.176 28.9422 2.2
      vertex 111.548 29.0684 10.8
      vertex 111.176 28.9422 10.8
    endloop
  endfacet
  facet normal 0.321264 -0.94699 0
    outer loop
      vertex 111.548 29.0684 10.8
      vertex 111.176 28.9422 2.2
      vertex 111.548 29.0684 2.2
    endloop
  endfacet
  facet normal -0.997803 -0.0662484 0
    outer loop
      vertex 107.426 31.4484 2.2
      vertex 107.4 31.84 10.8
      vertex 107.4 31.84 2.2
    endloop
  endfacet
  facet normal -0.997803 -0.0662484 0
    outer loop
      vertex 107.4 31.84 10.8
      vertex 107.426 31.4484 2.2
      vertex 107.426 31.4484 10.8
    endloop
  endfacet
  facet normal -0.659478 -0.751724 0
    outer loop
      vertex 108.279 29.7187 2.2
      vertex 108.574 29.4599 10.8
      vertex 108.279 29.7187 10.8
    endloop
  endfacet
  facet normal -0.659478 -0.751724 -0
    outer loop
      vertex 108.574 29.4599 10.8
      vertex 108.279 29.7187 2.2
      vertex 108.574 29.4599 2.2
    endloop
  endfacet
  facet normal -0.321264 0.94699 0
    outer loop
      vertex 109.624 34.7378 2.2
      vertex 109.252 34.6116 10.8
      vertex 109.624 34.7378 10.8
    endloop
  endfacet
  facet normal -0.321264 0.94699 0
    outer loop
      vertex 109.252 34.6116 10.8
      vertex 109.624 34.7378 2.2
      vertex 109.252 34.6116 2.2
    endloop
  endfacet
  facet normal -0.831501 -0.555523 0
    outer loop
      vertex 108.02 30.0137 2.2
      vertex 107.802 30.34 10.8
      vertex 107.802 30.34 2.2
    endloop
  endfacet
  facet normal -0.831501 -0.555523 0
    outer loop
      vertex 107.802 30.34 10.8
      vertex 108.02 30.0137 2.2
      vertex 108.02 30.0137 10.8
    endloop
  endfacet
  facet normal -0.555877 0.831265 0
    outer loop
      vertex 108.9 34.4381 2.2
      vertex 108.574 34.2201 10.8
      vertex 108.9 34.4381 10.8
    endloop
  endfacet
  facet normal -0.555877 0.831265 0
    outer loop
      vertex 108.574 34.2201 10.8
      vertex 108.9 34.4381 2.2
      vertex 108.574 34.2201 2.2
    endloop
  endfacet
  facet normal 0.195379 0.980728 -0
    outer loop
      vertex 111.176 34.7378 2.2
      vertex 110.792 34.8143 10.8
      vertex 111.176 34.7378 10.8
    endloop
  endfacet
  facet normal 0.195379 0.980728 0
    outer loop
      vertex 110.792 34.8143 10.8
      vertex 111.176 34.7378 2.2
      vertex 110.792 34.8143 2.2
    endloop
  endfacet
  facet normal -0.44211 0.896961 0
    outer loop
      vertex 109.252 34.6116 2.2
      vertex 108.9 34.4381 10.8
      vertex 109.252 34.6116 10.8
    endloop
  endfacet
  facet normal -0.44211 0.896961 0
    outer loop
      vertex 108.9 34.4381 10.8
      vertex 109.252 34.6116 2.2
      vertex 108.9 34.4381 2.2
    endloop
  endfacet
  facet normal 0.0654208 -0.997858 0
    outer loop
      vertex 110.4 28.84 2.2
      vertex 110.792 28.8657 10.8
      vertex 110.4 28.84 10.8
    endloop
  endfacet
  facet normal 0.0654208 -0.997858 0
    outer loop
      vertex 110.792 28.8657 10.8
      vertex 110.4 28.84 2.2
      vertex 110.792 28.8657 2.2
    endloop
  endfacet
  facet normal 0.659478 -0.751724 0
    outer loop
      vertex 112.226 29.4599 2.2
      vertex 112.521 29.7187 10.8
      vertex 112.226 29.4599 10.8
    endloop
  endfacet
  facet normal 0.659478 -0.751724 0
    outer loop
      vertex 112.521 29.7187 10.8
      vertex 112.226 29.4599 2.2
      vertex 112.521 29.7187 2.2
    endloop
  endfacet
  facet normal -0.94704 -0.321117 0
    outer loop
      vertex 107.628 30.6919 2.2
      vertex 107.502 31.0635 10.8
      vertex 107.502 31.0635 2.2
    endloop
  endfacet
  facet normal -0.94704 -0.321117 0
    outer loop
      vertex 107.502 31.0635 10.8
      vertex 107.628 30.6919 2.2
      vertex 107.628 30.6919 10.8
    endloop
  endfacet
  facet normal 0.94704 -0.321117 0
    outer loop
      vertex 113.172 30.6919 10.8
      vertex 113.298 31.0635 2.2
      vertex 113.298 31.0635 10.8
    endloop
  endfacet
  facet normal 0.94704 -0.321117 0
    outer loop
      vertex 113.298 31.0635 2.2
      vertex 113.172 30.6919 10.8
      vertex 113.172 30.6919 2.2
    endloop
  endfacet
  facet normal 0.44211 0.896961 -0
    outer loop
      vertex 111.9 34.4381 2.2
      vertex 111.548 34.6116 10.8
      vertex 111.9 34.4381 10.8
    endloop
  endfacet
  facet normal 0.44211 0.896961 0
    outer loop
      vertex 111.548 34.6116 10.8
      vertex 111.9 34.4381 2.2
      vertex 111.548 34.6116 2.2
    endloop
  endfacet
  facet normal -0.195379 0.980728 0
    outer loop
      vertex 110.008 34.8143 2.2
      vertex 109.624 34.7378 10.8
      vertex 110.008 34.8143 10.8
    endloop
  endfacet
  facet normal -0.195379 0.980728 0
    outer loop
      vertex 109.624 34.7378 10.8
      vertex 110.008 34.8143 2.2
      vertex 109.624 34.7378 2.2
    endloop
  endfacet
  facet normal 0.751471 0.659766 0
    outer loop
      vertex 112.78 33.6663 10.8
      vertex 112.521 33.9613 2.2
      vertex 112.521 33.9613 10.8
    endloop
  endfacet
  facet normal 0.751471 0.659766 0
    outer loop
      vertex 112.521 33.9613 2.2
      vertex 112.78 33.6663 10.8
      vertex 112.78 33.6663 2.2
    endloop
  endfacet
  facet normal 0.751471 -0.659766 0
    outer loop
      vertex 112.521 29.7187 10.8
      vertex 112.78 30.0137 2.2
      vertex 112.78 30.0137 10.8
    endloop
  endfacet
  facet normal 0.751471 -0.659766 0
    outer loop
      vertex 112.78 30.0137 2.2
      vertex 112.521 29.7187 10.8
      vertex 112.521 29.7187 2.2
    endloop
  endfacet
  facet normal -0.44211 -0.896961 0
    outer loop
      vertex 108.9 29.2419 2.2
      vertex 109.252 29.0684 10.8
      vertex 108.9 29.2419 10.8
    endloop
  endfacet
  facet normal -0.44211 -0.896961 -0
    outer loop
      vertex 109.252 29.0684 10.8
      vertex 108.9 29.2419 2.2
      vertex 109.252 29.0684 2.2
    endloop
  endfacet
  facet normal -0.947013 0.321194 0
    outer loop
      vertex 107.502 32.6165 2.2
      vertex 107.628 32.988 10.8
      vertex 107.628 32.988 2.2
    endloop
  endfacet
  facet normal -0.947013 0.321194 0
    outer loop
      vertex 107.628 32.988 10.8
      vertex 107.502 32.6165 2.2
      vertex 107.502 32.6165 10.8
    endloop
  endfacet
  facet normal 0.195379 -0.980728 0
    outer loop
      vertex 110.792 28.8657 2.2
      vertex 111.176 28.9422 10.8
      vertex 110.792 28.8657 10.8
    endloop
  endfacet
  facet normal 0.195379 -0.980728 0
    outer loop
      vertex 111.176 28.9422 10.8
      vertex 110.792 28.8657 2.2
      vertex 111.176 28.9422 2.2
    endloop
  endfacet
  facet normal 0.44211 -0.896961 0
    outer loop
      vertex 111.548 29.0684 2.2
      vertex 111.9 29.2419 10.8
      vertex 111.548 29.0684 10.8
    endloop
  endfacet
  facet normal 0.44211 -0.896961 0
    outer loop
      vertex 111.9 29.2419 10.8
      vertex 111.548 29.0684 2.2
      vertex 111.9 29.2419 2.2
    endloop
  endfacet
  facet normal 0 0 -1
    outer loop
      vertex 111.2 31.84 2.2
      vertex 113.4 31.84 2.2
      vertex 113.374 31.4484 2.2
    endloop
  endfacet
  facet normal 0 0 -1
    outer loop
      vertex 111.193 31.7356 2.2
      vertex 113.374 31.4484 2.2
      vertex 113.298 31.0635 2.2
    endloop
  endfacet
  facet normal 0 0 -1
    outer loop
      vertex 113.4 31.84 2.2
      vertex 111.2 31.84 2.2
      vertex 113.374 32.2316 2.2
    endloop
  endfacet
  facet normal 0 0 -1
    outer loop
      vertex 111.173 31.6329 2.2
      vertex 113.298 31.0635 2.2
      vertex 113.172 30.6919 2.2
    endloop
  endfacet
  facet normal 0 0 -1
    outer loop
      vertex 111.193 31.9444 2.2
      vertex 113.374 32.2316 2.2
      vertex 111.2 31.84 2.2
    endloop
  endfacet
  facet normal 0 0 -1
    outer loop
      vertex 111.139 31.5339 2.2
      vertex 113.172 30.6919 2.2
      vertex 112.998 30.34 2.2
    endloop
  endfacet
  facet normal -0 0 -1
    outer loop
      vertex 113.374 32.2316 2.2
      vertex 111.193 31.9444 2.2
      vertex 113.298 32.6165 2.2
    endloop
  endfacet
  facet normal 0 0 -1
    outer loop
      vertex 111.093 31.44 2.2
      vertex 112.998 30.34 2.2
      vertex 112.78 30.0137 2.2
    endloop
  endfacet
  facet normal 0 0 -1
    outer loop
      vertex 111.173 32.0471 2.2
      vertex 113.298 32.6165 2.2
      vertex 111.193 31.9444 2.2
    endloop
  endfacet
  facet normal 0 0 -1
    outer loop
      vertex 111.035 31.353 2.2
      vertex 112.78 30.0137 2.2
      vertex 112.521 29.7187 2.2
    endloop
  endfacet
  facet normal -0 0 -1
    outer loop
      vertex 113.298 32.6165 2.2
      vertex 111.173 32.0471 2.2
      vertex 113.172 32.988 2.2
    endloop
  endfacet
  facet normal 0 0 -1
    outer loop
      vertex 110.966 31.2743 2.2
      vertex 112.521 29.7187 2.2
      vertex 112.226 29.4599 2.2
    endloop
  endfacet
  facet normal 0 0 -1
    outer loop
      vertex 111.139 32.1461 2.2
      vertex 113.172 32.988 2.2
      vertex 111.173 32.0471 2.2
    endloop
  endfacet
  facet normal 0 0 -1
    outer loop
      vertex 110.887 31.2053 2.2
      vertex 112.226 29.4599 2.2
      vertex 111.9 29.2419 2.2
    endloop
  endfacet
  facet normal -0 0 -1
    outer loop
      vertex 113.172 32.988 2.2
      vertex 111.139 32.1461 2.2
      vertex 112.998 33.34 2.2
    endloop
  endfacet
  facet normal 0 0 -1
    outer loop
      vertex 110.8 31.1472 2.2
      vertex 111.9 29.2419 2.2
      vertex 111.548 29.0684 2.2
    endloop
  endfacet
  facet normal 0 0 -1
    outer loop
      vertex 111.093 32.24 2.2
      vertex 112.998 33.34 2.2
      vertex 111.139 32.1461 2.2
    endloop
  endfacet
  facet normal -0 0 -1
    outer loop
      vertex 112.998 33.34 2.2
      vertex 111.093 32.24 2.2
      vertex 112.78 33.6663 2.2
    endloop
  endfacet
  facet normal 0 0 -1
    outer loop
      vertex 113.374 31.4484 2.2
      vertex 111.193 31.7356 2.2
      vertex 111.2 31.84 2.2
    endloop
  endfacet
  facet normal 0 0 -1
    outer loop
      vertex 110.706 31.1009 2.2
      vertex 111.548 29.0684 2.2
      vertex 111.176 28.9422 2.2
    endloop
  endfacet
  facet normal 0 0 -1
    outer loop
      vertex 113.298 31.0635 2.2
      vertex 111.173 31.6329 2.2
      vertex 111.193 31.7356 2.2
    endloop
  endfacet
  facet normal 0 0 -1
    outer loop
      vertex 113.172 30.6919 2.2
      vertex 111.139 31.5339 2.2
      vertex 111.173 31.6329 2.2
    endloop
  endfacet
  facet normal 0 0 -1
    outer loop
      vertex 112.998 30.34 2.2
      vertex 111.093 31.44 2.2
      vertex 111.139 31.5339 2.2
    endloop
  endfacet
  facet normal 0 0 -1
    outer loop
      vertex 112.78 30.0137 2.2
      vertex 111.035 31.353 2.2
      vertex 111.093 31.44 2.2
    endloop
  endfacet
  facet normal 0 0 -1
    outer loop
      vertex 112.521 29.7187 2.2
      vertex 110.966 31.2743 2.2
      vertex 111.035 31.353 2.2
    endloop
  endfacet
  facet normal 0 0 -1
    outer loop
      vertex 112.226 29.4599 2.2
      vertex 110.887 31.2053 2.2
      vertex 110.966 31.2743 2.2
    endloop
  endfacet
  facet normal 0 0 -1
    outer loop
      vertex 111.9 29.2419 2.2
      vertex 110.8 31.1472 2.2
      vertex 110.887 31.2053 2.2
    endloop
  endfacet
  facet normal 0 0 -1
    outer loop
      vertex 110.607 31.0673 2.2
      vertex 111.176 28.9422 2.2
      vertex 110.792 28.8657 2.2
    endloop
  endfacet
  facet normal 0 0 -1
    outer loop
      vertex 111.548 29.0684 2.2
      vertex 110.706 31.1009 2.2
      vertex 110.8 31.1472 2.2
    endloop
  endfacet
  facet normal 0 0 -1
    outer loop
      vertex 111.176 28.9422 2.2
      vertex 110.607 31.0673 2.2
      vertex 110.706 31.1009 2.2
    endloop
  endfacet
  facet normal 0 0 -1
    outer loop
      vertex 110.792 28.8657 2.2
      vertex 110.504 31.0468 2.2
      vertex 110.607 31.0673 2.2
    endloop
  endfacet
  facet normal 0 0 -1
    outer loop
      vertex 110.4 28.84 2.2
      vertex 110.504 31.0468 2.2
      vertex 110.792 28.8657 2.2
    endloop
  endfacet
  facet normal 0 0 -1
    outer loop
      vertex 110.4 28.84 2.2
      vertex 110.4 31.04 2.2
      vertex 110.504 31.0468 2.2
    endloop
  endfacet
  facet normal 0 0 -1
    outer loop
      vertex 110.4 28.84 2.2
      vertex 110.296 31.0468 2.2
      vertex 110.4 31.04 2.2
    endloop
  endfacet
  facet normal 0 0 -1
    outer loop
      vertex 110.008 28.8657 2.2
      vertex 110.296 31.0468 2.2
      vertex 110.4 28.84 2.2
    endloop
  endfacet
  facet normal -0 0 -1
    outer loop
      vertex 110.296 31.0468 2.2
      vertex 110.008 28.8657 2.2
      vertex 110.193 31.0673 2.2
    endloop
  endfacet
  facet normal 0 0 -1
    outer loop
      vertex 109.624 28.9422 2.2
      vertex 110.193 31.0673 2.2
      vertex 110.008 28.8657 2.2
    endloop
  endfacet
  facet normal -0 0 -1
    outer loop
      vertex 110.193 31.0673 2.2
      vertex 109.624 28.9422 2.2
      vertex 110.094 31.1009 2.2
    endloop
  endfacet
  facet normal 0 0 -1
    outer loop
      vertex 109.252 29.0684 2.2
      vertex 110.094 31.1009 2.2
      vertex 109.624 28.9422 2.2
    endloop
  endfacet
  facet normal -0 0 -1
    outer loop
      vertex 110.094 31.1009 2.2
      vertex 109.252 29.0684 2.2
      vertex 110 31.1472 2.2
    endloop
  endfacet
  facet normal 0 0 -1
    outer loop
      vertex 108.9 29.2419 2.2
      vertex 110 31.1472 2.2
      vertex 109.252 29.0684 2.2
    endloop
  endfacet
  facet normal -0 0 -1
    outer loop
      vertex 110 31.1472 2.2
      vertex 108.9 29.2419 2.2
      vertex 109.913 31.2053 2.2
    endloop
  endfacet
  facet normal 0 0 -1
    outer loop
      vertex 108.574 29.4599 2.2
      vertex 109.913 31.2053 2.2
      vertex 108.9 29.2419 2.2
    endloop
  endfacet
  facet normal -0 0 -1
    outer loop
      vertex 109.913 31.2053 2.2
      vertex 108.574 29.4599 2.2
      vertex 109.834 31.2743 2.2
    endloop
  endfacet
  facet normal 0 0 -1
    outer loop
      vertex 108.279 29.7187 2.2
      vertex 109.834 31.2743 2.2
      vertex 108.574 29.4599 2.2
    endloop
  endfacet
  facet normal -0 0 -1
    outer loop
      vertex 109.834 31.2743 2.2
      vertex 108.279 29.7187 2.2
      vertex 109.765 31.353 2.2
    endloop
  endfacet
  facet normal 0 0 -1
    outer loop
      vertex 108.02 30.0137 2.2
      vertex 109.765 31.353 2.2
      vertex 108.279 29.7187 2.2
    endloop
  endfacet
  facet normal -0 0 -1
    outer loop
      vertex 109.765 31.353 2.2
      vertex 108.02 30.0137 2.2
      vertex 109.707 31.44 2.2
    endloop
  endfacet
  facet normal 0 0 -1
    outer loop
      vertex 111.035 32.327 2.2
      vertex 112.78 33.6663 2.2
      vertex 111.093 32.24 2.2
    endloop
  endfacet
  facet normal -0 0 -1
    outer loop
      vertex 112.78 33.6663 2.2
      vertex 111.035 32.327 2.2
      vertex 112.521 33.9613 2.2
    endloop
  endfacet
  facet normal 0 0 -1
    outer loop
      vertex 110.966 32.4057 2.2
      vertex 112.521 33.9613 2.2
      vertex 111.035 32.327 2.2
    endloop
  endfacet
  facet normal -0 0 -1
    outer loop
      vertex 112.521 33.9613 2.2
      vertex 110.966 32.4057 2.2
      vertex 112.226 34.2201 2.2
    endloop
  endfacet
  facet normal 0 0 -1
    outer loop
      vertex 110.887 32.4747 2.2
      vertex 112.226 34.2201 2.2
      vertex 110.966 32.4057 2.2
    endloop
  endfacet
  facet normal -0 0 -1
    outer loop
      vertex 112.226 34.2201 2.2
      vertex 110.887 32.4747 2.2
      vertex 111.9 34.4381 2.2
    endloop
  endfacet
  facet normal 0 0 -1
    outer loop
      vertex 110.8 32.5328 2.2
      vertex 111.9 34.4381 2.2
      vertex 110.887 32.4747 2.2
    endloop
  endfacet
  facet normal -0 0 -1
    outer loop
      vertex 111.9 34.4381 2.2
      vertex 110.8 32.5328 2.2
      vertex 111.548 34.6116 2.2
    endloop
  endfacet
  facet normal 0 0 -1
    outer loop
      vertex 110.706 32.5791 2.2
      vertex 111.548 34.6116 2.2
      vertex 110.8 32.5328 2.2
    endloop
  endfacet
  facet normal -0 0 -1
    outer loop
      vertex 111.548 34.6116 2.2
      vertex 110.706 32.5791 2.2
      vertex 111.176 34.7378 2.2
    endloop
  endfacet
  facet normal 0 0 -1
    outer loop
      vertex 110.607 32.6127 2.2
      vertex 111.176 34.7378 2.2
      vertex 110.706 32.5791 2.2
    endloop
  endfacet
  facet normal -0 0 -1
    outer loop
      vertex 111.176 34.7378 2.2
      vertex 110.607 32.6127 2.2
      vertex 110.792 34.8143 2.2
    endloop
  endfacet
  facet normal 0 0 -1
    outer loop
      vertex 110.504 32.6332 2.2
      vertex 110.792 34.8143 2.2
      vertex 110.607 32.6127 2.2
    endloop
  endfacet
  facet normal 0 0 -1
    outer loop
      vertex 110.4 32.64 2.2
      vertex 110.792 34.8143 2.2
      vertex 110.504 32.6332 2.2
    endloop
  endfacet
  facet normal 0 0 -1
    outer loop
      vertex 110.4 32.64 2.2
      vertex 110.4 34.84 2.2
      vertex 110.792 34.8143 2.2
    endloop
  endfacet
  facet normal 0 0 -1
    outer loop
      vertex 110.296 32.6332 2.2
      vertex 110.4 34.84 2.2
      vertex 110.4 32.64 2.2
    endloop
  endfacet
  facet normal 0 0 -1
    outer loop
      vertex 110.008 34.8143 2.2
      vertex 110.296 32.6332 2.2
      vertex 110.193 32.6127 2.2
    endloop
  endfacet
  facet normal 0 0 -1
    outer loop
      vertex 109.624 34.7378 2.2
      vertex 110.193 32.6127 2.2
      vertex 110.094 32.5791 2.2
    endloop
  endfacet
  facet normal 0 0 -1
    outer loop
      vertex 110.296 32.6332 2.2
      vertex 110.008 34.8143 2.2
      vertex 110.4 34.84 2.2
    endloop
  endfacet
  facet normal 0 0 -1
    outer loop
      vertex 109.252 34.6116 2.2
      vertex 110.094 32.5791 2.2
      vertex 110 32.5328 2.2
    endloop
  endfacet
  facet normal 0 0 -1
    outer loop
      vertex 108.9 34.4381 2.2
      vertex 110 32.5328 2.2
      vertex 109.913 32.4747 2.2
    endloop
  endfacet
  facet normal 0 0 -1
    outer loop
      vertex 108.574 34.2201 2.2
      vertex 109.913 32.4747 2.2
      vertex 109.834 32.4057 2.2
    endloop
  endfacet
  facet normal 0 0 -1
    outer loop
      vertex 108.279 33.9613 2.2
      vertex 109.834 32.4057 2.2
      vertex 109.765 32.327 2.2
    endloop
  endfacet
  facet normal 0 0 -1
    outer loop
      vertex 108.02 33.6663 2.2
      vertex 109.765 32.327 2.2
      vertex 109.707 32.24 2.2
    endloop
  endfacet
  facet normal 0 0 -1
    outer loop
      vertex 107.802 33.34 2.2
      vertex 109.707 32.24 2.2
      vertex 109.661 32.1461 2.2
    endloop
  endfacet
  facet normal 0 0 -1
    outer loop
      vertex 107.628 32.988 2.2
      vertex 109.661 32.1461 2.2
      vertex 109.627 32.0471 2.2
    endloop
  endfacet
  facet normal 0 0 -1
    outer loop
      vertex 110.193 32.6127 2.2
      vertex 109.624 34.7378 2.2
      vertex 110.008 34.8143 2.2
    endloop
  endfacet
  facet normal 0 0 -1
    outer loop
      vertex 107.502 32.6165 2.2
      vertex 109.627 32.0471 2.2
      vertex 109.607 31.9444 2.2
    endloop
  endfacet
  facet normal 0 0 -1
    outer loop
      vertex 107.426 32.2316 2.2
      vertex 109.607 31.9444 2.2
      vertex 109.6 31.84 2.2
    endloop
  endfacet
  facet normal 0 0 -1
    outer loop
      vertex 107.802 30.34 2.2
      vertex 109.707 31.44 2.2
      vertex 108.02 30.0137 2.2
    endloop
  endfacet
  facet normal 0 0 -1
    outer loop
      vertex 110.094 32.5791 2.2
      vertex 109.252 34.6116 2.2
      vertex 109.624 34.7378 2.2
    endloop
  endfacet
  facet normal -0 0 -1
    outer loop
      vertex 109.707 31.44 2.2
      vertex 107.802 30.34 2.2
      vertex 109.661 31.5339 2.2
    endloop
  endfacet
  facet normal 0 0 -1
    outer loop
      vertex 110 32.5328 2.2
      vertex 108.9 34.4381 2.2
      vertex 109.252 34.6116 2.2
    endloop
  endfacet
  facet normal 0 0 -1
    outer loop
      vertex 107.628 30.6919 2.2
      vertex 109.661 31.5339 2.2
      vertex 107.802 30.34 2.2
    endloop
  endfacet
  facet normal 0 0 -1
    outer loop
      vertex 109.913 32.4747 2.2
      vertex 108.574 34.2201 2.2
      vertex 108.9 34.4381 2.2
    endloop
  endfacet
  facet normal -0 0 -1
    outer loop
      vertex 109.661 31.5339 2.2
      vertex 107.628 30.6919 2.2
      vertex 109.627 31.6329 2.2
    endloop
  endfacet
  facet normal 0 0 -1
    outer loop
      vertex 109.834 32.4057 2.2
      vertex 108.279 33.9613 2.2
      vertex 108.574 34.2201 2.2
    endloop
  endfacet
  facet normal 0 0 -1
    outer loop
      vertex 107.502 31.0635 2.2
      vertex 109.627 31.6329 2.2
      vertex 107.628 30.6919 2.2
    endloop
  endfacet
  facet normal 0 0 -1
    outer loop
      vertex 109.765 32.327 2.2
      vertex 108.02 33.6663 2.2
      vertex 108.279 33.9613 2.2
    endloop
  endfacet
  facet normal -0 0 -1
    outer loop
      vertex 109.627 31.6329 2.2
      vertex 107.502 31.0635 2.2
      vertex 109.607 31.7356 2.2
    endloop
  endfacet
  facet normal 0 0 -1
    outer loop
      vertex 109.707 32.24 2.2
      vertex 107.802 33.34 2.2
      vertex 108.02 33.6663 2.2
    endloop
  endfacet
  facet normal 0 0 -1
    outer loop
      vertex 107.426 31.4484 2.2
      vertex 109.607 31.7356 2.2
      vertex 107.502 31.0635 2.2
    endloop
  endfacet
  facet normal 0 0 -1
    outer loop
      vertex 109.661 32.1461 2.2
      vertex 107.628 32.988 2.2
      vertex 107.802 33.34 2.2
    endloop
  endfacet
  facet normal -0 0 -1
    outer loop
      vertex 109.607 31.7356 2.2
      vertex 107.426 31.4484 2.2
      vertex 109.6 31.84 2.2
    endloop
  endfacet
  facet normal 0 0 -1
    outer loop
      vertex 109.627 32.0471 2.2
      vertex 107.502 32.6165 2.2
      vertex 107.628 32.988 2.2
    endloop
  endfacet
  facet normal 0 0 -1
    outer loop
      vertex 107.4 31.84 2.2
      vertex 109.6 31.84 2.2
      vertex 107.426 31.4484 2.2
    endloop
  endfacet
  facet normal 0 0 -1
    outer loop
      vertex 109.607 31.9444 2.2
      vertex 107.426 32.2316 2.2
      vertex 107.502 32.6165 2.2
    endloop
  endfacet
  facet normal 0 0 -1
    outer loop
      vertex 109.6 31.84 2.2
      vertex 107.4 31.84 2.2
      vertex 107.426 32.2316 2.2
    endloop
  endfacet
  facet normal -0.751471 0.659766 0
    outer loop
      vertex 108.02 33.6663 2.2
      vertex 108.279 33.9613 10.8
      vertex 108.279 33.9613 2.2
    endloop
  endfacet
  facet normal -0.751471 0.659766 0
    outer loop
      vertex 108.279 33.9613 10.8
      vertex 108.02 33.6663 2.2
      vertex 108.02 33.6663 10.8
    endloop
  endfacet
  facet normal 0.659478 0.751724 -0
    outer loop
      vertex 112.521 33.9613 2.2
      vertex 112.226 34.2201 10.8
      vertex 112.521 33.9613 10.8
    endloop
  endfacet
  facet normal 0.659478 0.751724 0
    outer loop
      vertex 112.226 34.2201 10.8
      vertex 112.521 33.9613 2.2
      vertex 112.226 34.2201 2.2
    endloop
  endfacet
  facet normal -0.896405 -0.443235 0
    outer loop
      vertex 107.802 30.34 2.2
      vertex 107.628 30.6919 10.8
      vertex 107.628 30.6919 2.2
    endloop
  endfacet
  facet normal -0.896405 -0.443235 0
    outer loop
      vertex 107.628 30.6919 10.8
      vertex 107.802 30.34 2.2
      vertex 107.802 30.34 10.8
    endloop
  endfacet
  facet normal -0.997803 0.0662484 0
    outer loop
      vertex 107.4 31.84 2.2
      vertex 107.426 32.2316 10.8
      vertex 107.426 32.2316 2.2
    endloop
  endfacet
  facet normal -0.997803 0.0662484 0
    outer loop
      vertex 107.426 32.2316 10.8
      vertex 107.4 31.84 2.2
      vertex 107.4 31.84 10.8
    endloop
  endfacet
  facet normal 0.831501 -0.555523 0
    outer loop
      vertex 112.78 30.0137 10.8
      vertex 112.998 30.34 2.2
      vertex 112.998 30.34 10.8
    endloop
  endfacet
  facet normal 0.831501 -0.555523 0
    outer loop
      vertex 112.998 30.34 2.2
      vertex 112.78 30.0137 10.8
      vertex 112.78 30.0137 2.2
    endloop
  endfacet
  facet normal 0.896455 0.443134 0
    outer loop
      vertex 113.172 32.988 10.8
      vertex 112.998 33.34 2.2
      vertex 112.998 33.34 10.8
    endloop
  endfacet
  facet normal 0.896455 0.443134 0
    outer loop
      vertex 112.998 33.34 2.2
      vertex 113.172 32.988 10.8
      vertex 113.172 32.988 2.2
    endloop
  endfacet
  facet normal -0.0654208 -0.997858 0
    outer loop
      vertex 110.008 28.8657 2.2
      vertex 110.4 28.84 10.8
      vertex 110.008 28.8657 10.8
    endloop
  endfacet
  facet normal -0.0654208 -0.997858 -0
    outer loop
      vertex 110.4 28.84 10.8
      vertex 110.008 28.8657 2.2
      vertex 110.4 28.84 2.2
    endloop
  endfacet
  facet normal -0.555877 -0.831265 0
    outer loop
      vertex 108.574 29.4599 2.2
      vertex 108.9 29.2419 10.8
      vertex 108.574 29.4599 10.8
    endloop
  endfacet
  facet normal -0.555877 -0.831265 -0
    outer loop
      vertex 108.9 29.2419 10.8
      vertex 108.574 29.4599 2.2
      vertex 108.9 29.2419 2.2
    endloop
  endfacet
  facet normal 0.555877 -0.831265 0
    outer loop
      vertex 111.9 29.2419 2.2
      vertex 112.226 29.4599 10.8
      vertex 111.9 29.2419 10.8
    endloop
  endfacet
  facet normal 0.555877 -0.831265 0
    outer loop
      vertex 112.226 29.4599 10.8
      vertex 111.9 29.2419 2.2
      vertex 112.226 29.4599 2.2
    endloop
  endfacet
  facet normal 0.947013 0.321194 0
    outer loop
      vertex 113.298 32.6165 10.8
      vertex 113.172 32.988 2.2
      vertex 113.172 32.988 10.8
    endloop
  endfacet
  facet normal 0.947013 0.321194 0
    outer loop
      vertex 113.172 32.988 2.2
      vertex 113.298 32.6165 10.8
      vertex 113.298 32.6165 2.2
    endloop
  endfacet
  facet normal -0.981058 0.193714 0
    outer loop
      vertex 107.426 32.2316 2.2
      vertex 107.502 32.6165 10.8
      vertex 107.502 32.6165 2.2
    endloop
  endfacet
  facet normal -0.981058 0.193714 0
    outer loop
      vertex 107.502 32.6165 10.8
      vertex 107.426 32.2316 2.2
      vertex 107.426 32.2316 10.8
    endloop
  endfacet
  facet normal -0.0654208 0.997858 0
    outer loop
      vertex 110.4 34.84 2.2
      vertex 110.008 34.8143 10.8
      vertex 110.4 34.84 10.8
    endloop
  endfacet
  facet normal -0.0654208 0.997858 0
    outer loop
      vertex 110.008 34.8143 10.8
      vertex 110.4 34.84 2.2
      vertex 110.008 34.8143 2.2
    endloop
  endfacet
  facet normal -0.321264 -0.94699 0
    outer loop
      vertex 109.252 29.0684 2.2
      vertex 109.624 28.9422 10.8
      vertex 109.252 29.0684 10.8
    endloop
  endfacet
  facet normal -0.321264 -0.94699 -0
    outer loop
      vertex 109.624 28.9422 10.8
      vertex 109.252 29.0684 2.2
      vertex 109.624 28.9422 2.2
    endloop
  endfacet
  facet normal -0.981058 -0.193714 0
    outer loop
      vertex 107.502 31.0635 2.2
      vertex 107.426 31.4484 10.8
      vertex 107.426 31.4484 2.2
    endloop
  endfacet
  facet normal -0.981058 -0.193714 0
    outer loop
      vertex 107.426 31.4484 10.8
      vertex 107.502 31.0635 2.2
      vertex 107.502 31.0635 10.8
    endloop
  endfacet
  facet normal -0.751471 -0.659766 0
    outer loop
      vertex 108.279 29.7187 2.2
      vertex 108.02 30.0137 10.8
      vertex 108.02 30.0137 2.2
    endloop
  endfacet
  facet normal -0.751471 -0.659766 0
    outer loop
      vertex 108.02 30.0137 10.8
      vertex 108.279 29.7187 2.2
      vertex 108.279 29.7187 10.8
    endloop
  endfacet
  facet normal 0.0654208 0.997858 -0
    outer loop
      vertex 110.792 34.8143 2.2
      vertex 110.4 34.84 10.8
      vertex 110.792 34.8143 10.8
    endloop
  endfacet
  facet normal 0.0654208 0.997858 0
    outer loop
      vertex 110.4 34.84 10.8
      vertex 110.792 34.8143 2.2
      vertex 110.4 34.84 2.2
    endloop
  endfacet
  facet normal -0.195379 -0.980728 0
    outer loop
      vertex 109.624 28.9422 2.2
      vertex 110.008 28.8657 10.8
      vertex 109.624 28.9422 10.8
    endloop
  endfacet
  facet normal -0.195379 -0.980728 -0
    outer loop
      vertex 110.008 28.8657 10.8
      vertex 109.624 28.9422 2.2
      vertex 110.008 28.8657 2.2
    endloop
  endfacet
  facet normal -0.831501 0.555523 0
    outer loop
      vertex 107.802 33.34 2.2
      vertex 108.02 33.6663 10.8
      vertex 108.02 33.6663 2.2
    endloop
  endfacet
  facet normal -0.831501 0.555523 0
    outer loop
      vertex 108.02 33.6663 10.8
      vertex 107.802 33.34 2.2
      vertex 107.802 33.34 10.8
    endloop
  endfacet
  facet normal -0.1952 -0.980763 0
    outer loop
      vertex 110.504 32.6332 2.2
      vertex 110.607 32.6127 10.8
      vertex 110.504 32.6332 10.8
    endloop
  endfacet
  facet normal -0.1952 -0.980763 -0
    outer loop
      vertex 110.607 32.6127 10.8
      vertex 110.504 32.6332 2.2
      vertex 110.607 32.6127 2.2
    endloop
  endfacet
  facet normal -0.981561 -0.191151 0
    outer loop
      vertex 111.193 31.9444 2.2
      vertex 111.173 32.0471 10.8
      vertex 111.173 32.0471 2.2
    endloop
  endfacet
  facet normal -0.981561 -0.191151 0
    outer loop
      vertex 111.173 32.0471 10.8
      vertex 111.193 31.9444 2.2
      vertex 111.193 31.9444 10.8
    endloop
  endfacet
  facet normal -0.99776 -0.0668996 0
    outer loop
      vertex 111.2 31.84 2.2
      vertex 111.193 31.9444 10.8
      vertex 111.193 31.9444 2.2
    endloop
  endfacet
  facet normal -0.99776 -0.0668996 0
    outer loop
      vertex 111.193 31.9444 10.8
      vertex 111.2 31.84 2.2
      vertex 111.2 31.84 10.8
    endloop
  endfacet
  facet normal -0.945778 -0.324813 0
    outer loop
      vertex 111.173 32.0471 2.2
      vertex 111.139 32.1461 10.8
      vertex 111.139 32.1461 2.2
    endloop
  endfacet
  facet normal -0.945778 -0.324813 0
    outer loop
      vertex 111.139 32.1461 10.8
      vertex 111.173 32.0471 2.2
      vertex 111.173 32.0471 10.8
    endloop
  endfacet
  facet normal -0.83205 -0.5547 0
    outer loop
      vertex 111.093 32.24 2.2
      vertex 111.035 32.327 10.8
      vertex 111.035 32.327 2.2
    endloop
  endfacet
  facet normal -0.83205 -0.5547 0
    outer loop
      vertex 111.035 32.327 10.8
      vertex 111.093 32.24 2.2
      vertex 111.093 32.24 10.8
    endloop
  endfacet
  facet normal -0.321388 -0.946948 0
    outer loop
      vertex 110.607 32.6127 2.2
      vertex 110.706 32.5791 10.8
      vertex 110.607 32.6127 10.8
    endloop
  endfacet
  facet normal -0.321388 -0.946948 -0
    outer loop
      vertex 110.706 32.5791 10.8
      vertex 110.607 32.6127 2.2
      vertex 110.706 32.5791 2.2
    endloop
  endfacet
  facet normal -0.99776 0.0668996 0
    outer loop
      vertex 111.193 31.7356 2.2
      vertex 111.2 31.84 10.8
      vertex 111.2 31.84 2.2
    endloop
  endfacet
  facet normal -0.99776 0.0668996 0
    outer loop
      vertex 111.2 31.84 10.8
      vertex 111.193 31.7356 2.2
      vertex 111.193 31.7356 10.8
    endloop
  endfacet
  facet normal 0.555362 0.831609 -0
    outer loop
      vertex 110 31.1472 2.2
      vertex 109.913 31.2053 10.8
      vertex 110 31.1472 10.8
    endloop
  endfacet
  facet normal 0.555362 0.831609 0
    outer loop
      vertex 109.913 31.2053 10.8
      vertex 110 31.1472 2.2
      vertex 109.913 31.2053 2.2
    endloop
  endfacet
  facet normal 0.321388 0.946948 -0
    outer loop
      vertex 110.193 31.0673 2.2
      vertex 110.094 31.1009 10.8
      vertex 110.193 31.0673 10.8
    endloop
  endfacet
  facet normal 0.321388 0.946948 0
    outer loop
      vertex 110.094 31.1009 10.8
      vertex 110.193 31.0673 2.2
      vertex 110.094 31.1009 2.2
    endloop
  endfacet
  facet normal -0.898032 -0.43993 0
    outer loop
      vertex 111.139 32.1461 2.2
      vertex 111.093 32.24 10.8
      vertex 111.093 32.24 2.2
    endloop
  endfacet
  facet normal -0.898032 -0.43993 0
    outer loop
      vertex 111.093 32.24 10.8
      vertex 111.139 32.1461 2.2
      vertex 111.139 32.1461 10.8
    endloop
  endfacet
  facet normal 0.321388 -0.946948 0
    outer loop
      vertex 110.094 32.5791 2.2
      vertex 110.193 32.6127 10.8
      vertex 110.094 32.5791 10.8
    endloop
  endfacet
  facet normal 0.321388 -0.946948 0
    outer loop
      vertex 110.193 32.6127 10.8
      vertex 110.094 32.5791 2.2
      vertex 110.193 32.6127 2.2
    endloop
  endfacet
  facet normal -0.751925 -0.659248 0
    outer loop
      vertex 111.035 32.327 2.2
      vertex 110.966 32.4057 10.8
      vertex 110.966 32.4057 2.2
    endloop
  endfacet
  facet normal -0.751925 -0.659248 0
    outer loop
      vertex 110.966 32.4057 10.8
      vertex 111.035 32.327 2.2
      vertex 111.035 32.327 10.8
    endloop
  endfacet
  facet normal -0.945778 0.324813 0
    outer loop
      vertex 111.139 31.5339 2.2
      vertex 111.173 31.6329 10.8
      vertex 111.173 31.6329 2.2
    endloop
  endfacet
  facet normal -0.945778 0.324813 0
    outer loop
      vertex 111.173 31.6329 10.8
      vertex 111.139 31.5339 2.2
      vertex 111.139 31.5339 10.8
    endloop
  endfacet
  facet normal 0.751925 0.659248 0
    outer loop
      vertex 109.834 31.2743 10.8
      vertex 109.765 31.353 2.2
      vertex 109.765 31.353 10.8
    endloop
  endfacet
  facet normal 0.751925 0.659248 0
    outer loop
      vertex 109.765 31.353 2.2
      vertex 109.834 31.2743 10.8
      vertex 109.834 31.2743 2.2
    endloop
  endfacet
  facet normal -0.981561 0.191151 0
    outer loop
      vertex 111.173 31.6329 2.2
      vertex 111.193 31.7356 10.8
      vertex 111.193 31.7356 2.2
    endloop
  endfacet
  facet normal -0.981561 0.191151 0
    outer loop
      vertex 111.193 31.7356 10.8
      vertex 111.173 31.6329 2.2
      vertex 111.173 31.6329 10.8
    endloop
  endfacet
  facet normal 0.657829 -0.753167 0
    outer loop
      vertex 109.834 32.4057 2.2
      vertex 109.913 32.4747 10.8
      vertex 109.834 32.4057 10.8
    endloop
  endfacet
  facet normal 0.657829 -0.753167 0
    outer loop
      vertex 109.913 32.4747 10.8
      vertex 109.834 32.4057 2.2
      vertex 109.913 32.4747 2.2
    endloop
  endfacet
  facet normal 0.945778 0.324813 0
    outer loop
      vertex 109.661 31.5339 10.8
      vertex 109.627 31.6329 2.2
      vertex 109.627 31.6329 10.8
    endloop
  endfacet
  facet normal 0.945778 0.324813 0
    outer loop
      vertex 109.627 31.6329 2.2
      vertex 109.661 31.5339 10.8
      vertex 109.661 31.5339 2.2
    endloop
  endfacet
  facet normal -0.83205 0.5547 0
    outer loop
      vertex 111.035 31.353 2.2
      vertex 111.093 31.44 10.8
      vertex 111.093 31.44 2.2
    endloop
  endfacet
  facet normal -0.83205 0.5547 0
    outer loop
      vertex 111.093 31.44 10.8
      vertex 111.035 31.353 2.2
      vertex 111.035 31.353 10.8
    endloop
  endfacet
  facet normal -0.441861 -0.897083 0
    outer loop
      vertex 110.706 32.5791 2.2
      vertex 110.8 32.5328 10.8
      vertex 110.706 32.5791 10.8
    endloop
  endfacet
  facet normal -0.441861 -0.897083 -0
    outer loop
      vertex 110.8 32.5328 10.8
      vertex 110.706 32.5791 2.2
      vertex 110.8 32.5328 2.2
    endloop
  endfacet
  facet normal 0.441861 -0.897083 0
    outer loop
      vertex 110 32.5328 2.2
      vertex 110.094 32.5791 10.8
      vertex 110 32.5328 10.8
    endloop
  endfacet
  facet normal 0.441861 -0.897083 0
    outer loop
      vertex 110.094 32.5791 10.8
      vertex 110 32.5328 2.2
      vertex 110.094 32.5791 2.2
    endloop
  endfacet
  facet normal -0.441861 0.897083 0
    outer loop
      vertex 110.8 31.1472 2.2
      vertex 110.706 31.1009 10.8
      vertex 110.8 31.1472 10.8
    endloop
  endfacet
  facet normal -0.441861 0.897083 0
    outer loop
      vertex 110.706 31.1009 10.8
      vertex 110.8 31.1472 2.2
      vertex 110.706 31.1009 2.2
    endloop
  endfacet
  facet normal -0.321388 0.946948 0
    outer loop
      vertex 110.706 31.1009 2.2
      vertex 110.607 31.0673 10.8
      vertex 110.706 31.1009 10.8
    endloop
  endfacet
  facet normal -0.321388 0.946948 0
    outer loop
      vertex 110.607 31.0673 10.8
      vertex 110.706 31.1009 2.2
      vertex 110.607 31.0673 2.2
    endloop
  endfacet
  facet normal 0.898032 0.43993 0
    outer loop
      vertex 109.707 31.44 10.8
      vertex 109.661 31.5339 2.2
      vertex 109.661 31.5339 10.8
    endloop
  endfacet
  facet normal 0.898032 0.43993 0
    outer loop
      vertex 109.661 31.5339 2.2
      vertex 109.707 31.44 10.8
      vertex 109.707 31.44 2.2
    endloop
  endfacet
  facet normal 0.981561 0.191151 0
    outer loop
      vertex 109.627 31.6329 10.8
      vertex 109.607 31.7356 2.2
      vertex 109.607 31.7356 10.8
    endloop
  endfacet
  facet normal 0.981561 0.191151 0
    outer loop
      vertex 109.607 31.7356 2.2
      vertex 109.627 31.6329 10.8
      vertex 109.627 31.6329 2.2
    endloop
  endfacet
  facet normal 0.555362 -0.831609 0
    outer loop
      vertex 109.913 32.4747 2.2
      vertex 110 32.5328 10.8
      vertex 109.913 32.4747 10.8
    endloop
  endfacet
  facet normal 0.555362 -0.831609 0
    outer loop
      vertex 110 32.5328 10.8
      vertex 109.913 32.4747 2.2
      vertex 110 32.5328 2.2
    endloop
  endfacet
  facet normal -0.555362 0.831609 0
    outer loop
      vertex 110.887 31.2053 2.2
      vertex 110.8 31.1472 10.8
      vertex 110.887 31.2053 10.8
    endloop
  endfacet
  facet normal -0.555362 0.831609 0
    outer loop
      vertex 110.8 31.1472 10.8
      vertex 110.887 31.2053 2.2
      vertex 110.8 31.1472 2.2
    endloop
  endfacet
  facet normal -0.1952 0.980763 0
    outer loop
      vertex 110.607 31.0673 2.2
      vertex 110.504 31.0468 10.8
      vertex 110.607 31.0673 10.8
    endloop
  endfacet
  facet normal -0.1952 0.980763 0
    outer loop
      vertex 110.504 31.0468 10.8
      vertex 110.607 31.0673 2.2
      vertex 110.504 31.0468 2.2
    endloop
  endfacet
  facet normal -0.657829 -0.753167 0
    outer loop
      vertex 110.887 32.4747 2.2
      vertex 110.966 32.4057 10.8
      vertex 110.887 32.4747 10.8
    endloop
  endfacet
  facet normal -0.657829 -0.753167 -0
    outer loop
      vertex 110.966 32.4057 10.8
      vertex 110.887 32.4747 2.2
      vertex 110.966 32.4057 2.2
    endloop
  endfacet
  facet normal 0.945778 -0.324813 0
    outer loop
      vertex 109.627 32.0471 10.8
      vertex 109.661 32.1461 2.2
      vertex 109.661 32.1461 10.8
    endloop
  endfacet
  facet normal 0.945778 -0.324813 0
    outer loop
      vertex 109.661 32.1461 2.2
      vertex 109.627 32.0471 10.8
      vertex 109.627 32.0471 2.2
    endloop
  endfacet
  facet normal 0.0652453 -0.997869 0
    outer loop
      vertex 110.296 32.6332 2.2
      vertex 110.4 32.64 10.8
      vertex 110.296 32.6332 10.8
    endloop
  endfacet
  facet normal 0.0652453 -0.997869 0
    outer loop
      vertex 110.4 32.64 10.8
      vertex 110.296 32.6332 2.2
      vertex 110.4 32.64 2.2
    endloop
  endfacet
  facet normal -0.0652453 0.997869 0
    outer loop
      vertex 110.504 31.0468 2.2
      vertex 110.4 31.04 10.8
      vertex 110.504 31.0468 10.8
    endloop
  endfacet
  facet normal -0.0652453 0.997869 0
    outer loop
      vertex 110.4 31.04 10.8
      vertex 110.504 31.0468 2.2
      vertex 110.4 31.04 2.2
    endloop
  endfacet
  facet normal 0.1952 -0.980763 0
    outer loop
      vertex 110.193 32.6127 2.2
      vertex 110.296 32.6332 10.8
      vertex 110.193 32.6127 10.8
    endloop
  endfacet
  facet normal 0.1952 -0.980763 0
    outer loop
      vertex 110.296 32.6332 10.8
      vertex 110.193 32.6127 2.2
      vertex 110.296 32.6332 2.2
    endloop
  endfacet
  facet normal 0.657829 0.753167 -0
    outer loop
      vertex 109.913 31.2053 2.2
      vertex 109.834 31.2743 10.8
      vertex 109.913 31.2053 10.8
    endloop
  endfacet
  facet normal 0.657829 0.753167 0
    outer loop
      vertex 109.834 31.2743 10.8
      vertex 109.913 31.2053 2.2
      vertex 109.834 31.2743 2.2
    endloop
  endfacet
  facet normal 0.898032 -0.43993 0
    outer loop
      vertex 109.661 32.1461 10.8
      vertex 109.707 32.24 2.2
      vertex 109.707 32.24 10.8
    endloop
  endfacet
  facet normal 0.898032 -0.43993 0
    outer loop
      vertex 109.707 32.24 2.2
      vertex 109.661 32.1461 10.8
      vertex 109.661 32.1461 2.2
    endloop
  endfacet
  facet normal -0.898032 0.43993 0
    outer loop
      vertex 111.093 31.44 2.2
      vertex 111.139 31.5339 10.8
      vertex 111.139 31.5339 2.2
    endloop
  endfacet
  facet normal -0.898032 0.43993 0
    outer loop
      vertex 111.139 31.5339 10.8
      vertex 111.093 31.44 2.2
      vertex 111.093 31.44 10.8
    endloop
  endfacet
  facet normal -0.751925 0.659248 0
    outer loop
      vertex 110.966 31.2743 2.2
      vertex 111.035 31.353 10.8
      vertex 111.035 31.353 2.2
    endloop
  endfacet
  facet normal -0.751925 0.659248 0
    outer loop
      vertex 111.035 31.353 10.8
      vertex 110.966 31.2743 2.2
      vertex 110.966 31.2743 10.8
    endloop
  endfacet
  facet normal 0.0652453 0.997869 -0
    outer loop
      vertex 110.4 31.04 2.2
      vertex 110.296 31.0468 10.8
      vertex 110.4 31.04 10.8
    endloop
  endfacet
  facet normal 0.0652453 0.997869 0
    outer loop
      vertex 110.296 31.0468 10.8
      vertex 110.4 31.04 2.2
      vertex 110.296 31.0468 2.2
    endloop
  endfacet
  facet normal -0.0652453 -0.997869 0
    outer loop
      vertex 110.4 32.64 2.2
      vertex 110.504 32.6332 10.8
      vertex 110.4 32.64 10.8
    endloop
  endfacet
  facet normal -0.0652453 -0.997869 -0
    outer loop
      vertex 110.504 32.6332 10.8
      vertex 110.4 32.64 2.2
      vertex 110.504 32.6332 2.2
    endloop
  endfacet
  facet normal -0.555362 -0.831609 0
    outer loop
      vertex 110.8 32.5328 2.2
      vertex 110.887 32.4747 10.8
      vertex 110.8 32.5328 10.8
    endloop
  endfacet
  facet normal -0.555362 -0.831609 -0
    outer loop
      vertex 110.887 32.4747 10.8
      vertex 110.8 32.5328 2.2
      vertex 110.887 32.4747 2.2
    endloop
  endfacet
  facet normal 0.99776 0.0668996 0
    outer loop
      vertex 109.607 31.7356 10.8
      vertex 109.6 31.84 2.2
      vertex 109.6 31.84 10.8
    endloop
  endfacet
  facet normal 0.99776 0.0668996 0
    outer loop
      vertex 109.6 31.84 2.2
      vertex 109.607 31.7356 10.8
      vertex 109.607 31.7356 2.2
    endloop
  endfacet
  facet normal 0.751925 -0.659248 0
    outer loop
      vertex 109.765 32.327 10.8
      vertex 109.834 32.4057 2.2
      vertex 109.834 32.4057 10.8
    endloop
  endfacet
  facet normal 0.751925 -0.659248 0
    outer loop
      vertex 109.834 32.4057 2.2
      vertex 109.765 32.327 10.8
      vertex 109.765 32.327 2.2
    endloop
  endfacet
  facet normal 0.1952 0.980763 -0
    outer loop
      vertex 110.296 31.0468 2.2
      vertex 110.193 31.0673 10.8
      vertex 110.296 31.0468 10.8
    endloop
  endfacet
  facet normal 0.1952 0.980763 0
    outer loop
      vertex 110.193 31.0673 10.8
      vertex 110.296 31.0468 2.2
      vertex 110.193 31.0673 2.2
    endloop
  endfacet
  facet normal 0.981561 -0.191151 0
    outer loop
      vertex 109.607 31.9444 10.8
      vertex 109.627 32.0471 2.2
      vertex 109.627 32.0471 10.8
    endloop
  endfacet
  facet normal 0.981561 -0.191151 0
    outer loop
      vertex 109.627 32.0471 2.2
      vertex 109.607 31.9444 10.8
      vertex 109.607 31.9444 2.2
    endloop
  endfacet
  facet normal 0.99776 -0.0668996 0
    outer loop
      vertex 109.6 31.84 10.8
      vertex 109.607 31.9444 2.2
      vertex 109.607 31.9444 10.8
    endloop
  endfacet
  facet normal 0.99776 -0.0668996 0
    outer loop
      vertex 109.607 31.9444 2.2
      vertex 109.6 31.84 10.8
      vertex 109.6 31.84 2.2
    endloop
  endfacet
  facet normal 0.441861 0.897083 -0
    outer loop
      vertex 110.094 31.1009 2.2
      vertex 110 31.1472 10.8
      vertex 110.094 31.1009 10.8
    endloop
  endfacet
  facet normal 0.441861 0.897083 0
    outer loop
      vertex 110 31.1472 10.8
      vertex 110.094 31.1009 2.2
      vertex 110 31.1472 2.2
    endloop
  endfacet
  facet normal -0.657829 0.753167 0
    outer loop
      vertex 110.966 31.2743 2.2
      vertex 110.887 31.2053 10.8
      vertex 110.966 31.2743 10.8
    endloop
  endfacet
  facet normal -0.657829 0.753167 0
    outer loop
      vertex 110.887 31.2053 10.8
      vertex 110.966 31.2743 2.2
      vertex 110.887 31.2053 2.2
    endloop
  endfacet
  facet normal 0.83205 -0.5547 0
    outer loop
      vertex 109.707 32.24 10.8
      vertex 109.765 32.327 2.2
      vertex 109.765 32.327 10.8
    endloop
  endfacet
  facet normal 0.83205 -0.5547 0
    outer loop
      vertex 109.765 32.327 2.2
      vertex 109.707 32.24 10.8
      vertex 109.707 32.24 2.2
    endloop
  endfacet
  facet normal 0.83205 0.5547 0
    outer loop
      vertex 109.765 31.353 10.8
      vertex 109.707 31.44 2.2
      vertex 109.707 31.44 10.8
    endloop
  endfacet
  facet normal 0.83205 0.5547 0
    outer loop
      vertex 109.707 31.44 2.2
      vertex 109.765 31.353 10.8
      vertex 109.765 31.353 2.2
    endloop
  endfacet
  facet normal -1 0 0
    outer loop
      vertex 3.1 5.6 10.8
      vertex 3.1 32.24 13.3
      vertex 3.1 32.24 10.8
    endloop
  endfacet
  facet normal -1 -0 0
    outer loop
      vertex 3.1 32.24 13.3
      vertex 3.1 5.6 10.8
      vertex 3.1 5.6 13.3
    endloop
  endfacet
  facet normal 0.0655032 0.997852 -0
    outer loop
      vertex 112.126 34.7186 10.8
      vertex 111.8 34.74 13.3
      vertex 112.126 34.7186 13.3
    endloop
  endfacet
  facet normal 0.0655032 0.997852 0
    outer loop
      vertex 111.8 34.74 13.3
      vertex 112.126 34.7186 10.8
      vertex 111.8 34.74 10.8
    endloop
  endfacet
  facet normal 0.442654 -0.896693 0
    outer loop
      vertex 112.757 3.2903 10.8
      vertex 113.05 3.43494 13.3
      vertex 112.757 3.2903 13.3
    endloop
  endfacet
  facet normal 0.442654 -0.896693 0
    outer loop
      vertex 113.05 3.43494 13.3
      vertex 112.757 3.2903 10.8
      vertex 113.05 3.43494 10.8
    endloop
  endfacet
  facet normal -0.946926 -0.321452 0
    outer loop
      vertex 3.2903 4.64329 10.8
      vertex 3.18518 4.95295 13.3
      vertex 3.18518 4.95295 10.8
    endloop
  endfacet
  facet normal -0.946926 -0.321452 0
    outer loop
      vertex 3.18518 4.95295 13.3
      vertex 3.2903 4.64329 10.8
      vertex 3.2903 4.64329 13.3
    endloop
  endfacet
  facet normal 0.321136 -0.947033 0
    outer loop
      vertex 112.447 3.18518 10.8
      vertex 112.757 3.2903 13.3
      vertex 112.447 3.18518 13.3
    endloop
  endfacet
  facet normal 0.321136 -0.947033 0
    outer loop
      vertex 112.757 3.2903 13.3
      vertex 112.447 3.18518 10.8
      vertex 112.757 3.2903 10.8
    endloop
  endfacet
  facet normal 0 1 -0
    outer loop
      vertex 111.8 34.74 10.8
      vertex 5.6 34.74 13.3
      vertex 111.8 34.74 13.3
    endloop
  endfacet
  facet normal 0 1 0
    outer loop
      vertex 5.6 34.74 13.3
      vertex 111.8 34.74 10.8
      vertex 5.6 34.74 10.8
    endloop
  endfacet
  facet normal -0.321397 0.946944 0
    outer loop
      vertex 4.95295 34.6548 10.8
      vertex 4.64329 34.5497 13.3
      vertex 4.95295 34.6548 13.3
    endloop
  endfacet
  facet normal -0.321397 0.946944 0
    outer loop
      vertex 4.64329 34.5497 13.3
      vertex 4.95295 34.6548 10.8
      vertex 4.64329 34.5497 10.8
    endloop
  endfacet
  facet normal -0.831466 -0.555575 0
    outer loop
      vertex 3.61662 4.0781 10.8
      vertex 3.43494 4.35 13.3
      vertex 3.43494 4.35 10.8
    endloop
  endfacet
  facet normal -0.831466 -0.555575 0
    outer loop
      vertex 3.43494 4.35 13.3
      vertex 3.61662 4.0781 10.8
      vertex 3.61662 4.0781 13.3
    endloop
  endfacet
  facet normal -0.555617 0.831438 0
    outer loop
      vertex 4.35 34.4051 10.8
      vertex 4.0781 34.2234 13.3
      vertex 4.35 34.4051 13.3
    endloop
  endfacet
  facet normal -0.555617 0.831438 0
    outer loop
      vertex 4.0781 34.2234 13.3
      vertex 4.35 34.4051 10.8
      vertex 4.0781 34.2234 10.8
    endloop
  endfacet
  facet normal -0.195069 -0.980789 0
    outer loop
      vertex 4.95295 3.18518 10.8
      vertex 5.27368 3.12139 13.3
      vertex 4.95295 3.18518 13.3
    endloop
  endfacet
  facet normal -0.195069 -0.980789 -0
    outer loop
      vertex 5.27368 3.12139 13.3
      vertex 4.95295 3.18518 10.8
      vertex 5.27368 3.12139 10.8
    endloop
  endfacet
  facet normal 0.980663 0.195704 0
    outer loop
      vertex 114.279 32.5663 13.3
      vertex 114.215 32.887 10.8
      vertex 114.215 32.887 13.3
    endloop
  endfacet
  facet normal 0.980663 0.195704 0
    outer loop
      vertex 114.215 32.887 10.8
      vertex 114.279 32.5663 13.3
      vertex 114.279 32.5663 10.8
    endloop
  endfacet
  facet normal 0.194941 0.980815 -0
    outer loop
      vertex 112.447 34.6548 10.8
      vertex 112.126 34.7186 13.3
      vertex 112.447 34.6548 13.3
    endloop
  endfacet
  facet normal 0.194941 0.980815 0
    outer loop
      vertex 112.126 34.7186 13.3
      vertex 112.447 34.6548 10.8
      vertex 112.126 34.7186 10.8
    endloop
  endfacet
  facet normal 0 -1 0
    outer loop
      vertex 5.6 3.1 10.8
      vertex 111.8 3.1 13.3
      vertex 5.6 3.1 13.3
    endloop
  endfacet
  facet normal 0 -1 -0
    outer loop
      vertex 111.8 3.1 13.3
      vertex 5.6 3.1 10.8
      vertex 111.8 3.1 10.8
    endloop
  endfacet
  facet normal -0.751898 0.659279 0
    outer loop
      vertex 3.61662 33.7619 10.8
      vertex 3.83223 34.0078 13.3
      vertex 3.83223 34.0078 10.8
    endloop
  endfacet
  facet normal -0.751898 0.659279 0
    outer loop
      vertex 3.83223 34.0078 13.3
      vertex 3.61662 33.7619 10.8
      vertex 3.61662 33.7619 13.3
    endloop
  endfacet
  facet normal 1 -0 0
    outer loop
      vertex 114.3 5.6 13.3
      vertex 114.3 32.24 10.8
      vertex 114.3 32.24 13.3
    endloop
  endfacet
  facet normal 1 0 0
    outer loop
      vertex 114.3 32.24 10.8
      vertex 114.3 5.6 13.3
      vertex 114.3 5.6 10.8
    endloop
  endfacet
  facet normal 0.0654727 -0.997854 0
    outer loop
      vertex 111.8 3.1 10.8
      vertex 112.126 3.12139 13.3
      vertex 111.8 3.1 13.3
    endloop
  endfacet
  facet normal 0.0654727 -0.997854 0
    outer loop
      vertex 112.126 3.12139 13.3
      vertex 111.8 3.1 10.8
      vertex 112.126 3.12139 10.8
    endloop
  endfacet
  facet normal -0.896872 0.44229 0
    outer loop
      vertex 3.2903 33.1967 10.8
      vertex 3.43494 33.49 13.3
      vertex 3.43494 33.49 10.8
    endloop
  endfacet
  facet normal -0.896872 0.44229 0
    outer loop
      vertex 3.43494 33.49 13.3
      vertex 3.2903 33.1967 10.8
      vertex 3.2903 33.1967 13.3
    endloop
  endfacet
  facet normal 0.896435 0.443175 0
    outer loop
      vertex 114.11 33.1967 13.3
      vertex 113.965 33.49 10.8
      vertex 113.965 33.49 13.3
    endloop
  endfacet
  facet normal 0.896435 0.443175 0
    outer loop
      vertex 113.965 33.49 10.8
      vertex 114.11 33.1967 13.3
      vertex 114.11 33.1967 10.8
    endloop
  endfacet
  facet normal 0.997936 -0.0642212 0
    outer loop
      vertex 114.279 5.27368 13.3
      vertex 114.3 5.6 10.8
      vertex 114.3 5.6 13.3
    endloop
  endfacet
  facet normal 0.997936 -0.0642212 0
    outer loop
      vertex 114.3 5.6 10.8
      vertex 114.279 5.27368 13.3
      vertex 114.279 5.27368 10.8
    endloop
  endfacet
  facet normal -0.0654088 -0.997859 0
    outer loop
      vertex 5.27368 3.12139 10.8
      vertex 5.6 3.1 13.3
      vertex 5.27368 3.12139 13.3
    endloop
  endfacet
  facet normal -0.0654088 -0.997859 -0
    outer loop
      vertex 5.6 3.1 13.3
      vertex 5.27368 3.12139 10.8
      vertex 5.6 3.1 10.8
    endloop
  endfacet
  facet normal -0.659307 0.751873 0
    outer loop
      vertex 4.0781 34.2234 10.8
      vertex 3.83223 34.0078 13.3
      vertex 4.0781 34.2234 13.3
    endloop
  endfacet
  facet normal -0.659307 0.751873 0
    outer loop
      vertex 3.83223 34.0078 13.3
      vertex 4.0781 34.2234 10.8
      vertex 3.83223 34.0078 10.8
    endloop
  endfacet
  facet normal 0.442556 0.896741 -0
    outer loop
      vertex 113.05 34.4051 10.8
      vertex 112.757 34.5497 13.3
      vertex 113.05 34.4051 13.3
    endloop
  endfacet
  facet normal 0.442556 0.896741 0
    outer loop
      vertex 112.757 34.5497 13.3
      vertex 113.05 34.4051 10.8
      vertex 112.757 34.5497 10.8
    endloop
  endfacet
  facet normal -0.0654392 0.997857 0
    outer loop
      vertex 5.6 34.74 10.8
      vertex 5.27368 34.7186 13.3
      vertex 5.6 34.74 13.3
    endloop
  endfacet
  facet normal -0.0654392 0.997857 0
    outer loop
      vertex 5.27368 34.7186 13.3
      vertex 5.6 34.74 10.8
      vertex 5.27368 34.7186 10.8
    endloop
  endfacet
  facet normal -0.442302 -0.896866 0
    outer loop
      vertex 4.35 3.43494 10.8
      vertex 4.64329 3.2903 13.3
      vertex 4.35 3.43494 13.3
    endloop
  endfacet
  facet normal -0.442302 -0.896866 -0
    outer loop
      vertex 4.64329 3.2903 13.3
      vertex 4.35 3.43494 10.8
      vertex 4.64329 3.2903 10.8
    endloop
  endfacet
  facet normal 0.997935 0.0642251 0
    outer loop
      vertex 114.3 32.24 13.3
      vertex 114.279 32.5663 10.8
      vertex 114.279 32.5663 13.3
    endloop
  endfacet
  facet normal 0.997935 0.0642251 0
    outer loop
      vertex 114.279 32.5663 10.8
      vertex 114.3 32.24 13.3
      vertex 114.3 32.24 10.8
    endloop
  endfacet
  facet normal -0.442204 0.896915 0
    outer loop
      vertex 4.64329 34.5497 10.8
      vertex 4.35 34.4051 13.3
      vertex 4.64329 34.5497 13.3
    endloop
  endfacet
  facet normal -0.442204 0.896915 0
    outer loop
      vertex 4.35 34.4051 13.3
      vertex 4.64329 34.5497 10.8
      vertex 4.35 34.4051 10.8
    endloop
  endfacet
  facet normal 0.555434 -0.831561 0
    outer loop
      vertex 113.05 3.43494 10.8
      vertex 113.322 3.61662 13.3
      vertex 113.05 3.43494 13.3
    endloop
  endfacet
  facet normal 0.555434 -0.831561 0
    outer loop
      vertex 113.322 3.61662 13.3
      vertex 113.05 3.43494 10.8
      vertex 113.322 3.61662 10.8
    endloop
  endfacet
  facet normal 0.659128 -0.752031 0
    outer loop
      vertex 113.322 3.61662 10.8
      vertex 113.568 3.83223 13.3
      vertex 113.322 3.61662 13.3
    endloop
  endfacet
  facet normal 0.659128 -0.752031 0
    outer loop
      vertex 113.568 3.83223 13.3
      vertex 113.322 3.61662 10.8
      vertex 113.568 3.83223 10.8
    endloop
  endfacet
  facet normal -0.980786 0.195087 0
    outer loop
      vertex 3.12139 32.5663 10.8
      vertex 3.18518 32.887 13.3
      vertex 3.18518 32.887 10.8
    endloop
  endfacet
  facet normal -0.980786 0.195087 0
    outer loop
      vertex 3.18518 32.887 13.3
      vertex 3.12139 32.5663 10.8
      vertex 3.12139 32.5663 13.3
    endloop
  endfacet
  facet normal 0.947038 -0.321123 0
    outer loop
      vertex 114.11 4.64329 13.3
      vertex 114.215 4.95295 10.8
      vertex 114.215 4.95295 13.3
    endloop
  endfacet
  facet normal 0.947038 -0.321123 0
    outer loop
      vertex 114.215 4.95295 10.8
      vertex 114.11 4.64329 13.3
      vertex 114.11 4.64329 10.8
    endloop
  endfacet
  facet normal 0.896429 -0.443187 0
    outer loop
      vertex 113.965 4.35 13.3
      vertex 114.11 4.64329 10.8
      vertex 114.11 4.64329 13.3
    endloop
  endfacet
  facet normal 0.896429 -0.443187 0
    outer loop
      vertex 114.11 4.64329 10.8
      vertex 113.965 4.35 13.3
      vertex 113.965 4.35 10.8
    endloop
  endfacet
  facet normal 0.194911 -0.980821 0
    outer loop
      vertex 112.126 3.12139 10.8
      vertex 112.447 3.18518 13.3
      vertex 112.126 3.12139 13.3
    endloop
  endfacet
  facet normal 0.194911 -0.980821 0
    outer loop
      vertex 112.447 3.18518 13.3
      vertex 112.126 3.12139 10.8
      vertex 112.447 3.18518 10.8
    endloop
  endfacet
  facet normal 0.94705 0.321086 0
    outer loop
      vertex 114.215 32.887 13.3
      vertex 114.11 33.1967 10.8
      vertex 114.11 33.1967 13.3
    endloop
  endfacet
  facet normal 0.94705 0.321086 0
    outer loop
      vertex 114.11 33.1967 10.8
      vertex 114.215 32.887 13.3
      vertex 114.215 32.887 10.8
    endloop
  endfacet
  facet normal 0.831014 0.556251 0
    outer loop
      vertex 113.965 33.49 13.3
      vertex 113.783 33.7619 10.8
      vertex 113.783 33.7619 13.3
    endloop
  endfacet
  facet normal 0.831014 0.556251 0
    outer loop
      vertex 113.783 33.7619 10.8
      vertex 113.965 33.49 13.3
      vertex 113.965 33.49 10.8
    endloop
  endfacet
  facet normal -0.751858 -0.659325 0
    outer loop
      vertex 3.83223 3.83223 10.8
      vertex 3.61662 4.0781 13.3
      vertex 3.61662 4.0781 10.8
    endloop
  endfacet
  facet normal -0.751858 -0.659325 0
    outer loop
      vertex 3.61662 4.0781 13.3
      vertex 3.83223 3.83223 10.8
      vertex 3.83223 3.83223 13.3
    endloop
  endfacet
  facet normal -0.896866 -0.442302 0
    outer loop
      vertex 3.43494 4.35 10.8
      vertex 3.2903 4.64329 13.3
      vertex 3.2903 4.64329 10.8
    endloop
  endfacet
  facet normal -0.896866 -0.442302 0
    outer loop
      vertex 3.2903 4.64329 13.3
      vertex 3.43494 4.35 10.8
      vertex 3.43494 4.35 13.3
    endloop
  endfacet
  facet normal 0.752783 -0.658268 0
    outer loop
      vertex 113.568 3.83223 13.3
      vertex 113.783 4.0781 10.8
      vertex 113.783 4.0781 13.3
    endloop
  endfacet
  facet normal 0.752783 -0.658268 0
    outer loop
      vertex 113.783 4.0781 10.8
      vertex 113.568 3.83223 13.3
      vertex 113.568 3.83223 10.8
    endloop
  endfacet
  facet normal -0.195099 0.980784 0
    outer loop
      vertex 5.27368 34.7186 10.8
      vertex 4.95295 34.6548 13.3
      vertex 5.27368 34.7186 13.3
    endloop
  endfacet
  facet normal -0.195099 0.980784 0
    outer loop
      vertex 4.95295 34.6548 13.3
      vertex 5.27368 34.7186 10.8
      vertex 4.95295 34.6548 10.8
    endloop
  endfacet
  facet normal -0.831466 0.555575 0
    outer loop
      vertex 3.43494 33.49 10.8
      vertex 3.61662 33.7619 13.3
      vertex 3.61662 33.7619 10.8
    endloop
  endfacet
  facet normal -0.831466 0.555575 0
    outer loop
      vertex 3.61662 33.7619 13.3
      vertex 3.43494 33.49 10.8
      vertex 3.43494 33.49 13.3
    endloop
  endfacet
  facet normal -0.659325 -0.751858 0
    outer loop
      vertex 3.83223 3.83223 10.8
      vertex 4.0781 3.61662 13.3
      vertex 3.83223 3.83223 13.3
    endloop
  endfacet
  facet normal -0.659325 -0.751858 -0
    outer loop
      vertex 4.0781 3.61662 13.3
      vertex 3.83223 3.83223 10.8
      vertex 4.0781 3.61662 10.8
    endloop
  endfacet
  facet normal -0.321452 -0.946926 0
    outer loop
      vertex 4.64329 3.2903 10.8
      vertex 4.95295 3.18518 13.3
      vertex 4.64329 3.2903 13.3
    endloop
  endfacet
  facet normal -0.321452 -0.946926 -0
    outer loop
      vertex 4.95295 3.18518 13.3
      vertex 4.64329 3.2903 10.8
      vertex 4.95295 3.18518 10.8
    endloop
  endfacet
  facet normal -0.997859 -0.0654088 0
    outer loop
      vertex 3.12139 5.27368 10.8
      vertex 3.1 5.6 13.3
      vertex 3.1 5.6 10.8
    endloop
  endfacet
  facet normal -0.997859 -0.0654088 0
    outer loop
      vertex 3.1 5.6 13.3
      vertex 3.12139 5.27368 10.8
      vertex 3.12139 5.27368 13.3
    endloop
  endfacet
  facet normal 0.752823 0.658223 0
    outer loop
      vertex 113.783 33.7619 13.3
      vertex 113.568 34.0078 10.8
      vertex 113.568 34.0078 13.3
    endloop
  endfacet
  facet normal 0.752823 0.658223 0
    outer loop
      vertex 113.568 34.0078 10.8
      vertex 113.783 33.7619 13.3
      vertex 113.783 33.7619 10.8
    endloop
  endfacet
  facet normal -0.997858 0.0654128 0
    outer loop
      vertex 3.1 32.24 10.8
      vertex 3.12139 32.5663 13.3
      vertex 3.12139 32.5663 10.8
    endloop
  endfacet
  facet normal -0.997858 0.0654128 0
    outer loop
      vertex 3.12139 32.5663 13.3
      vertex 3.1 32.24 10.8
      vertex 3.1 32.24 13.3
    endloop
  endfacet
  facet normal -0.555575 -0.831466 0
    outer loop
      vertex 4.0781 3.61662 10.8
      vertex 4.35 3.43494 13.3
      vertex 4.0781 3.61662 13.3
    endloop
  endfacet
  facet normal -0.555575 -0.831466 -0
    outer loop
      vertex 4.35 3.43494 13.3
      vertex 4.0781 3.61662 10.8
      vertex 4.35 3.43494 10.8
    endloop
  endfacet
  facet normal 0.980666 -0.195687 0
    outer loop
      vertex 114.215 4.95295 13.3
      vertex 114.279 5.27368 10.8
      vertex 114.279 5.27368 13.3
    endloop
  endfacet
  facet normal 0.980666 -0.195687 0
    outer loop
      vertex 114.279 5.27368 10.8
      vertex 114.215 4.95295 13.3
      vertex 114.215 4.95295 10.8
    endloop
  endfacet
  facet normal 0.321081 0.947052 -0
    outer loop
      vertex 112.757 34.5497 10.8
      vertex 112.447 34.6548 13.3
      vertex 112.757 34.5497 13.3
    endloop
  endfacet
  facet normal 0.321081 0.947052 0
    outer loop
      vertex 112.447 34.6548 13.3
      vertex 112.757 34.5497 10.8
      vertex 112.447 34.6548 10.8
    endloop
  endfacet
  facet normal 0.831014 -0.556251 0
    outer loop
      vertex 113.783 4.0781 13.3
      vertex 113.965 4.35 10.8
      vertex 113.965 4.35 13.3
    endloop
  endfacet
  facet normal 0.831014 -0.556251 0
    outer loop
      vertex 113.965 4.35 10.8
      vertex 113.783 4.0781 13.3
      vertex 113.783 4.0781 10.8
    endloop
  endfacet
  facet normal 0.555476 0.831533 -0
    outer loop
      vertex 113.322 34.2234 10.8
      vertex 113.05 34.4051 13.3
      vertex 113.322 34.2234 13.3
    endloop
  endfacet
  facet normal 0.555476 0.831533 0
    outer loop
      vertex 113.05 34.4051 13.3
      vertex 113.322 34.2234 10.8
      vertex 113.05 34.4051 10.8
    endloop
  endfacet
  facet normal 0 0 -1
    outer loop
      vertex 112.91 5.84329 10.8
      vertex 114.3 5.6 10.8
      vertex 114.279 5.27368 10.8
    endloop
  endfacet
  facet normal 0 0 -1
    outer loop
      vertex 114.3 5.6 10.8
      vertex 113.1 6.8 10.8
      vertex 114.3 32.24 10.8
    endloop
  endfacet
  facet normal 0 0 -1
    outer loop
      vertex 112.765 5.55 10.8
      vertex 114.279 5.27368 10.8
      vertex 114.215 4.95295 10.8
    endloop
  endfacet
  facet normal 0 0 -1
    outer loop
      vertex 113.1 31.04 10.8
      vertex 114.3 32.24 10.8
      vertex 113.1 6.8 10.8
    endloop
  endfacet
  facet normal 0 0 -1
    outer loop
      vertex 112.765 5.55 10.8
      vertex 114.215 4.95295 10.8
      vertex 114.11 4.64329 10.8
    endloop
  endfacet
  facet normal 0 0 -1
    outer loop
      vertex 113.079 31.3663 10.8
      vertex 114.3 32.24 10.8
      vertex 113.1 31.04 10.8
    endloop
  endfacet
  facet normal 0 0 -1
    outer loop
      vertex 112.583 5.2781 10.8
      vertex 114.11 4.64329 10.8
      vertex 113.965 4.35 10.8
    endloop
  endfacet
  facet normal 0 0 -1
    outer loop
      vertex 113.015 31.687 10.8
      vertex 114.3 32.24 10.8
      vertex 113.079 31.3663 10.8
    endloop
  endfacet
  facet normal 0 0 -1
    outer loop
      vertex 112.583 5.2781 10.8
      vertex 113.965 4.35 10.8
      vertex 113.783 4.0781 10.8
    endloop
  endfacet
  facet normal 0 0 -1
    outer loop
      vertex 112.91 31.9967 10.8
      vertex 114.3 32.24 10.8
      vertex 113.015 31.687 10.8
    endloop
  endfacet
  facet normal 0 0 -1
    outer loop
      vertex 112.368 5.03223 10.8
      vertex 113.783 4.0781 10.8
      vertex 113.568 3.83223 10.8
    endloop
  endfacet
  facet normal -0 0 -1
    outer loop
      vertex 114.3 32.24 10.8
      vertex 112.91 31.9967 10.8
      vertex 114.279 32.5663 10.8
    endloop
  endfacet
  facet normal 0 0 -1
    outer loop
      vertex 112.368 5.03223 10.8
      vertex 113.568 3.83223 10.8
      vertex 113.322 3.61662 10.8
    endloop
  endfacet
  facet normal 0 0 -1
    outer loop
      vertex 112.765 32.29 10.8
      vertex 114.279 32.5663 10.8
      vertex 112.91 31.9967 10.8
    endloop
  endfacet
  facet normal -0 0 -1
    outer loop
      vertex 114.279 32.5663 10.8
      vertex 112.765 32.29 10.8
      vertex 114.215 32.887 10.8
    endloop
  endfacet
  facet normal 0 0 -1
    outer loop
      vertex 114.3 5.6 10.8
      vertex 113.079 6.47368 10.8
      vertex 113.1 6.8 10.8
    endloop
  endfacet
  facet normal 0 0 -1
    outer loop
      vertex 112.122 4.81662 10.8
      vertex 113.322 3.61662 10.8
      vertex 113.05 3.43494 10.8
    endloop
  endfacet
  facet normal 0 0 -1
    outer loop
      vertex 114.3 5.6 10.8
      vertex 113.015 6.15295 10.8
      vertex 113.079 6.47368 10.8
    endloop
  endfacet
  facet normal 0 0 -1
    outer loop
      vertex 114.3 5.6 10.8
      vertex 112.91 5.84329 10.8
      vertex 113.015 6.15295 10.8
    endloop
  endfacet
  facet normal 0 0 -1
    outer loop
      vertex 114.279 5.27368 10.8
      vertex 112.765 5.55 10.8
      vertex 112.91 5.84329 10.8
    endloop
  endfacet
  facet normal 0 0 -1
    outer loop
      vertex 112.122 4.81662 10.8
      vertex 113.05 3.43494 10.8
      vertex 112.757 3.2903 10.8
    endloop
  endfacet
  facet normal 0 0 -1
    outer loop
      vertex 114.11 4.64329 10.8
      vertex 112.583 5.2781 10.8
      vertex 112.765 5.55 10.8
    endloop
  endfacet
  facet normal 0 0 -1
    outer loop
      vertex 111.85 4.63494 10.8
      vertex 112.757 3.2903 10.8
      vertex 112.447 3.18518 10.8
    endloop
  endfacet
  facet normal 0 0 -1
    outer loop
      vertex 113.783 4.0781 10.8
      vertex 112.368 5.03223 10.8
      vertex 112.583 5.2781 10.8
    endloop
  endfacet
  facet normal 0 0 -1
    outer loop
      vertex 111.85 4.63494 10.8
      vertex 112.447 3.18518 10.8
      vertex 112.126 3.12139 10.8
    endloop
  endfacet
  facet normal 0 0 -1
    outer loop
      vertex 113.322 3.61662 10.8
      vertex 112.122 4.81662 10.8
      vertex 112.368 5.03223 10.8
    endloop
  endfacet
  facet normal 0 0 -1
    outer loop
      vertex 112.757 3.2903 10.8
      vertex 111.85 4.63494 10.8
      vertex 112.122 4.81662 10.8
    endloop
  endfacet
  facet normal 0 0 -1
    outer loop
      vertex 111.557 4.4903 10.8
      vertex 112.126 3.12139 10.8
      vertex 111.8 3.1 10.8
    endloop
  endfacet
  facet normal 0 0 -1
    outer loop
      vertex 112.126 3.12139 10.8
      vertex 111.557 4.4903 10.8
      vertex 111.85 4.63494 10.8
    endloop
  endfacet
  facet normal 0 0 -1
    outer loop
      vertex 111.8 3.1 10.8
      vertex 111.247 4.38518 10.8
      vertex 111.557 4.4903 10.8
    endloop
  endfacet
  facet normal 0 0 -1
    outer loop
      vertex 111.8 3.1 10.8
      vertex 110.926 4.32139 10.8
      vertex 111.247 4.38518 10.8
    endloop
  endfacet
  facet normal 0 0 -1
    outer loop
      vertex 111.8 3.1 10.8
      vertex 110.6 4.3 10.8
      vertex 110.926 4.32139 10.8
    endloop
  endfacet
  facet normal 0 0 -1
    outer loop
      vertex 111.8 3.1 10.8
      vertex 6.8 4.3 10.8
      vertex 110.6 4.3 10.8
    endloop
  endfacet
  facet normal 0 0 -1
    outer loop
      vertex 5.6 3.1 10.8
      vertex 6.8 4.3 10.8
      vertex 111.8 3.1 10.8
    endloop
  endfacet
  facet normal 0 0 -1
    outer loop
      vertex 5.6 3.1 10.8
      vertex 6.47368 4.32139 10.8
      vertex 6.8 4.3 10.8
    endloop
  endfacet
  facet normal 0 0 -1
    outer loop
      vertex 5.6 3.1 10.8
      vertex 6.15295 4.38518 10.8
      vertex 6.47368 4.32139 10.8
    endloop
  endfacet
  facet normal 0 0 -1
    outer loop
      vertex 5.6 3.1 10.8
      vertex 5.84329 4.4903 10.8
      vertex 6.15295 4.38518 10.8
    endloop
  endfacet
  facet normal 0 0 -1
    outer loop
      vertex 5.27368 3.12139 10.8
      vertex 5.84329 4.4903 10.8
      vertex 5.6 3.1 10.8
    endloop
  endfacet
  facet normal -0 0 -1
    outer loop
      vertex 5.84329 4.4903 10.8
      vertex 5.27368 3.12139 10.8
      vertex 5.55 4.63494 10.8
    endloop
  endfacet
  facet normal 0 0 -1
    outer loop
      vertex 4.95295 3.18518 10.8
      vertex 5.55 4.63494 10.8
      vertex 5.27368 3.12139 10.8
    endloop
  endfacet
  facet normal 0 0 -1
    outer loop
      vertex 4.64329 3.2903 10.8
      vertex 5.55 4.63494 10.8
      vertex 4.95295 3.18518 10.8
    endloop
  endfacet
  facet normal -0 0 -1
    outer loop
      vertex 5.55 4.63494 10.8
      vertex 4.64329 3.2903 10.8
      vertex 5.2781 4.81662 10.8
    endloop
  endfacet
  facet normal 0 0 -1
    outer loop
      vertex 4.35 3.43494 10.8
      vertex 5.2781 4.81662 10.8
      vertex 4.64329 3.2903 10.8
    endloop
  endfacet
  facet normal 0 0 -1
    outer loop
      vertex 4.0781 3.61662 10.8
      vertex 5.2781 4.81662 10.8
      vertex 4.35 3.43494 10.8
    endloop
  endfacet
  facet normal -0 0 -1
    outer loop
      vertex 5.2781 4.81662 10.8
      vertex 4.0781 3.61662 10.8
      vertex 5.03223 5.03223 10.8
    endloop
  endfacet
  facet normal 0 0 -1
    outer loop
      vertex 3.83223 3.83223 10.8
      vertex 5.03223 5.03223 10.8
      vertex 4.0781 3.61662 10.8
    endloop
  endfacet
  facet normal 0 0 -1
    outer loop
      vertex 3.61662 4.0781 10.8
      vertex 5.03223 5.03223 10.8
      vertex 3.83223 3.83223 10.8
    endloop
  endfacet
  facet normal -0 0 -1
    outer loop
      vertex 5.03223 5.03223 10.8
      vertex 3.61662 4.0781 10.8
      vertex 4.81662 5.2781 10.8
    endloop
  endfacet
  facet normal 0 0 -1
    outer loop
      vertex 3.43494 4.35 10.8
      vertex 4.81662 5.2781 10.8
      vertex 3.61662 4.0781 10.8
    endloop
  endfacet
  facet normal 0 0 -1
    outer loop
      vertex 3.2903 4.64329 10.8
      vertex 4.81662 5.2781 10.8
      vertex 3.43494 4.35 10.8
    endloop
  endfacet
  facet normal 0 0 -1
    outer loop
      vertex 3.18518 4.95295 10.8
      vertex 4.63494 5.55 10.8
      vertex 3.2903 4.64329 10.8
    endloop
  endfacet
  facet normal -0 0 -1
    outer loop
      vertex 4.81662 5.2781 10.8
      vertex 3.2903 4.64329 10.8
      vertex 4.63494 5.55 10.8
    endloop
  endfacet
  facet normal -0 0 -1
    outer loop
      vertex 114.215 32.887 10.8
      vertex 112.765 32.29 10.8
      vertex 114.11 33.1967 10.8
    endloop
  endfacet
  facet normal 0 0 -1
    outer loop
      vertex 112.583 32.5619 10.8
      vertex 114.11 33.1967 10.8
      vertex 112.765 32.29 10.8
    endloop
  endfacet
  facet normal -0 0 -1
    outer loop
      vertex 114.11 33.1967 10.8
      vertex 112.583 32.5619 10.8
      vertex 113.965 33.49 10.8
    endloop
  endfacet
  facet normal -0 0 -1
    outer loop
      vertex 113.965 33.49 10.8
      vertex 112.583 32.5619 10.8
      vertex 113.783 33.7619 10.8
    endloop
  endfacet
  facet normal 0 0 -1
    outer loop
      vertex 112.368 32.8078 10.8
      vertex 113.783 33.7619 10.8
      vertex 112.583 32.5619 10.8
    endloop
  endfacet
  facet normal -0 0 -1
    outer loop
      vertex 113.783 33.7619 10.8
      vertex 112.368 32.8078 10.8
      vertex 113.568 34.0078 10.8
    endloop
  endfacet
  facet normal -0 0 -1
    outer loop
      vertex 113.568 34.0078 10.8
      vertex 112.368 32.8078 10.8
      vertex 113.322 34.2234 10.8
    endloop
  endfacet
  facet normal 0 0 -1
    outer loop
      vertex 112.122 33.0234 10.8
      vertex 113.322 34.2234 10.8
      vertex 112.368 32.8078 10.8
    endloop
  endfacet
  facet normal -0 0 -1
    outer loop
      vertex 113.322 34.2234 10.8
      vertex 112.122 33.0234 10.8
      vertex 113.05 34.4051 10.8
    endloop
  endfacet
  facet normal -0 0 -1
    outer loop
      vertex 113.05 34.4051 10.8
      vertex 112.122 33.0234 10.8
      vertex 112.757 34.5497 10.8
    endloop
  endfacet
  facet normal 0 0 -1
    outer loop
      vertex 111.85 33.2051 10.8
      vertex 112.757 34.5497 10.8
      vertex 112.122 33.0234 10.8
    endloop
  endfacet
  facet normal -0 0 -1
    outer loop
      vertex 112.757 34.5497 10.8
      vertex 111.85 33.2051 10.8
      vertex 112.447 34.6548 10.8
    endloop
  endfacet
  facet normal -0 0 -1
    outer loop
      vertex 112.447 34.6548 10.8
      vertex 111.85 33.2051 10.8
      vertex 112.126 34.7186 10.8
    endloop
  endfacet
  facet normal 0 0 -1
    outer loop
      vertex 111.557 33.3497 10.8
      vertex 112.126 34.7186 10.8
      vertex 111.85 33.2051 10.8
    endloop
  endfacet
  facet normal -0 0 -1
    outer loop
      vertex 112.126 34.7186 10.8
      vertex 111.557 33.3497 10.8
      vertex 111.8 34.74 10.8
    endloop
  endfacet
  facet normal 0 0 -1
    outer loop
      vertex 111.247 33.4548 10.8
      vertex 111.8 34.74 10.8
      vertex 111.557 33.3497 10.8
    endloop
  endfacet
  facet normal 0 0 -1
    outer loop
      vertex 110.926 33.5186 10.8
      vertex 111.8 34.74 10.8
      vertex 111.247 33.4548 10.8
    endloop
  endfacet
  facet normal 0 0 -1
    outer loop
      vertex 110.6 33.54 10.8
      vertex 111.8 34.74 10.8
      vertex 110.926 33.5186 10.8
    endloop
  endfacet
  facet normal 0 0 -1
    outer loop
      vertex 6.8 33.54 10.8
      vertex 111.8 34.74 10.8
      vertex 110.6 33.54 10.8
    endloop
  endfacet
  facet normal 0 0 -1
    outer loop
      vertex 6.8 33.54 10.8
      vertex 5.6 34.74 10.8
      vertex 111.8 34.74 10.8
    endloop
  endfacet
  facet normal 0 0 -1
    outer loop
      vertex 6.47368 33.5186 10.8
      vertex 5.6 34.74 10.8
      vertex 6.8 33.54 10.8
    endloop
  endfacet
  facet normal 0 0 -1
    outer loop
      vertex 6.15295 33.4548 10.8
      vertex 5.6 34.74 10.8
      vertex 6.47368 33.5186 10.8
    endloop
  endfacet
  facet normal 0 0 -1
    outer loop
      vertex 5.84329 33.3497 10.8
      vertex 5.6 34.74 10.8
      vertex 6.15295 33.4548 10.8
    endloop
  endfacet
  facet normal 0 0 -1
    outer loop
      vertex 5.27368 34.7186 10.8
      vertex 5.84329 33.3497 10.8
      vertex 5.55 33.2051 10.8
    endloop
  endfacet
  facet normal 0 0 -1
    outer loop
      vertex 4.64329 34.5497 10.8
      vertex 5.55 33.2051 10.8
      vertex 5.2781 33.0234 10.8
    endloop
  endfacet
  facet normal 0 0 -1
    outer loop
      vertex 5.84329 33.3497 10.8
      vertex 5.27368 34.7186 10.8
      vertex 5.6 34.74 10.8
    endloop
  endfacet
  facet normal 0 0 -1
    outer loop
      vertex 4.0781 34.2234 10.8
      vertex 5.2781 33.0234 10.8
      vertex 5.03223 32.8078 10.8
    endloop
  endfacet
  facet normal 0 0 -1
    outer loop
      vertex 5.55 33.2051 10.8
      vertex 4.95295 34.6548 10.8
      vertex 5.27368 34.7186 10.8
    endloop
  endfacet
  facet normal 0 0 -1
    outer loop
      vertex 3.61662 33.7619 10.8
      vertex 5.03223 32.8078 10.8
      vertex 4.81662 32.5619 10.8
    endloop
  endfacet
  facet normal 0 0 -1
    outer loop
      vertex 5.55 33.2051 10.8
      vertex 4.64329 34.5497 10.8
      vertex 4.95295 34.6548 10.8
    endloop
  endfacet
  facet normal 0 0 -1
    outer loop
      vertex 3.2903 33.1967 10.8
      vertex 4.81662 32.5619 10.8
      vertex 4.63494 32.29 10.8
    endloop
  endfacet
  facet normal 0 0 -1
    outer loop
      vertex 3.12139 32.5663 10.8
      vertex 4.63494 32.29 10.8
      vertex 4.4903 31.9967 10.8
    endloop
  endfacet
  facet normal 0 0 -1
    outer loop
      vertex 3.1 32.24 10.8
      vertex 4.4903 31.9967 10.8
      vertex 4.38518 31.687 10.8
    endloop
  endfacet
  facet normal 0 0 -1
    outer loop
      vertex 5.2781 33.0234 10.8
      vertex 4.35 34.4051 10.8
      vertex 4.64329 34.5497 10.8
    endloop
  endfacet
  facet normal 0 0 -1
    outer loop
      vertex 3.1 32.24 10.8
      vertex 4.38518 31.687 10.8
      vertex 4.32139 31.3663 10.8
    endloop
  endfacet
  facet normal 0 0 -1
    outer loop
      vertex 3.1 32.24 10.8
      vertex 4.32139 31.3663 10.8
      vertex 4.3 31.04 10.8
    endloop
  endfacet
  facet normal 0 0 -1
    outer loop
      vertex 5.2781 33.0234 10.8
      vertex 4.0781 34.2234 10.8
      vertex 4.35 34.4051 10.8
    endloop
  endfacet
  facet normal -0 0 -1
    outer loop
      vertex 4.3 6.8 10.8
      vertex 3.1 5.6 10.8
      vertex 4.3 31.04 10.8
    endloop
  endfacet
  facet normal 0 0 -1
    outer loop
      vertex 3.12139 5.27368 10.8
      vertex 4.63494 5.55 10.8
      vertex 3.18518 4.95295 10.8
    endloop
  endfacet
  facet normal 0 0 -1
    outer loop
      vertex 3.1 32.24 10.8
      vertex 4.3 31.04 10.8
      vertex 3.1 5.6 10.8
    endloop
  endfacet
  facet normal -0 0 -1
    outer loop
      vertex 4.63494 5.55 10.8
      vertex 3.12139 5.27368 10.8
      vertex 4.4903 5.84329 10.8
    endloop
  endfacet
  facet normal 0 0 -1
    outer loop
      vertex 4.4903 31.9967 10.8
      vertex 3.1 32.24 10.8
      vertex 3.12139 32.5663 10.8
    endloop
  endfacet
  facet normal 0 0 -1
    outer loop
      vertex 3.1 5.6 10.8
      vertex 4.4903 5.84329 10.8
      vertex 3.12139 5.27368 10.8
    endloop
  endfacet
  facet normal 0 0 -1
    outer loop
      vertex 5.03223 32.8078 10.8
      vertex 3.83223 34.0078 10.8
      vertex 4.0781 34.2234 10.8
    endloop
  endfacet
  facet normal -0 0 -1
    outer loop
      vertex 4.4903 5.84329 10.8
      vertex 3.1 5.6 10.8
      vertex 4.38518 6.15295 10.8
    endloop
  endfacet
  facet normal 0 0 -1
    outer loop
      vertex 5.03223 32.8078 10.8
      vertex 3.61662 33.7619 10.8
      vertex 3.83223 34.0078 10.8
    endloop
  endfacet
  facet normal -0 0 -1
    outer loop
      vertex 4.38518 6.15295 10.8
      vertex 3.1 5.6 10.8
      vertex 4.32139 6.47368 10.8
    endloop
  endfacet
  facet normal 0 0 -1
    outer loop
      vertex 4.81662 32.5619 10.8
      vertex 3.43494 33.49 10.8
      vertex 3.61662 33.7619 10.8
    endloop
  endfacet
  facet normal -0 0 -1
    outer loop
      vertex 4.32139 6.47368 10.8
      vertex 3.1 5.6 10.8
      vertex 4.3 6.8 10.8
    endloop
  endfacet
  facet normal 0 0 -1
    outer loop
      vertex 4.81662 32.5619 10.8
      vertex 3.2903 33.1967 10.8
      vertex 3.43494 33.49 10.8
    endloop
  endfacet
  facet normal 0 0 -1
    outer loop
      vertex 4.63494 32.29 10.8
      vertex 3.18518 32.887 10.8
      vertex 3.2903 33.1967 10.8
    endloop
  endfacet
  facet normal 0 0 -1
    outer loop
      vertex 4.63494 32.29 10.8
      vertex 3.12139 32.5663 10.8
      vertex 3.18518 32.887 10.8
    endloop
  endfacet
  facet normal -0.946938 0.321415 0
    outer loop
      vertex 3.18518 32.887 10.8
      vertex 3.2903 33.1967 13.3
      vertex 3.2903 33.1967 10.8
    endloop
  endfacet
  facet normal -0.946938 0.321415 0
    outer loop
      vertex 3.2903 33.1967 13.3
      vertex 3.18518 32.887 10.8
      vertex 3.18518 32.887 13.3
    endloop
  endfacet
  facet normal 0 0 1
    outer loop
      vertex 112.91 31.9967 13.3
      vertex 114.3 32.24 13.3
      vertex 114.279 32.5663 13.3
    endloop
  endfacet
  facet normal 0 0 1
    outer loop
      vertex 114.3 32.24 13.3
      vertex 113.1 31.04 13.3
      vertex 114.3 5.6 13.3
    endloop
  endfacet
  facet normal 0 0 1
    outer loop
      vertex 112.765 32.29 13.3
      vertex 114.279 32.5663 13.3
      vertex 114.215 32.887 13.3
    endloop
  endfacet
  facet normal -0 0 1
    outer loop
      vertex 113.1 6.8 13.3
      vertex 114.3 5.6 13.3
      vertex 113.1 31.04 13.3
    endloop
  endfacet
  facet normal 0 0 1
    outer loop
      vertex 112.765 32.29 13.3
      vertex 114.215 32.887 13.3
      vertex 114.11 33.1967 13.3
    endloop
  endfacet
  facet normal -0 0 1
    outer loop
      vertex 113.079 6.47368 13.3
      vertex 114.3 5.6 13.3
      vertex 113.1 6.8 13.3
    endloop
  endfacet
  facet normal 0 0 1
    outer loop
      vertex 112.583 32.5619 13.3
      vertex 114.11 33.1967 13.3
      vertex 113.965 33.49 13.3
    endloop
  endfacet
  facet normal -0 0 1
    outer loop
      vertex 113.015 6.15295 13.3
      vertex 114.3 5.6 13.3
      vertex 113.079 6.47368 13.3
    endloop
  endfacet
  facet normal 0 0 1
    outer loop
      vertex 112.583 32.5619 13.3
      vertex 113.965 33.49 13.3
      vertex 113.783 33.7619 13.3
    endloop
  endfacet
  facet normal -0 0 1
    outer loop
      vertex 112.91 5.84329 13.3
      vertex 114.3 5.6 13.3
      vertex 113.015 6.15295 13.3
    endloop
  endfacet
  facet normal 0 0 1
    outer loop
      vertex 112.368 32.8078 13.3
      vertex 113.783 33.7619 13.3
      vertex 113.568 34.0078 13.3
    endloop
  endfacet
  facet normal 0 0 1
    outer loop
      vertex 114.3 5.6 13.3
      vertex 112.91 5.84329 13.3
      vertex 114.279 5.27368 13.3
    endloop
  endfacet
  facet normal 0 0 1
    outer loop
      vertex 112.368 32.8078 13.3
      vertex 113.568 34.0078 13.3
      vertex 113.322 34.2234 13.3
    endloop
  endfacet
  facet normal -0 0 1
    outer loop
      vertex 112.765 5.55 13.3
      vertex 114.279 5.27368 13.3
      vertex 112.91 5.84329 13.3
    endloop
  endfacet
  facet normal 0 0 1
    outer loop
      vertex 114.279 5.27368 13.3
      vertex 112.765 5.55 13.3
      vertex 114.215 4.95295 13.3
    endloop
  endfacet
  facet normal 0 0 1
    outer loop
      vertex 114.3 32.24 13.3
      vertex 113.079 31.3663 13.3
      vertex 113.1 31.04 13.3
    endloop
  endfacet
  facet normal 0 0 1
    outer loop
      vertex 112.122 33.0234 13.3
      vertex 113.322 34.2234 13.3
      vertex 113.05 34.4051 13.3
    endloop
  endfacet
  facet normal 0 0 1
    outer loop
      vertex 114.3 32.24 13.3
      vertex 113.015 31.687 13.3
      vertex 113.079 31.3663 13.3
    endloop
  endfacet
  facet normal 0 0 1
    outer loop
      vertex 114.3 32.24 13.3
      vertex 112.91 31.9967 13.3
      vertex 113.015 31.687 13.3
    endloop
  endfacet
  facet normal 0 0 1
    outer loop
      vertex 114.279 32.5663 13.3
      vertex 112.765 32.29 13.3
      vertex 112.91 31.9967 13.3
    endloop
  endfacet
  facet normal 0 0 1
    outer loop
      vertex 112.122 33.0234 13.3
      vertex 113.05 34.4051 13.3
      vertex 112.757 34.5497 13.3
    endloop
  endfacet
  facet normal 0 0 1
    outer loop
      vertex 114.11 33.1967 13.3
      vertex 112.583 32.5619 13.3
      vertex 112.765 32.29 13.3
    endloop
  endfacet
  facet normal 0 0 1
    outer loop
      vertex 111.85 33.2051 13.3
      vertex 112.757 34.5497 13.3
      vertex 112.447 34.6548 13.3
    endloop
  endfacet
  facet normal 0 0 1
    outer loop
      vertex 113.783 33.7619 13.3
      vertex 112.368 32.8078 13.3
      vertex 112.583 32.5619 13.3
    endloop
  endfacet
  facet normal 0 0 1
    outer loop
      vertex 111.85 33.2051 13.3
      vertex 112.447 34.6548 13.3
      vertex 112.126 34.7186 13.3
    endloop
  endfacet
  facet normal 0 0 1
    outer loop
      vertex 113.322 34.2234 13.3
      vertex 112.122 33.0234 13.3
      vertex 112.368 32.8078 13.3
    endloop
  endfacet
  facet normal 0 0 1
    outer loop
      vertex 112.757 34.5497 13.3
      vertex 111.85 33.2051 13.3
      vertex 112.122 33.0234 13.3
    endloop
  endfacet
  facet normal 0 0 1
    outer loop
      vertex 111.557 33.3497 13.3
      vertex 112.126 34.7186 13.3
      vertex 111.8 34.74 13.3
    endloop
  endfacet
  facet normal 0 0 1
    outer loop
      vertex 112.126 34.7186 13.3
      vertex 111.557 33.3497 13.3
      vertex 111.85 33.2051 13.3
    endloop
  endfacet
  facet normal 0 0 1
    outer loop
      vertex 111.8 34.74 13.3
      vertex 111.247 33.4548 13.3
      vertex 111.557 33.3497 13.3
    endloop
  endfacet
  facet normal 0 0 1
    outer loop
      vertex 111.8 34.74 13.3
      vertex 110.926 33.5186 13.3
      vertex 111.247 33.4548 13.3
    endloop
  endfacet
  facet normal 0 0 1
    outer loop
      vertex 111.8 34.74 13.3
      vertex 110.6 33.54 13.3
      vertex 110.926 33.5186 13.3
    endloop
  endfacet
  facet normal 0 0 1
    outer loop
      vertex 111.8 34.74 13.3
      vertex 6.8 33.54 13.3
      vertex 110.6 33.54 13.3
    endloop
  endfacet
  facet normal -0 0 1
    outer loop
      vertex 5.6 34.74 13.3
      vertex 6.8 33.54 13.3
      vertex 111.8 34.74 13.3
    endloop
  endfacet
  facet normal 0 0 1
    outer loop
      vertex 5.6 34.74 13.3
      vertex 6.47368 33.5186 13.3
      vertex 6.8 33.54 13.3
    endloop
  endfacet
  facet normal 0 0 1
    outer loop
      vertex 5.6 34.74 13.3
      vertex 6.15295 33.4548 13.3
      vertex 6.47368 33.5186 13.3
    endloop
  endfacet
  facet normal 0 0 1
    outer loop
      vertex 5.6 34.74 13.3
      vertex 5.84329 33.3497 13.3
      vertex 6.15295 33.4548 13.3
    endloop
  endfacet
  facet normal -0 0 1
    outer loop
      vertex 5.27368 34.7186 13.3
      vertex 5.84329 33.3497 13.3
      vertex 5.6 34.74 13.3
    endloop
  endfacet
  facet normal 0 0 1
    outer loop
      vertex 5.84329 33.3497 13.3
      vertex 5.27368 34.7186 13.3
      vertex 5.55 33.2051 13.3
    endloop
  endfacet
  facet normal -0 0 1
    outer loop
      vertex 4.95295 34.6548 13.3
      vertex 5.55 33.2051 13.3
      vertex 5.27368 34.7186 13.3
    endloop
  endfacet
  facet normal -0 0 1
    outer loop
      vertex 4.64329 34.5497 13.3
      vertex 5.55 33.2051 13.3
      vertex 4.95295 34.6548 13.3
    endloop
  endfacet
  facet normal 0 0 1
    outer loop
      vertex 5.55 33.2051 13.3
      vertex 4.64329 34.5497 13.3
      vertex 5.2781 33.0234 13.3
    endloop
  endfacet
  facet normal -0 0 1
    outer loop
      vertex 4.35 34.4051 13.3
      vertex 5.2781 33.0234 13.3
      vertex 4.64329 34.5497 13.3
    endloop
  endfacet
  facet normal -0 0 1
    outer loop
      vertex 4.0781 34.2234 13.3
      vertex 5.2781 33.0234 13.3
      vertex 4.35 34.4051 13.3
    endloop
  endfacet
  facet normal 0 0 1
    outer loop
      vertex 5.2781 33.0234 13.3
      vertex 4.0781 34.2234 13.3
      vertex 5.03223 32.8078 13.3
    endloop
  endfacet
  facet normal -0 0 1
    outer loop
      vertex 3.83223 34.0078 13.3
      vertex 5.03223 32.8078 13.3
      vertex 4.0781 34.2234 13.3
    endloop
  endfacet
  facet normal -0 0 1
    outer loop
      vertex 3.61662 33.7619 13.3
      vertex 5.03223 32.8078 13.3
      vertex 3.83223 34.0078 13.3
    endloop
  endfacet
  facet normal 0 0 1
    outer loop
      vertex 5.03223 32.8078 13.3
      vertex 3.61662 33.7619 13.3
      vertex 4.81662 32.5619 13.3
    endloop
  endfacet
  facet normal -0 0 1
    outer loop
      vertex 3.43494 33.49 13.3
      vertex 4.81662 32.5619 13.3
      vertex 3.61662 33.7619 13.3
    endloop
  endfacet
  facet normal -0 0 1
    outer loop
      vertex 3.2903 33.1967 13.3
      vertex 4.81662 32.5619 13.3
      vertex 3.43494 33.49 13.3
    endloop
  endfacet
  facet normal -0 0 1
    outer loop
      vertex 3.18518 32.887 13.3
      vertex 4.63494 32.29 13.3
      vertex 3.2903 33.1967 13.3
    endloop
  endfacet
  facet normal 0 0 1
    outer loop
      vertex 4.81662 32.5619 13.3
      vertex 3.2903 33.1967 13.3
      vertex 4.63494 32.29 13.3
    endloop
  endfacet
  facet normal 0 0 1
    outer loop
      vertex 114.215 4.95295 13.3
      vertex 112.765 5.55 13.3
      vertex 114.11 4.64329 13.3
    endloop
  endfacet
  facet normal -0 0 1
    outer loop
      vertex 112.583 5.2781 13.3
      vertex 114.11 4.64329 13.3
      vertex 112.765 5.55 13.3
    endloop
  endfacet
  facet normal 0 0 1
    outer loop
      vertex 114.11 4.64329 13.3
      vertex 112.583 5.2781 13.3
      vertex 113.965 4.35 13.3
    endloop
  endfacet
  facet normal 0 0 1
    outer loop
      vertex 113.965 4.35 13.3
      vertex 112.583 5.2781 13.3
      vertex 113.783 4.0781 13.3
    endloop
  endfacet
  facet normal -0 0 1
    outer loop
      vertex 112.368 5.03223 13.3
      vertex 113.783 4.0781 13.3
      vertex 112.583 5.2781 13.3
    endloop
  endfacet
  facet normal 0 0 1
    outer loop
      vertex 113.783 4.0781 13.3
      vertex 112.368 5.03223 13.3
      vertex 113.568 3.83223 13.3
    endloop
  endfacet
  facet normal 0 0 1
    outer loop
      vertex 113.568 3.83223 13.3
      vertex 112.368 5.03223 13.3
      vertex 113.322 3.61662 13.3
    endloop
  endfacet
  facet normal -0 0 1
    outer loop
      vertex 112.122 4.81662 13.3
      vertex 113.322 3.61662 13.3
      vertex 112.368 5.03223 13.3
    endloop
  endfacet
  facet normal 0 0 1
    outer loop
      vertex 113.322 3.61662 13.3
      vertex 112.122 4.81662 13.3
      vertex 113.05 3.43494 13.3
    endloop
  endfacet
  facet normal 0 0 1
    outer loop
      vertex 113.05 3.43494 13.3
      vertex 112.122 4.81662 13.3
      vertex 112.757 3.2903 13.3
    endloop
  endfacet
  facet normal -0 0 1
    outer loop
      vertex 111.85 4.63494 13.3
      vertex 112.757 3.2903 13.3
      vertex 112.122 4.81662 13.3
    endloop
  endfacet
  facet normal 0 0 1
    outer loop
      vertex 112.757 3.2903 13.3
      vertex 111.85 4.63494 13.3
      vertex 112.447 3.18518 13.3
    endloop
  endfacet
  facet normal 0 0 1
    outer loop
      vertex 112.447 3.18518 13.3
      vertex 111.85 4.63494 13.3
      vertex 112.126 3.12139 13.3
    endloop
  endfacet
  facet normal -0 0 1
    outer loop
      vertex 111.557 4.4903 13.3
      vertex 112.126 3.12139 13.3
      vertex 111.85 4.63494 13.3
    endloop
  endfacet
  facet normal 0 0 1
    outer loop
      vertex 112.126 3.12139 13.3
      vertex 111.557 4.4903 13.3
      vertex 111.8 3.1 13.3
    endloop
  endfacet
  facet normal -0 0 1
    outer loop
      vertex 111.247 4.38518 13.3
      vertex 111.8 3.1 13.3
      vertex 111.557 4.4903 13.3
    endloop
  endfacet
  facet normal -0 0 1
    outer loop
      vertex 110.926 4.32139 13.3
      vertex 111.8 3.1 13.3
      vertex 111.247 4.38518 13.3
    endloop
  endfacet
  facet normal -0 0 1
    outer loop
      vertex 110.6 4.3 13.3
      vertex 111.8 3.1 13.3
      vertex 110.926 4.32139 13.3
    endloop
  endfacet
  facet normal -0 0 1
    outer loop
      vertex 6.8 4.3 13.3
      vertex 111.8 3.1 13.3
      vertex 110.6 4.3 13.3
    endloop
  endfacet
  facet normal 0 0 1
    outer loop
      vertex 6.8 4.3 13.3
      vertex 5.6 3.1 13.3
      vertex 111.8 3.1 13.3
    endloop
  endfacet
  facet normal 0 0 1
    outer loop
      vertex 6.47368 4.32139 13.3
      vertex 5.6 3.1 13.3
      vertex 6.8 4.3 13.3
    endloop
  endfacet
  facet normal 0 0 1
    outer loop
      vertex 6.15295 4.38518 13.3
      vertex 5.6 3.1 13.3
      vertex 6.47368 4.32139 13.3
    endloop
  endfacet
  facet normal 0 0 1
    outer loop
      vertex 5.84329 4.4903 13.3
      vertex 5.6 3.1 13.3
      vertex 6.15295 4.38518 13.3
    endloop
  endfacet
  facet normal 0 0 1
    outer loop
      vertex 5.27368 3.12139 13.3
      vertex 5.84329 4.4903 13.3
      vertex 5.55 4.63494 13.3
    endloop
  endfacet
  facet normal 0 0 1
    outer loop
      vertex 4.64329 3.2903 13.3
      vertex 5.55 4.63494 13.3
      vertex 5.2781 4.81662 13.3
    endloop
  endfacet
  facet normal 0 0 1
    outer loop
      vertex 5.84329 4.4903 13.3
      vertex 5.27368 3.12139 13.3
      vertex 5.6 3.1 13.3
    endloop
  endfacet
  facet normal 0 0 1
    outer loop
      vertex 4.0781 3.61662 13.3
      vertex 5.2781 4.81662 13.3
      vertex 5.03223 5.03223 13.3
    endloop
  endfacet
  facet normal 0 0 1
    outer loop
      vertex 5.55 4.63494 13.3
      vertex 4.95295 3.18518 13.3
      vertex 5.27368 3.12139 13.3
    endloop
  endfacet
  facet normal 0 0 1
    outer loop
      vertex 3.61662 4.0781 13.3
      vertex 5.03223 5.03223 13.3
      vertex 4.81662 5.2781 13.3
    endloop
  endfacet
  facet normal 0 0 1
    outer loop
      vertex 5.55 4.63494 13.3
      vertex 4.64329 3.2903 13.3
      vertex 4.95295 3.18518 13.3
    endloop
  endfacet
  facet normal 0 0 1
    outer loop
      vertex 3.2903 4.64329 13.3
      vertex 4.81662 5.2781 13.3
      vertex 4.63494 5.55 13.3
    endloop
  endfacet
  facet normal 0 0 1
    outer loop
      vertex 3.12139 5.27368 13.3
      vertex 4.63494 5.55 13.3
      vertex 4.4903 5.84329 13.3
    endloop
  endfacet
  facet normal 0 0 1
    outer loop
      vertex 3.1 5.6 13.3
      vertex 4.4903 5.84329 13.3
      vertex 4.38518 6.15295 13.3
    endloop
  endfacet
  facet normal 0 0 1
    outer loop
      vertex 5.2781 4.81662 13.3
      vertex 4.35 3.43494 13.3
      vertex 4.64329 3.2903 13.3
    endloop
  endfacet
  facet normal 0 0 1
    outer loop
      vertex 3.1 5.6 13.3
      vertex 4.38518 6.15295 13.3
      vertex 4.32139 6.47368 13.3
    endloop
  endfacet
  facet normal 0 0 1
    outer loop
      vertex 3.1 5.6 13.3
      vertex 4.32139 6.47368 13.3
      vertex 4.3 6.8 13.3
    endloop
  endfacet
  facet normal 0 0 1
    outer loop
      vertex 5.2781 4.81662 13.3
      vertex 4.0781 3.61662 13.3
      vertex 4.35 3.43494 13.3
    endloop
  endfacet
  facet normal 0 0 1
    outer loop
      vertex 4.3 31.04 13.3
      vertex 3.1 32.24 13.3
      vertex 4.3 6.8 13.3
    endloop
  endfacet
  facet normal -0 0 1
    outer loop
      vertex 3.12139 32.5663 13.3
      vertex 4.63494 32.29 13.3
      vertex 3.18518 32.887 13.3
    endloop
  endfacet
  facet normal 0 0 1
    outer loop
      vertex 3.1 5.6 13.3
      vertex 4.3 6.8 13.3
      vertex 3.1 32.24 13.3
    endloop
  endfacet
  facet normal 0 0 1
    outer loop
      vertex 4.63494 32.29 13.3
      vertex 3.12139 32.5663 13.3
      vertex 4.4903 31.9967 13.3
    endloop
  endfacet
  facet normal 0 0 1
    outer loop
      vertex 4.4903 5.84329 13.3
      vertex 3.1 5.6 13.3
      vertex 3.12139 5.27368 13.3
    endloop
  endfacet
  facet normal -0 0 1
    outer loop
      vertex 3.1 32.24 13.3
      vertex 4.4903 31.9967 13.3
      vertex 3.12139 32.5663 13.3
    endloop
  endfacet
  facet normal 0 0 1
    outer loop
      vertex 5.03223 5.03223 13.3
      vertex 3.83223 3.83223 13.3
      vertex 4.0781 3.61662 13.3
    endloop
  endfacet
  facet normal 0 0 1
    outer loop
      vertex 4.4903 31.9967 13.3
      vertex 3.1 32.24 13.3
      vertex 4.38518 31.687 13.3
    endloop
  endfacet
  facet normal 0 0 1
    outer loop
      vertex 5.03223 5.03223 13.3
      vertex 3.61662 4.0781 13.3
      vertex 3.83223 3.83223 13.3
    endloop
  endfacet
  facet normal 0 0 1
    outer loop
      vertex 4.38518 31.687 13.3
      vertex 3.1 32.24 13.3
      vertex 4.32139 31.3663 13.3
    endloop
  endfacet
  facet normal 0 0 1
    outer loop
      vertex 4.81662 5.2781 13.3
      vertex 3.43494 4.35 13.3
      vertex 3.61662 4.0781 13.3
    endloop
  endfacet
  facet normal 0 0 1
    outer loop
      vertex 4.32139 31.3663 13.3
      vertex 3.1 32.24 13.3
      vertex 4.3 31.04 13.3
    endloop
  endfacet
  facet normal 0 0 1
    outer loop
      vertex 4.81662 5.2781 13.3
      vertex 3.2903 4.64329 13.3
      vertex 3.43494 4.35 13.3
    endloop
  endfacet
  facet normal 0 0 1
    outer loop
      vertex 4.63494 5.55 13.3
      vertex 3.18518 4.95295 13.3
      vertex 3.2903 4.64329 13.3
    endloop
  endfacet
  facet normal 0 0 1
    outer loop
      vertex 4.63494 5.55 13.3
      vertex 3.12139 5.27368 13.3
      vertex 3.18518 4.95295 13.3
    endloop
  endfacet
  facet normal -0.980789 -0.195069 0
    outer loop
      vertex 3.18518 4.95295 10.8
      vertex 3.12139 5.27368 13.3
      vertex 3.12139 5.27368 10.8
    endloop
  endfacet
  facet normal -0.980789 -0.195069 0
    outer loop
      vertex 3.12139 5.27368 13.3
      vertex 3.18518 4.95295 10.8
      vertex 3.18518 4.95295 13.3
    endloop
  endfacet
  facet normal 0.65911 0.752046 -0
    outer loop
      vertex 113.568 34.0078 10.8
      vertex 113.322 34.2234 13.3
      vertex 113.568 34.0078 13.3
    endloop
  endfacet
  facet normal 0.65911 0.752046 0
    outer loop
      vertex 113.322 34.2234 13.3
      vertex 113.568 34.0078 10.8
      vertex 113.322 34.2234 10.8
    endloop
  endfacet
  facet normal -0.194911 0.980821 0
    outer loop
      vertex 111.247 4.38518 10.8
      vertex 110.926 4.32139 13.3
      vertex 111.247 4.38518 13.3
    endloop
  endfacet
  facet normal -0.194911 0.980821 0
    outer loop
      vertex 110.926 4.32139 13.3
      vertex 111.247 4.38518 10.8
      vertex 110.926 4.32139 10.8
    endloop
  endfacet
  facet normal 0 -1 0
    outer loop
      vertex 6.8 33.54 10.8
      vertex 110.6 33.54 13.3
      vertex 6.8 33.54 13.3
    endloop
  endfacet
  facet normal 0 -1 -0
    outer loop
      vertex 110.6 33.54 13.3
      vertex 6.8 33.54 10.8
      vertex 110.6 33.54 10.8
    endloop
  endfacet
  facet normal 0.555617 -0.831438 0
    outer loop
      vertex 5.2781 33.0234 10.8
      vertex 5.55 33.2051 13.3
      vertex 5.2781 33.0234 13.3
    endloop
  endfacet
  facet normal 0.555617 -0.831438 0
    outer loop
      vertex 5.55 33.2051 13.3
      vertex 5.2781 33.0234 10.8
      vertex 5.55 33.2051 10.8
    endloop
  endfacet
  facet normal -0.831014 -0.556251 0
    outer loop
      vertex 112.765 32.29 10.8
      vertex 112.583 32.5619 13.3
      vertex 112.583 32.5619 10.8
    endloop
  endfacet
  facet normal -0.831014 -0.556251 0
    outer loop
      vertex 112.583 32.5619 13.3
      vertex 112.765 32.29 10.8
      vertex 112.765 32.29 13.3
    endloop
  endfacet
  facet normal -0.94705 -0.321086 0
    outer loop
      vertex 113.015 31.687 10.8
      vertex 112.91 31.9967 13.3
      vertex 112.91 31.9967 10.8
    endloop
  endfacet
  facet normal -0.94705 -0.321086 0
    outer loop
      vertex 112.91 31.9967 13.3
      vertex 113.015 31.687 10.8
      vertex 113.015 31.687 13.3
    endloop
  endfacet
  facet normal 1 -0 0
    outer loop
      vertex 4.3 6.8 13.3
      vertex 4.3 31.04 10.8
      vertex 4.3 31.04 13.3
    endloop
  endfacet
  facet normal 1 0 0
    outer loop
      vertex 4.3 31.04 10.8
      vertex 4.3 6.8 13.3
      vertex 4.3 6.8 10.8
    endloop
  endfacet
  facet normal -0.997935 -0.0642251 0
    outer loop
      vertex 113.1 31.04 10.8
      vertex 113.079 31.3663 13.3
      vertex 113.079 31.3663 10.8
    endloop
  endfacet
  facet normal -0.997935 -0.0642251 0
    outer loop
      vertex 113.079 31.3663 13.3
      vertex 113.1 31.04 10.8
      vertex 113.1 31.04 13.3
    endloop
  endfacet
  facet normal -0.442654 0.896693 0
    outer loop
      vertex 111.85 4.63494 10.8
      vertex 111.557 4.4903 13.3
      vertex 111.85 4.63494 13.3
    endloop
  endfacet
  facet normal -0.442654 0.896693 0
    outer loop
      vertex 111.557 4.4903 13.3
      vertex 111.85 4.63494 10.8
      vertex 111.557 4.4903 10.8
    endloop
  endfacet
  facet normal 0 1 -0
    outer loop
      vertex 110.6 4.3 10.8
      vertex 6.8 4.3 13.3
      vertex 110.6 4.3 13.3
    endloop
  endfacet
  facet normal 0 1 0
    outer loop
      vertex 6.8 4.3 13.3
      vertex 110.6 4.3 10.8
      vertex 6.8 4.3 10.8
    endloop
  endfacet
  facet normal 0.751898 -0.659279 0
    outer loop
      vertex 4.81662 32.5619 13.3
      vertex 5.03223 32.8078 10.8
      vertex 5.03223 32.8078 13.3
    endloop
  endfacet
  facet normal 0.751898 -0.659279 0
    outer loop
      vertex 5.03223 32.8078 10.8
      vertex 4.81662 32.5619 13.3
      vertex 4.81662 32.5619 10.8
    endloop
  endfacet
  facet normal 0.997859 0.0654088 0
    outer loop
      vertex 4.32139 6.47368 13.3
      vertex 4.3 6.8 10.8
      vertex 4.3 6.8 13.3
    endloop
  endfacet
  facet normal 0.997859 0.0654088 0
    outer loop
      vertex 4.3 6.8 10.8
      vertex 4.32139 6.47368 13.3
      vertex 4.32139 6.47368 10.8
    endloop
  endfacet
  facet normal -0.0655032 -0.997852 0
    outer loop
      vertex 110.6 33.54 10.8
      vertex 110.926 33.5186 13.3
      vertex 110.6 33.54 13.3
    endloop
  endfacet
  facet normal -0.0655032 -0.997852 -0
    outer loop
      vertex 110.926 33.5186 13.3
      vertex 110.6 33.54 10.8
      vertex 110.926 33.5186 10.8
    endloop
  endfacet
  facet normal -1 0 0
    outer loop
      vertex 113.1 6.8 10.8
      vertex 113.1 31.04 13.3
      vertex 113.1 31.04 10.8
    endloop
  endfacet
  facet normal -1 -0 0
    outer loop
      vertex 113.1 31.04 13.3
      vertex 113.1 6.8 10.8
      vertex 113.1 6.8 13.3
    endloop
  endfacet
  facet normal -0.831014 0.556251 0
    outer loop
      vertex 112.583 5.2781 10.8
      vertex 112.765 5.55 13.3
      vertex 112.765 5.55 10.8
    endloop
  endfacet
  facet normal -0.831014 0.556251 0
    outer loop
      vertex 112.765 5.55 13.3
      vertex 112.583 5.2781 10.8
      vertex 112.583 5.2781 13.3
    endloop
  endfacet
  facet normal 0.980786 -0.195087 0
    outer loop
      vertex 4.32139 31.3663 13.3
      vertex 4.38518 31.687 10.8
      vertex 4.38518 31.687 13.3
    endloop
  endfacet
  facet normal 0.980786 -0.195087 0
    outer loop
      vertex 4.38518 31.687 10.8
      vertex 4.32139 31.3663 13.3
      vertex 4.32139 31.3663 10.8
    endloop
  endfacet
  facet normal -0.321081 -0.947052 0
    outer loop
      vertex 111.247 33.4548 10.8
      vertex 111.557 33.3497 13.3
      vertex 111.247 33.4548 13.3
    endloop
  endfacet
  facet normal -0.321081 -0.947052 -0
    outer loop
      vertex 111.557 33.3497 13.3
      vertex 111.247 33.4548 10.8
      vertex 111.557 33.3497 10.8
    endloop
  endfacet
  facet normal 0.997858 -0.0654128 0
    outer loop
      vertex 4.3 31.04 13.3
      vertex 4.32139 31.3663 10.8
      vertex 4.32139 31.3663 13.3
    endloop
  endfacet
  facet normal 0.997858 -0.0654128 0
    outer loop
      vertex 4.32139 31.3663 10.8
      vertex 4.3 31.04 13.3
      vertex 4.3 31.04 10.8
    endloop
  endfacet
  facet normal -0.980666 0.195687 0
    outer loop
      vertex 113.015 6.15295 10.8
      vertex 113.079 6.47368 13.3
      vertex 113.079 6.47368 10.8
    endloop
  endfacet
  facet normal -0.980666 0.195687 0
    outer loop
      vertex 113.079 6.47368 13.3
      vertex 113.015 6.15295 10.8
      vertex 113.015 6.15295 13.3
    endloop
  endfacet
  facet normal 0.659307 -0.751873 0
    outer loop
      vertex 5.03223 32.8078 10.8
      vertex 5.2781 33.0234 13.3
      vertex 5.03223 32.8078 13.3
    endloop
  endfacet
  facet normal 0.659307 -0.751873 0
    outer loop
      vertex 5.2781 33.0234 13.3
      vertex 5.03223 32.8078 10.8
      vertex 5.2781 33.0234 10.8
    endloop
  endfacet
  facet normal -0.896435 -0.443175 0
    outer loop
      vertex 112.91 31.9967 10.8
      vertex 112.765 32.29 13.3
      vertex 112.765 32.29 10.8
    endloop
  endfacet
  facet normal -0.896435 -0.443175 0
    outer loop
      vertex 112.765 32.29 13.3
      vertex 112.91 31.9967 10.8
      vertex 112.91 31.9967 13.3
    endloop
  endfacet
  facet normal 0.0654088 0.997859 -0
    outer loop
      vertex 6.8 4.3 10.8
      vertex 6.47368 4.32139 13.3
      vertex 6.8 4.3 13.3
    endloop
  endfacet
  facet normal 0.0654088 0.997859 0
    outer loop
      vertex 6.47368 4.32139 13.3
      vertex 6.8 4.3 10.8
      vertex 6.47368 4.32139 10.8
    endloop
  endfacet
  facet normal 0.195069 0.980789 -0
    outer loop
      vertex 6.47368 4.32139 10.8
      vertex 6.15295 4.38518 13.3
      vertex 6.47368 4.32139 13.3
    endloop
  endfacet
  facet normal 0.195069 0.980789 0
    outer loop
      vertex 6.15295 4.38518 13.3
      vertex 6.47368 4.32139 10.8
      vertex 6.15295 4.38518 10.8
    endloop
  endfacet
  facet normal 0.321452 0.946926 -0
    outer loop
      vertex 6.15295 4.38518 10.8
      vertex 5.84329 4.4903 13.3
      vertex 6.15295 4.38518 13.3
    endloop
  endfacet
  facet normal 0.321452 0.946926 0
    outer loop
      vertex 5.84329 4.4903 13.3
      vertex 6.15295 4.38518 10.8
      vertex 5.84329 4.4903 10.8
    endloop
  endfacet
  facet normal 0.980789 0.195069 0
    outer loop
      vertex 4.38518 6.15295 13.3
      vertex 4.32139 6.47368 10.8
      vertex 4.32139 6.47368 13.3
    endloop
  endfacet
  facet normal 0.980789 0.195069 0
    outer loop
      vertex 4.32139 6.47368 10.8
      vertex 4.38518 6.15295 13.3
      vertex 4.38518 6.15295 10.8
    endloop
  endfacet
  facet normal -0.752783 0.658268 0
    outer loop
      vertex 112.368 5.03223 10.8
      vertex 112.583 5.2781 13.3
      vertex 112.583 5.2781 10.8
    endloop
  endfacet
  facet normal -0.752783 0.658268 0
    outer loop
      vertex 112.583 5.2781 13.3
      vertex 112.368 5.03223 10.8
      vertex 112.368 5.03223 13.3
    endloop
  endfacet
  facet normal -0.896429 0.443187 0
    outer loop
      vertex 112.765 5.55 10.8
      vertex 112.91 5.84329 13.3
      vertex 112.91 5.84329 10.8
    endloop
  endfacet
  facet normal -0.896429 0.443187 0
    outer loop
      vertex 112.91 5.84329 13.3
      vertex 112.765 5.55 10.8
      vertex 112.765 5.55 13.3
    endloop
  endfacet
  facet normal -0.752823 -0.658223 0
    outer loop
      vertex 112.583 32.5619 10.8
      vertex 112.368 32.8078 13.3
      vertex 112.368 32.8078 10.8
    endloop
  endfacet
  facet normal -0.752823 -0.658223 0
    outer loop
      vertex 112.368 32.8078 13.3
      vertex 112.583 32.5619 10.8
      vertex 112.583 32.5619 13.3
    endloop
  endfacet
  facet normal 0.442302 0.896866 -0
    outer loop
      vertex 5.84329 4.4903 10.8
      vertex 5.55 4.63494 13.3
      vertex 5.84329 4.4903 13.3
    endloop
  endfacet
  facet normal 0.442302 0.896866 0
    outer loop
      vertex 5.55 4.63494 13.3
      vertex 5.84329 4.4903 10.8
      vertex 5.55 4.63494 10.8
    endloop
  endfacet
  facet normal 0.946926 0.321452 0
    outer loop
      vertex 4.4903 5.84329 13.3
      vertex 4.38518 6.15295 10.8
      vertex 4.38518 6.15295 13.3
    endloop
  endfacet
  facet normal 0.946926 0.321452 0
    outer loop
      vertex 4.38518 6.15295 10.8
      vertex 4.4903 5.84329 13.3
      vertex 4.4903 5.84329 10.8
    endloop
  endfacet
  facet normal -0.997936 0.0642212 0
    outer loop
      vertex 113.079 6.47368 10.8
      vertex 113.1 6.8 13.3
      vertex 113.1 6.8 10.8
    endloop
  endfacet
  facet normal -0.997936 0.0642212 0
    outer loop
      vertex 113.1 6.8 13.3
      vertex 113.079 6.47368 10.8
      vertex 113.079 6.47368 13.3
    endloop
  endfacet
  facet normal -0.321136 0.947033 0
    outer loop
      vertex 111.557 4.4903 10.8
      vertex 111.247 4.38518 13.3
      vertex 111.557 4.4903 13.3
    endloop
  endfacet
  facet normal -0.321136 0.947033 0
    outer loop
      vertex 111.247 4.38518 13.3
      vertex 111.557 4.4903 10.8
      vertex 111.247 4.38518 10.8
    endloop
  endfacet
  facet normal 0.896866 0.442302 0
    outer loop
      vertex 4.63494 5.55 13.3
      vertex 4.4903 5.84329 10.8
      vertex 4.4903 5.84329 13.3
    endloop
  endfacet
  facet normal 0.896866 0.442302 0
    outer loop
      vertex 4.4903 5.84329 10.8
      vertex 4.63494 5.55 13.3
      vertex 4.63494 5.55 10.8
    endloop
  endfacet
  facet normal -0.555476 -0.831533 0
    outer loop
      vertex 111.85 33.2051 10.8
      vertex 112.122 33.0234 13.3
      vertex 111.85 33.2051 13.3
    endloop
  endfacet
  facet normal -0.555476 -0.831533 -0
    outer loop
      vertex 112.122 33.0234 13.3
      vertex 111.85 33.2051 10.8
      vertex 112.122 33.0234 10.8
    endloop
  endfacet
  facet normal -0.65911 -0.752046 0
    outer loop
      vertex 112.122 33.0234 10.8
      vertex 112.368 32.8078 13.3
      vertex 112.122 33.0234 13.3
    endloop
  endfacet
  facet normal -0.65911 -0.752046 -0
    outer loop
      vertex 112.368 32.8078 13.3
      vertex 112.122 33.0234 10.8
      vertex 112.368 32.8078 10.8
    endloop
  endfacet
  facet normal 0.751858 0.659325 0
    outer loop
      vertex 5.03223 5.03223 13.3
      vertex 4.81662 5.2781 10.8
      vertex 4.81662 5.2781 13.3
    endloop
  endfacet
  facet normal 0.751858 0.659325 0
    outer loop
      vertex 4.81662 5.2781 10.8
      vertex 5.03223 5.03223 13.3
      vertex 5.03223 5.03223 10.8
    endloop
  endfacet
  facet normal 0.896872 -0.44229 0
    outer loop
      vertex 4.4903 31.9967 13.3
      vertex 4.63494 32.29 10.8
      vertex 4.63494 32.29 13.3
    endloop
  endfacet
  facet normal 0.896872 -0.44229 0
    outer loop
      vertex 4.63494 32.29 10.8
      vertex 4.4903 31.9967 13.3
      vertex 4.4903 31.9967 10.8
    endloop
  endfacet
  facet normal -0.442556 -0.896741 0
    outer loop
      vertex 111.557 33.3497 10.8
      vertex 111.85 33.2051 13.3
      vertex 111.557 33.3497 13.3
    endloop
  endfacet
  facet normal -0.442556 -0.896741 -0
    outer loop
      vertex 111.85 33.2051 13.3
      vertex 111.557 33.3497 10.8
      vertex 111.85 33.2051 10.8
    endloop
  endfacet
  facet normal 0.659325 0.751858 -0
    outer loop
      vertex 5.2781 4.81662 10.8
      vertex 5.03223 5.03223 13.3
      vertex 5.2781 4.81662 13.3
    endloop
  endfacet
  facet normal 0.659325 0.751858 0
    outer loop
      vertex 5.03223 5.03223 13.3
      vertex 5.2781 4.81662 10.8
      vertex 5.03223 5.03223 10.8
    endloop
  endfacet
  facet normal 0.946938 -0.321415 0
    outer loop
      vertex 4.38518 31.687 13.3
      vertex 4.4903 31.9967 10.8
      vertex 4.4903 31.9967 13.3
    endloop
  endfacet
  facet normal 0.946938 -0.321415 0
    outer loop
      vertex 4.4903 31.9967 10.8
      vertex 4.38518 31.687 13.3
      vertex 4.38518 31.687 10.8
    endloop
  endfacet
  facet normal 0.0654392 -0.997857 0
    outer loop
      vertex 6.47368 33.5186 10.8
      vertex 6.8 33.54 13.3
      vertex 6.47368 33.5186 13.3
    endloop
  endfacet
  facet normal 0.0654392 -0.997857 0
    outer loop
      vertex 6.8 33.54 13.3
      vertex 6.47368 33.5186 10.8
      vertex 6.8 33.54 10.8
    endloop
  endfacet
  facet normal 0.442204 -0.896915 0
    outer loop
      vertex 5.55 33.2051 10.8
      vertex 5.84329 33.3497 13.3
      vertex 5.55 33.2051 13.3
    endloop
  endfacet
  facet normal 0.442204 -0.896915 0
    outer loop
      vertex 5.84329 33.3497 13.3
      vertex 5.55 33.2051 10.8
      vertex 5.84329 33.3497 10.8
    endloop
  endfacet
  facet normal 0.831466 -0.555575 0
    outer loop
      vertex 4.63494 32.29 13.3
      vertex 4.81662 32.5619 10.8
      vertex 4.81662 32.5619 13.3
    endloop
  endfacet
  facet normal 0.831466 -0.555575 0
    outer loop
      vertex 4.81662 32.5619 10.8
      vertex 4.63494 32.29 13.3
      vertex 4.63494 32.29 10.8
    endloop
  endfacet
  facet normal 0.555575 0.831466 -0
    outer loop
      vertex 5.55 4.63494 10.8
      vertex 5.2781 4.81662 13.3
      vertex 5.55 4.63494 13.3
    endloop
  endfacet
  facet normal 0.555575 0.831466 0
    outer loop
      vertex 5.2781 4.81662 13.3
      vertex 5.55 4.63494 10.8
      vertex 5.2781 4.81662 10.8
    endloop
  endfacet
  facet normal 0.321397 -0.946944 0
    outer loop
      vertex 5.84329 33.3497 10.8
      vertex 6.15295 33.4548 13.3
      vertex 5.84329 33.3497 13.3
    endloop
  endfacet
  facet normal 0.321397 -0.946944 0
    outer loop
      vertex 6.15295 33.4548 13.3
      vertex 5.84329 33.3497 10.8
      vertex 6.15295 33.4548 10.8
    endloop
  endfacet
  facet normal -0.0654727 0.997854 0
    outer loop
      vertex 110.926 4.32139 10.8
      vertex 110.6 4.3 13.3
      vertex 110.926 4.32139 13.3
    endloop
  endfacet
  facet normal -0.0654727 0.997854 0
    outer loop
      vertex 110.6 4.3 13.3
      vertex 110.926 4.32139 10.8
      vertex 110.6 4.3 10.8
    endloop
  endfacet
  facet normal -0.947038 0.321123 0
    outer loop
      vertex 112.91 5.84329 10.8
      vertex 113.015 6.15295 13.3
      vertex 113.015 6.15295 10.8
    endloop
  endfacet
  facet normal -0.947038 0.321123 0
    outer loop
      vertex 113.015 6.15295 13.3
      vertex 112.91 5.84329 10.8
      vertex 112.91 5.84329 13.3
    endloop
  endfacet
  facet normal 0.195099 -0.980784 0
    outer loop
      vertex 6.15295 33.4548 10.8
      vertex 6.47368 33.5186 13.3
      vertex 6.15295 33.4548 13.3
    endloop
  endfacet
  facet normal 0.195099 -0.980784 0
    outer loop
      vertex 6.47368 33.5186 13.3
      vertex 6.15295 33.4548 10.8
      vertex 6.47368 33.5186 10.8
    endloop
  endfacet
  facet normal -0.194941 -0.980815 0
    outer loop
      vertex 110.926 33.5186 10.8
      vertex 111.247 33.4548 13.3
      vertex 110.926 33.5186 13.3
    endloop
  endfacet
  facet normal -0.194941 -0.980815 -0
    outer loop
      vertex 111.247 33.4548 13.3
      vertex 110.926 33.5186 10.8
      vertex 111.247 33.4548 10.8
    endloop
  endfacet
  facet normal -0.980663 -0.195704 0
    outer loop
      vertex 113.079 31.3663 10.8
      vertex 113.015 31.687 13.3
      vertex 113.015 31.687 10.8
    endloop
  endfacet
  facet normal -0.980663 -0.195704 0
    outer loop
      vertex 113.015 31.687 13.3
      vertex 113.079 31.3663 10.8
      vertex 113.079 31.3663 13.3
    endloop
  endfacet
  facet normal 0.831466 0.555575 0
    outer loop
      vertex 4.81662 5.2781 13.3
      vertex 4.63494 5.55 10.8
      vertex 4.63494 5.55 13.3
    endloop
  endfacet
  facet normal 0.831466 0.555575 0
    outer loop
      vertex 4.63494 5.55 10.8
      vertex 4.81662 5.2781 13.3
      vertex 4.81662 5.2781 10.8
    endloop
  endfacet
  facet normal -0.659128 0.752031 0
    outer loop
      vertex 112.368 5.03223 10.8
      vertex 112.122 4.81662 13.3
      vertex 112.368 5.03223 13.3
    endloop
  endfacet
  facet normal -0.659128 0.752031 0
    outer loop
      vertex 112.122 4.81662 13.3
      vertex 112.368 5.03223 10.8
      vertex 112.122 4.81662 10.8
    endloop
  endfacet
  facet normal -0.555434 0.831561 0
    outer loop
      vertex 112.122 4.81662 10.8
      vertex 111.85 4.63494 13.3
      vertex 112.122 4.81662 13.3
    endloop
  endfacet
  facet normal -0.555434 0.831561 0
    outer loop
      vertex 111.85 4.63494 13.3
      vertex 112.122 4.81662 10.8
      vertex 111.85 4.63494 10.8
    endloop
  endfacet
  facet normal -0.980819 -0.194922 0
    outer loop
      vertex 51.2863 19.1288 1.1
      vertex 51.2455 19.3341 2.2
      vertex 51.2455 19.3341 1.1
    endloop
  endfacet
  facet normal -0.980819 -0.194922 0
    outer loop
      vertex 51.2455 19.3341 2.2
      vertex 51.2863 19.1288 1.1
      vertex 51.2863 19.1288 2.2
    endloop
  endfacet
  facet normal -0.997854 -0.0654722 0
    outer loop
      vertex 51.3 18.92 1.1
      vertex 51.2863 19.1288 2.2
      vertex 51.2863 19.1288 1.1
    endloop
  endfacet
  facet normal -0.997854 -0.0654722 0
    outer loop
      vertex 51.2863 19.1288 2.2
      vertex 51.3 18.92 1.1
      vertex 51.3 18.92 2.2
    endloop
  endfacet
  facet normal -0.946901 -0.321526 0
    outer loop
      vertex 51.2455 19.3341 1.1
      vertex 51.1782 19.5323 2.2
      vertex 51.1782 19.5323 1.1
    endloop
  endfacet
  facet normal -0.946901 -0.321526 0
    outer loop
      vertex 51.1782 19.5323 2.2
      vertex 51.2455 19.3341 1.1
      vertex 51.2455 19.3341 2.2
    endloop
  endfacet
  facet normal -0.980819 0.194922 0
    outer loop
      vertex 51.2455 18.5059 1.1
      vertex 51.2863 18.7112 2.2
      vertex 51.2863 18.7112 1.1
    endloop
  endfacet
  facet normal -0.980819 0.194922 0
    outer loop
      vertex 51.2863 18.7112 2.2
      vertex 51.2455 18.5059 1.1
      vertex 51.2455 18.5059 2.2
    endloop
  endfacet
  facet normal -0.896803 0.442429 0
    outer loop
      vertex 51.0856 18.12 1.1
      vertex 51.1782 18.3077 2.2
      vertex 51.1782 18.3077 1.1
    endloop
  endfacet
  facet normal -0.896803 0.442429 0
    outer loop
      vertex 51.1782 18.3077 2.2
      vertex 51.0856 18.12 1.1
      vertex 51.0856 18.12 2.2
    endloop
  endfacet
  facet normal 0.980819 0.194922 0
    outer loop
      vertex 48.1545 18.5059 2.2
      vertex 48.1137 18.7112 1.1
      vertex 48.1137 18.7112 2.2
    endloop
  endfacet
  facet normal 0.980819 0.194922 0
    outer loop
      vertex 48.1137 18.7112 1.1
      vertex 48.1545 18.5059 2.2
      vertex 48.1545 18.5059 1.1
    endloop
  endfacet
  facet normal -0.997854 0.0654722 0
    outer loop
      vertex 51.2863 18.7112 1.1
      vertex 51.3 18.92 2.2
      vertex 51.3 18.92 1.1
    endloop
  endfacet
  facet normal -0.997854 0.0654722 0
    outer loop
      vertex 51.3 18.92 2.2
      vertex 51.2863 18.7112 1.1
      vertex 51.2863 18.7112 2.2
    endloop
  endfacet
  facet normal 0.946901 -0.321526 0
    outer loop
      vertex 48.1545 19.3341 2.2
      vertex 48.2218 19.5323 1.1
      vertex 48.2218 19.5323 2.2
    endloop
  endfacet
  facet normal 0.946901 -0.321526 0
    outer loop
      vertex 48.2218 19.5323 1.1
      vertex 48.1545 19.3341 2.2
      vertex 48.1545 19.3341 1.1
    endloop
  endfacet
  facet normal -0.321526 0.946901 0
    outer loop
      vertex 50.3123 17.4418 1.1
      vertex 50.1141 17.3745 2.2
      vertex 50.3123 17.4418 2.2
    endloop
  endfacet
  facet normal -0.321526 0.946901 0
    outer loop
      vertex 50.1141 17.3745 2.2
      vertex 50.3123 17.4418 1.1
      vertex 50.1141 17.3745 1.1
    endloop
  endfacet
  facet normal -0.831609 -0.555362 0
    outer loop
      vertex 51.0856 19.72 1.1
      vertex 50.9694 19.894 2.2
      vertex 50.9694 19.894 1.1
    endloop
  endfacet
  facet normal -0.831609 -0.555362 0
    outer loop
      vertex 50.9694 19.894 2.2
      vertex 51.0856 19.72 1.1
      vertex 51.0856 19.72 2.2
    endloop
  endfacet
  facet normal -0.896803 -0.442429 0
    outer loop
      vertex 51.1782 19.5323 1.1
      vertex 51.0856 19.72 2.2
      vertex 51.0856 19.72 1.1
    endloop
  endfacet
  facet normal -0.896803 -0.442429 0
    outer loop
      vertex 51.0856 19.72 2.2
      vertex 51.1782 19.5323 1.1
      vertex 51.1782 19.5323 2.2
    endloop
  endfacet
  facet normal 0.194922 -0.980819 0
    outer loop
      vertex 49.2859 20.4655 1.1
      vertex 49.4912 20.5063 2.2
      vertex 49.2859 20.4655 2.2
    endloop
  endfacet
  facet normal 0.194922 -0.980819 0
    outer loop
      vertex 49.4912 20.5063 2.2
      vertex 49.2859 20.4655 1.1
      vertex 49.4912 20.5063 1.1
    endloop
  endfacet
  facet normal 0.751925 -0.659248 0
    outer loop
      vertex 48.4306 19.894 2.2
      vertex 48.5686 20.0514 1.1
      vertex 48.5686 20.0514 2.2
    endloop
  endfacet
  facet normal 0.751925 -0.659248 0
    outer loop
      vertex 48.5686 20.0514 1.1
      vertex 48.4306 19.894 2.2
      vertex 48.4306 19.894 1.1
    endloop
  endfacet
  facet normal 0.831609 -0.555362 0
    outer loop
      vertex 48.3144 19.72 2.2
      vertex 48.4306 19.894 1.1
      vertex 48.4306 19.894 2.2
    endloop
  endfacet
  facet normal 0.831609 -0.555362 0
    outer loop
      vertex 48.4306 19.894 1.1
      vertex 48.3144 19.72 2.2
      vertex 48.3144 19.72 1.1
    endloop
  endfacet
  facet normal -0.946901 0.321526 0
    outer loop
      vertex 51.1782 18.3077 1.1
      vertex 51.2455 18.5059 2.2
      vertex 51.2455 18.5059 1.1
    endloop
  endfacet
  facet normal -0.946901 0.321526 0
    outer loop
      vertex 51.2455 18.5059 2.2
      vertex 51.1782 18.3077 1.1
      vertex 51.1782 18.3077 2.2
    endloop
  endfacet
  facet normal 0.946901 0.321526 0
    outer loop
      vertex 48.2218 18.3077 2.2
      vertex 48.1545 18.5059 1.1
      vertex 48.1545 18.5059 2.2
    endloop
  endfacet
  facet normal 0.946901 0.321526 0
    outer loop
      vertex 48.1545 18.5059 1.1
      vertex 48.2218 18.3077 2.2
      vertex 48.2218 18.3077 1.1
    endloop
  endfacet
  facet normal 0.555362 -0.831609 0
    outer loop
      vertex 48.726 20.1894 1.1
      vertex 48.9 20.3056 2.2
      vertex 48.726 20.1894 2.2
    endloop
  endfacet
  facet normal 0.555362 -0.831609 0
    outer loop
      vertex 48.9 20.3056 2.2
      vertex 48.726 20.1894 1.1
      vertex 48.9 20.3056 1.1
    endloop
  endfacet
  facet normal -0.555362 0.831609 0
    outer loop
      vertex 50.674 17.6506 1.1
      vertex 50.5 17.5344 2.2
      vertex 50.674 17.6506 2.2
    endloop
  endfacet
  facet normal -0.555362 0.831609 0
    outer loop
      vertex 50.5 17.5344 2.2
      vertex 50.674 17.6506 1.1
      vertex 50.5 17.5344 1.1
    endloop
  endfacet
  facet normal 0.997854 -0.0654722 0
    outer loop
      vertex 48.1 18.92 2.2
      vertex 48.1137 19.1288 1.1
      vertex 48.1137 19.1288 2.2
    endloop
  endfacet
  facet normal 0.997854 -0.0654722 0
    outer loop
      vertex 48.1137 19.1288 1.1
      vertex 48.1 18.92 2.2
      vertex 48.1 18.92 1.1
    endloop
  endfacet
  facet normal -0.0654722 -0.997854 0
    outer loop
      vertex 49.7 20.52 1.1
      vertex 49.9088 20.5063 2.2
      vertex 49.7 20.52 2.2
    endloop
  endfacet
  facet normal -0.0654722 -0.997854 -0
    outer loop
      vertex 49.9088 20.5063 2.2
      vertex 49.7 20.52 1.1
      vertex 49.9088 20.5063 1.1
    endloop
  endfacet
  facet normal 0.0654722 0.997854 -0
    outer loop
      vertex 49.7 17.32 1.1
      vertex 49.4912 17.3337 2.2
      vertex 49.7 17.32 2.2
    endloop
  endfacet
  facet normal 0.0654722 0.997854 0
    outer loop
      vertex 49.4912 17.3337 2.2
      vertex 49.7 17.32 1.1
      vertex 49.4912 17.3337 1.1
    endloop
  endfacet
  facet normal -0.555362 -0.831609 0
    outer loop
      vertex 50.5 20.3056 1.1
      vertex 50.674 20.1894 2.2
      vertex 50.5 20.3056 2.2
    endloop
  endfacet
  facet normal -0.555362 -0.831609 -0
    outer loop
      vertex 50.674 20.1894 2.2
      vertex 50.5 20.3056 1.1
      vertex 50.674 20.1894 1.1
    endloop
  endfacet
  facet normal 0.194922 0.980819 -0
    outer loop
      vertex 49.4912 17.3337 1.1
      vertex 49.2859 17.3745 2.2
      vertex 49.4912 17.3337 2.2
    endloop
  endfacet
  facet normal 0.194922 0.980819 0
    outer loop
      vertex 49.2859 17.3745 2.2
      vertex 49.4912 17.3337 1.1
      vertex 49.2859 17.3745 1.1
    endloop
  endfacet
  facet normal -0.442429 -0.896803 0
    outer loop
      vertex 50.3123 20.3982 1.1
      vertex 50.5 20.3056 2.2
      vertex 50.3123 20.3982 2.2
    endloop
  endfacet
  facet normal -0.442429 -0.896803 -0
    outer loop
      vertex 50.5 20.3056 2.2
      vertex 50.3123 20.3982 1.1
      vertex 50.5 20.3056 1.1
    endloop
  endfacet
  facet normal 0.321526 -0.946901 0
    outer loop
      vertex 49.0877 20.3982 1.1
      vertex 49.2859 20.4655 2.2
      vertex 49.0877 20.3982 2.2
    endloop
  endfacet
  facet normal 0.321526 -0.946901 0
    outer loop
      vertex 49.2859 20.4655 2.2
      vertex 49.0877 20.3982 1.1
      vertex 49.2859 20.4655 1.1
    endloop
  endfacet
  facet normal -0.194922 0.980819 0
    outer loop
      vertex 50.1141 17.3745 1.1
      vertex 49.9088 17.3337 2.2
      vertex 50.1141 17.3745 2.2
    endloop
  endfacet
  facet normal -0.194922 0.980819 0
    outer loop
      vertex 49.9088 17.3337 2.2
      vertex 50.1141 17.3745 1.1
      vertex 49.9088 17.3337 1.1
    endloop
  endfacet
  facet normal 0.896803 -0.442429 0
    outer loop
      vertex 48.2218 19.5323 2.2
      vertex 48.3144 19.72 1.1
      vertex 48.3144 19.72 2.2
    endloop
  endfacet
  facet normal 0.896803 -0.442429 0
    outer loop
      vertex 48.3144 19.72 1.1
      vertex 48.2218 19.5323 2.2
      vertex 48.2218 19.5323 1.1
    endloop
  endfacet
  facet normal -0.659248 0.751925 0
    outer loop
      vertex 50.8314 17.7886 1.1
      vertex 50.674 17.6506 2.2
      vertex 50.8314 17.7886 2.2
    endloop
  endfacet
  facet normal -0.659248 0.751925 0
    outer loop
      vertex 50.674 17.6506 2.2
      vertex 50.8314 17.7886 1.1
      vertex 50.674 17.6506 1.1
    endloop
  endfacet
  facet normal 0.442429 -0.896803 0
    outer loop
      vertex 48.9 20.3056 1.1
      vertex 49.0877 20.3982 2.2
      vertex 48.9 20.3056 2.2
    endloop
  endfacet
  facet normal 0.442429 -0.896803 0
    outer loop
      vertex 49.0877 20.3982 2.2
      vertex 48.9 20.3056 1.1
      vertex 49.0877 20.3982 1.1
    endloop
  endfacet
  facet normal -0.194922 -0.980819 0
    outer loop
      vertex 49.9088 20.5063 1.1
      vertex 50.1141 20.4655 2.2
      vertex 49.9088 20.5063 2.2
    endloop
  endfacet
  facet normal -0.194922 -0.980819 -0
    outer loop
      vertex 50.1141 20.4655 2.2
      vertex 49.9088 20.5063 1.1
      vertex 50.1141 20.4655 1.1
    endloop
  endfacet
  facet normal 0.751925 0.659248 0
    outer loop
      vertex 48.5686 17.7886 2.2
      vertex 48.4306 17.946 1.1
      vertex 48.4306 17.946 2.2
    endloop
  endfacet
  facet normal 0.751925 0.659248 0
    outer loop
      vertex 48.4306 17.946 1.1
      vertex 48.5686 17.7886 2.2
      vertex 48.5686 17.7886 1.1
    endloop
  endfacet
  facet normal 0.555362 0.831609 -0
    outer loop
      vertex 48.9 17.5344 1.1
      vertex 48.726 17.6506 2.2
      vertex 48.9 17.5344 2.2
    endloop
  endfacet
  facet normal 0.555362 0.831609 0
    outer loop
      vertex 48.726 17.6506 2.2
      vertex 48.9 17.5344 1.1
      vertex 48.726 17.6506 1.1
    endloop
  endfacet
  facet normal -0.751925 -0.659248 0
    outer loop
      vertex 50.9694 19.894 1.1
      vertex 50.8314 20.0514 2.2
      vertex 50.8314 20.0514 1.1
    endloop
  endfacet
  facet normal -0.751925 -0.659248 0
    outer loop
      vertex 50.8314 20.0514 2.2
      vertex 50.9694 19.894 1.1
      vertex 50.9694 19.894 2.2
    endloop
  endfacet
  facet normal 0.321526 0.946901 -0
    outer loop
      vertex 49.2859 17.3745 1.1
      vertex 49.0877 17.4418 2.2
      vertex 49.2859 17.3745 2.2
    endloop
  endfacet
  facet normal 0.321526 0.946901 0
    outer loop
      vertex 49.0877 17.4418 2.2
      vertex 49.2859 17.3745 1.1
      vertex 49.0877 17.4418 1.1
    endloop
  endfacet
  facet normal -0.442429 0.896803 0
    outer loop
      vertex 50.5 17.5344 1.1
      vertex 50.3123 17.4418 2.2
      vertex 50.5 17.5344 2.2
    endloop
  endfacet
  facet normal -0.442429 0.896803 0
    outer loop
      vertex 50.3123 17.4418 2.2
      vertex 50.5 17.5344 1.1
      vertex 50.3123 17.4418 1.1
    endloop
  endfacet
  facet normal 0.442429 0.896803 -0
    outer loop
      vertex 49.0877 17.4418 1.1
      vertex 48.9 17.5344 2.2
      vertex 49.0877 17.4418 2.2
    endloop
  endfacet
  facet normal 0.442429 0.896803 0
    outer loop
      vertex 48.9 17.5344 2.2
      vertex 49.0877 17.4418 1.1
      vertex 48.9 17.5344 1.1
    endloop
  endfacet
  facet normal 0.997854 0.0654722 0
    outer loop
      vertex 48.1137 18.7112 2.2
      vertex 48.1 18.92 1.1
      vertex 48.1 18.92 2.2
    endloop
  endfacet
  facet normal 0.997854 0.0654722 0
    outer loop
      vertex 48.1 18.92 1.1
      vertex 48.1137 18.7112 2.2
      vertex 48.1137 18.7112 1.1
    endloop
  endfacet
  facet normal 0.896803 0.442429 0
    outer loop
      vertex 48.3144 18.12 2.2
      vertex 48.2218 18.3077 1.1
      vertex 48.2218 18.3077 2.2
    endloop
  endfacet
  facet normal 0.896803 0.442429 0
    outer loop
      vertex 48.2218 18.3077 1.1
      vertex 48.3144 18.12 2.2
      vertex 48.3144 18.12 1.1
    endloop
  endfacet
  facet normal -0.321526 -0.946901 0
    outer loop
      vertex 50.1141 20.4655 1.1
      vertex 50.3123 20.3982 2.2
      vertex 50.1141 20.4655 2.2
    endloop
  endfacet
  facet normal -0.321526 -0.946901 -0
    outer loop
      vertex 50.3123 20.3982 2.2
      vertex 50.1141 20.4655 1.1
      vertex 50.3123 20.3982 1.1
    endloop
  endfacet
  facet normal -0.751925 0.659248 0
    outer loop
      vertex 50.8314 17.7886 1.1
      vertex 50.9694 17.946 2.2
      vertex 50.9694 17.946 1.1
    endloop
  endfacet
  facet normal -0.751925 0.659248 0
    outer loop
      vertex 50.9694 17.946 2.2
      vertex 50.8314 17.7886 1.1
      vertex 50.8314 17.7886 2.2
    endloop
  endfacet
  facet normal -0.659248 -0.751925 0
    outer loop
      vertex 50.674 20.1894 1.1
      vertex 50.8314 20.0514 2.2
      vertex 50.674 20.1894 2.2
    endloop
  endfacet
  facet normal -0.659248 -0.751925 -0
    outer loop
      vertex 50.8314 20.0514 2.2
      vertex 50.674 20.1894 1.1
      vertex 50.8314 20.0514 1.1
    endloop
  endfacet
  facet normal 0.659248 0.751925 -0
    outer loop
      vertex 48.726 17.6506 1.1
      vertex 48.5686 17.7886 2.2
      vertex 48.726 17.6506 2.2
    endloop
  endfacet
  facet normal 0.659248 0.751925 0
    outer loop
      vertex 48.5686 17.7886 2.2
      vertex 48.726 17.6506 1.1
      vertex 48.5686 17.7886 1.1
    endloop
  endfacet
  facet normal 0.659248 -0.751925 0
    outer loop
      vertex 48.5686 20.0514 1.1
      vertex 48.726 20.1894 2.2
      vertex 48.5686 20.0514 2.2
    endloop
  endfacet
  facet normal 0.659248 -0.751925 0
    outer loop
      vertex 48.726 20.1894 2.2
      vertex 48.5686 20.0514 1.1
      vertex 48.726 20.1894 1.1
    endloop
  endfacet
  facet normal 0.0654722 -0.997854 0
    outer loop
      vertex 49.4912 20.5063 1.1
      vertex 49.7 20.52 2.2
      vertex 49.4912 20.5063 2.2
    endloop
  endfacet
  facet normal 0.0654722 -0.997854 0
    outer loop
      vertex 49.7 20.52 2.2
      vertex 49.4912 20.5063 1.1
      vertex 49.7 20.52 1.1
    endloop
  endfacet
  facet normal -0.831609 0.555362 0
    outer loop
      vertex 50.9694 17.946 1.1
      vertex 51.0856 18.12 2.2
      vertex 51.0856 18.12 1.1
    endloop
  endfacet
  facet normal -0.831609 0.555362 0
    outer loop
      vertex 51.0856 18.12 2.2
      vertex 50.9694 17.946 1.1
      vertex 50.9694 17.946 2.2
    endloop
  endfacet
  facet normal 0.831609 0.555362 0
    outer loop
      vertex 48.4306 17.946 2.2
      vertex 48.3144 18.12 1.1
      vertex 48.3144 18.12 2.2
    endloop
  endfacet
  facet normal 0.831609 0.555362 0
    outer loop
      vertex 48.3144 18.12 1.1
      vertex 48.4306 17.946 2.2
      vertex 48.4306 17.946 1.1
    endloop
  endfacet
  facet normal -0.0654722 0.997854 0
    outer loop
      vertex 49.9088 17.3337 1.1
      vertex 49.7 17.32 2.2
      vertex 49.9088 17.3337 2.2
    endloop
  endfacet
  facet normal -0.0654722 0.997854 0
    outer loop
      vertex 49.7 17.32 2.2
      vertex 49.9088 17.3337 1.1
      vertex 49.7 17.32 1.1
    endloop
  endfacet
  facet normal 0.980819 -0.194922 0
    outer loop
      vertex 48.1137 19.1288 2.2
      vertex 48.1545 19.3341 1.1
      vertex 48.1545 19.3341 2.2
    endloop
  endfacet
  facet normal 0.980819 -0.194922 0
    outer loop
      vertex 48.1545 19.3341 1.1
      vertex 48.1137 19.1288 2.2
      vertex 48.1137 19.1288 1.1
    endloop
  endfacet
  facet normal -0.980819 -0.194922 0
    outer loop
      vertex 69.2863 19.1288 1.1
      vertex 69.2455 19.3341 2.2
      vertex 69.2455 19.3341 1.1
    endloop
  endfacet
  facet normal -0.980819 -0.194922 0
    outer loop
      vertex 69.2455 19.3341 2.2
      vertex 69.2863 19.1288 1.1
      vertex 69.2863 19.1288 2.2
    endloop
  endfacet
  facet normal -0.997854 -0.0654722 0
    outer loop
      vertex 69.3 18.92 1.1
      vertex 69.2863 19.1288 2.2
      vertex 69.2863 19.1288 1.1
    endloop
  endfacet
  facet normal -0.997854 -0.0654722 0
    outer loop
      vertex 69.2863 19.1288 2.2
      vertex 69.3 18.92 1.1
      vertex 69.3 18.92 2.2
    endloop
  endfacet
  facet normal -0.946901 -0.321526 0
    outer loop
      vertex 69.2455 19.3341 1.1
      vertex 69.1782 19.5323 2.2
      vertex 69.1782 19.5323 1.1
    endloop
  endfacet
  facet normal -0.946901 -0.321526 0
    outer loop
      vertex 69.1782 19.5323 2.2
      vertex 69.2455 19.3341 1.1
      vertex 69.2455 19.3341 2.2
    endloop
  endfacet
  facet normal -0.980819 0.194922 0
    outer loop
      vertex 69.2455 18.5059 1.1
      vertex 69.2863 18.7112 2.2
      vertex 69.2863 18.7112 1.1
    endloop
  endfacet
  facet normal -0.980819 0.194922 0
    outer loop
      vertex 69.2863 18.7112 2.2
      vertex 69.2455 18.5059 1.1
      vertex 69.2455 18.5059 2.2
    endloop
  endfacet
  facet normal -0.896803 0.442429 0
    outer loop
      vertex 69.0856 18.12 1.1
      vertex 69.1782 18.3077 2.2
      vertex 69.1782 18.3077 1.1
    endloop
  endfacet
  facet normal -0.896803 0.442429 0
    outer loop
      vertex 69.1782 18.3077 2.2
      vertex 69.0856 18.12 1.1
      vertex 69.0856 18.12 2.2
    endloop
  endfacet
  facet normal -0.997854 0.0654722 0
    outer loop
      vertex 69.2863 18.7112 1.1
      vertex 69.3 18.92 2.2
      vertex 69.3 18.92 1.1
    endloop
  endfacet
  facet normal -0.997854 0.0654722 0
    outer loop
      vertex 69.3 18.92 2.2
      vertex 69.2863 18.7112 1.1
      vertex 69.2863 18.7112 2.2
    endloop
  endfacet
  facet normal -0.321526 0.946901 0
    outer loop
      vertex 68.3123 17.4418 1.1
      vertex 68.1141 17.3745 2.2
      vertex 68.3123 17.4418 2.2
    endloop
  endfacet
  facet normal -0.321526 0.946901 0
    outer loop
      vertex 68.1141 17.3745 2.2
      vertex 68.3123 17.4418 1.1
      vertex 68.1141 17.3745 1.1
    endloop
  endfacet
  facet normal -0.831609 -0.555362 0
    outer loop
      vertex 69.0856 19.72 1.1
      vertex 68.9694 19.894 2.2
      vertex 68.9694 19.894 1.1
    endloop
  endfacet
  facet normal -0.831609 -0.555362 0
    outer loop
      vertex 68.9694 19.894 2.2
      vertex 69.0856 19.72 1.1
      vertex 69.0856 19.72 2.2
    endloop
  endfacet
  facet normal -0.896803 -0.442429 0
    outer loop
      vertex 69.1782 19.5323 1.1
      vertex 69.0856 19.72 2.2
      vertex 69.0856 19.72 1.1
    endloop
  endfacet
  facet normal -0.896803 -0.442429 0
    outer loop
      vertex 69.0856 19.72 2.2
      vertex 69.1782 19.5323 1.1
      vertex 69.1782 19.5323 2.2
    endloop
  endfacet
  facet normal 0.194922 -0.980819 0
    outer loop
      vertex 67.2859 20.4655 1.1
      vertex 67.4912 20.5063 2.2
      vertex 67.2859 20.4655 2.2
    endloop
  endfacet
  facet normal 0.194922 -0.980819 0
    outer loop
      vertex 67.4912 20.5063 2.2
      vertex 67.2859 20.4655 1.1
      vertex 67.4912 20.5063 1.1
    endloop
  endfacet
  facet normal 0.752164 -0.658976 0
    outer loop
      vertex 66.5389 20.0175 2.2
      vertex 66.5686 20.0514 1.1
      vertex 66.5686 20.0514 2.2
    endloop
  endfacet
  facet normal 0.752164 -0.658976 0
    outer loop
      vertex 66.5686 20.0514 1.1
      vertex 66.5389 20.0175 2.2
      vertex 66.5389 20.0175 1.1
    endloop
  endfacet
  facet normal -0.946901 0.321526 0
    outer loop
      vertex 69.1782 18.3077 1.1
      vertex 69.2455 18.5059 2.2
      vertex 69.2455 18.5059 1.1
    endloop
  endfacet
  facet normal -0.946901 0.321526 0
    outer loop
      vertex 69.2455 18.5059 2.2
      vertex 69.1782 18.3077 1.1
      vertex 69.1782 18.3077 2.2
    endloop
  endfacet
  facet normal 0.555362 -0.831609 0
    outer loop
      vertex 66.726 20.1894 1.1
      vertex 66.9 20.3056 2.2
      vertex 66.726 20.1894 2.2
    endloop
  endfacet
  facet normal 0.555362 -0.831609 0
    outer loop
      vertex 66.9 20.3056 2.2
      vertex 66.726 20.1894 1.1
      vertex 66.9 20.3056 1.1
    endloop
  endfacet
  facet normal -0.555362 0.831609 0
    outer loop
      vertex 68.674 17.6506 1.1
      vertex 68.5 17.5344 2.2
      vertex 68.674 17.6506 2.2
    endloop
  endfacet
  facet normal -0.555362 0.831609 0
    outer loop
      vertex 68.5 17.5344 2.2
      vertex 68.674 17.6506 1.1
      vertex 68.5 17.5344 1.1
    endloop
  endfacet
  facet normal -0.0654722 -0.997854 0
    outer loop
      vertex 67.7 20.52 1.1
      vertex 67.9088 20.5063 2.2
      vertex 67.7 20.52 2.2
    endloop
  endfacet
  facet normal -0.0654722 -0.997854 -0
    outer loop
      vertex 67.9088 20.5063 2.2
      vertex 67.7 20.52 1.1
      vertex 67.9088 20.5063 1.1
    endloop
  endfacet
  facet normal 0.0654722 0.997854 -0
    outer loop
      vertex 67.7 17.32 1.1
      vertex 67.4912 17.3337 2.2
      vertex 67.7 17.32 2.2
    endloop
  endfacet
  facet normal 0.0654722 0.997854 0
    outer loop
      vertex 67.4912 17.3337 2.2
      vertex 67.7 17.32 1.1
      vertex 67.4912 17.3337 1.1
    endloop
  endfacet
  facet normal -0.555362 -0.831609 0
    outer loop
      vertex 68.5 20.3056 1.1
      vertex 68.674 20.1894 2.2
      vertex 68.5 20.3056 2.2
    endloop
  endfacet
  facet normal -0.555362 -0.831609 -0
    outer loop
      vertex 68.674 20.1894 2.2
      vertex 68.5 20.3056 1.1
      vertex 68.674 20.1894 1.1
    endloop
  endfacet
  facet normal -0.442429 -0.896803 0
    outer loop
      vertex 68.3123 20.3982 1.1
      vertex 68.5 20.3056 2.2
      vertex 68.3123 20.3982 2.2
    endloop
  endfacet
  facet normal -0.442429 -0.896803 -0
    outer loop
      vertex 68.5 20.3056 2.2
      vertex 68.3123 20.3982 1.1
      vertex 68.5 20.3056 1.1
    endloop
  endfacet
  facet normal 0.321526 -0.946901 0
    outer loop
      vertex 67.0877 20.3982 1.1
      vertex 67.2859 20.4655 2.2
      vertex 67.0877 20.3982 2.2
    endloop
  endfacet
  facet normal 0.321526 -0.946901 0
    outer loop
      vertex 67.2859 20.4655 2.2
      vertex 67.0877 20.3982 1.1
      vertex 67.2859 20.4655 1.1
    endloop
  endfacet
  facet normal -0.194922 0.980819 0
    outer loop
      vertex 68.1141 17.3745 1.1
      vertex 67.9088 17.3337 2.2
      vertex 68.1141 17.3745 2.2
    endloop
  endfacet
  facet normal -0.194922 0.980819 0
    outer loop
      vertex 67.9088 17.3337 2.2
      vertex 68.1141 17.3745 1.1
      vertex 67.9088 17.3337 1.1
    endloop
  endfacet
  facet normal -0.659248 0.751925 0
    outer loop
      vertex 68.8314 17.7886 1.1
      vertex 68.674 17.6506 2.2
      vertex 68.8314 17.7886 2.2
    endloop
  endfacet
  facet normal -0.659248 0.751925 0
    outer loop
      vertex 68.674 17.6506 2.2
      vertex 68.8314 17.7886 1.1
      vertex 68.674 17.6506 1.1
    endloop
  endfacet
  facet normal 0.442429 -0.896803 0
    outer loop
      vertex 66.9 20.3056 1.1
      vertex 67.0877 20.3982 2.2
      vertex 66.9 20.3056 2.2
    endloop
  endfacet
  facet normal 0.442429 -0.896803 0
    outer loop
      vertex 67.0877 20.3982 2.2
      vertex 66.9 20.3056 1.1
      vertex 67.0877 20.3982 1.1
    endloop
  endfacet
  facet normal -0.194922 -0.980819 0
    outer loop
      vertex 67.9088 20.5063 1.1
      vertex 68.1141 20.4655 2.2
      vertex 67.9088 20.5063 2.2
    endloop
  endfacet
  facet normal -0.194922 -0.980819 -0
    outer loop
      vertex 68.1141 20.4655 2.2
      vertex 67.9088 20.5063 1.1
      vertex 68.1141 20.4655 1.1
    endloop
  endfacet
  facet normal 0.752164 0.658976 0
    outer loop
      vertex 66.5686 17.7886 2.2
      vertex 66.5389 17.8225 1.1
      vertex 66.5389 17.8225 2.2
    endloop
  endfacet
  facet normal 0.752164 0.658976 0
    outer loop
      vertex 66.5389 17.8225 1.1
      vertex 66.5686 17.7886 2.2
      vertex 66.5686 17.7886 1.1
    endloop
  endfacet
  facet normal 0.555362 0.831609 -0
    outer loop
      vertex 66.9 17.5344 1.1
      vertex 66.726 17.6506 2.2
      vertex 66.9 17.5344 2.2
    endloop
  endfacet
  facet normal 0.555362 0.831609 0
    outer loop
      vertex 66.726 17.6506 2.2
      vertex 66.9 17.5344 1.1
      vertex 66.726 17.6506 1.1
    endloop
  endfacet
  facet normal -0.751925 -0.659248 0
    outer loop
      vertex 68.9694 19.894 1.1
      vertex 68.8314 20.0514 2.2
      vertex 68.8314 20.0514 1.1
    endloop
  endfacet
  facet normal -0.751925 -0.659248 0
    outer loop
      vertex 68.8314 20.0514 2.2
      vertex 68.9694 19.894 1.1
      vertex 68.9694 19.894 2.2
    endloop
  endfacet
  facet normal 0.321526 0.946901 -0
    outer loop
      vertex 67.2859 17.3745 1.1
      vertex 67.0877 17.4418 2.2
      vertex 67.2859 17.3745 2.2
    endloop
  endfacet
  facet normal 0.321526 0.946901 0
    outer loop
      vertex 67.0877 17.4418 2.2
      vertex 67.2859 17.3745 1.1
      vertex 67.0877 17.4418 1.1
    endloop
  endfacet
  facet normal -0.442429 0.896803 0
    outer loop
      vertex 68.5 17.5344 1.1
      vertex 68.3123 17.4418 2.2
      vertex 68.5 17.5344 2.2
    endloop
  endfacet
  facet normal -0.442429 0.896803 0
    outer loop
      vertex 68.3123 17.4418 2.2
      vertex 68.5 17.5344 1.1
      vertex 68.3123 17.4418 1.1
    endloop
  endfacet
  facet normal 0.442429 0.896803 -0
    outer loop
      vertex 67.0877 17.4418 1.1
      vertex 66.9 17.5344 2.2
      vertex 67.0877 17.4418 2.2
    endloop
  endfacet
  facet normal 0.442429 0.896803 0
    outer loop
      vertex 66.9 17.5344 2.2
      vertex 67.0877 17.4418 1.1
      vertex 66.9 17.5344 1.1
    endloop
  endfacet
  facet normal -0.321526 -0.946901 0
    outer loop
      vertex 68.1141 20.4655 1.1
      vertex 68.3123 20.3982 2.2
      vertex 68.1141 20.4655 2.2
    endloop
  endfacet
  facet normal -0.321526 -0.946901 -0
    outer loop
      vertex 68.3123 20.3982 2.2
      vertex 68.1141 20.4655 1.1
      vertex 68.3123 20.3982 1.1
    endloop
  endfacet
  facet normal -0.751925 0.659248 0
    outer loop
      vertex 68.8314 17.7886 1.1
      vertex 68.9694 17.946 2.2
      vertex 68.9694 17.946 1.1
    endloop
  endfacet
  facet normal -0.751925 0.659248 0
    outer loop
      vertex 68.9694 17.946 2.2
      vertex 68.8314 17.7886 1.1
      vertex 68.8314 17.7886 2.2
    endloop
  endfacet
  facet normal -0.659248 -0.751925 0
    outer loop
      vertex 68.674 20.1894 1.1
      vertex 68.8314 20.0514 2.2
      vertex 68.674 20.1894 2.2
    endloop
  endfacet
  facet normal -0.659248 -0.751925 -0
    outer loop
      vertex 68.8314 20.0514 2.2
      vertex 68.674 20.1894 1.1
      vertex 68.8314 20.0514 1.1
    endloop
  endfacet
  facet normal 0.659248 0.751925 -0
    outer loop
      vertex 66.726 17.6506 1.1
      vertex 66.5686 17.7886 2.2
      vertex 66.726 17.6506 2.2
    endloop
  endfacet
  facet normal 0.659248 0.751925 0
    outer loop
      vertex 66.5686 17.7886 2.2
      vertex 66.726 17.6506 1.1
      vertex 66.5686 17.7886 1.1
    endloop
  endfacet
  facet normal 0.659248 -0.751925 0
    outer loop
      vertex 66.5686 20.0514 1.1
      vertex 66.726 20.1894 2.2
      vertex 66.5686 20.0514 2.2
    endloop
  endfacet
  facet normal 0.659248 -0.751925 0
    outer loop
      vertex 66.726 20.1894 2.2
      vertex 66.5686 20.0514 1.1
      vertex 66.726 20.1894 1.1
    endloop
  endfacet
  facet normal 0.0654722 -0.997854 0
    outer loop
      vertex 67.4912 20.5063 1.1
      vertex 67.7 20.52 2.2
      vertex 67.4912 20.5063 2.2
    endloop
  endfacet
  facet normal 0.0654722 -0.997854 0
    outer loop
      vertex 67.7 20.52 2.2
      vertex 67.4912 20.5063 1.1
      vertex 67.7 20.52 1.1
    endloop
  endfacet
  facet normal -0.0654722 0.997854 0
    outer loop
      vertex 67.9088 17.3337 1.1
      vertex 67.7 17.32 2.2
      vertex 67.9088 17.3337 2.2
    endloop
  endfacet
  facet normal -0.0654722 0.997854 0
    outer loop
      vertex 67.7 17.32 2.2
      vertex 67.9088 17.3337 1.1
      vertex 67.7 17.32 1.1
    endloop
  endfacet
  facet normal -0.831609 0.555362 0
    outer loop
      vertex 68.9694 17.946 1.1
      vertex 69.0856 18.12 2.2
      vertex 69.0856 18.12 1.1
    endloop
  endfacet
  facet normal -0.831609 0.555362 0
    outer loop
      vertex 69.0856 18.12 2.2
      vertex 68.9694 17.946 1.1
      vertex 68.9694 17.946 2.2
    endloop
  endfacet
  facet normal 0.194922 0.980819 -0
    outer loop
      vertex 67.4912 17.3337 1.1
      vertex 67.2859 17.3745 2.2
      vertex 67.4912 17.3337 2.2
    endloop
  endfacet
  facet normal 0.194922 0.980819 0
    outer loop
      vertex 67.2859 17.3745 2.2
      vertex 67.4912 17.3337 1.1
      vertex 67.2859 17.3745 1.1
    endloop
  endfacet
  facet normal -1 0 0
    outer loop
      vertex 73.7 9.92 0
      vertex 73.7 27.92 1.1
      vertex 73.7 27.92 0
    endloop
  endfacet
  facet normal -1 -0 0
    outer loop
      vertex 73.7 27.92 1.1
      vertex 73.7 9.92 0
      vertex 73.7 9.92 1.1
    endloop
  endfacet
  facet normal 0 0 -1
    outer loop
      vertex 58.3727 19.5896 1.1
      vertex 61.1273 19.5896 1.1
      vertex 58.4526 19.47 1.1
    endloop
  endfacet
  facet normal 0 0 -1
    outer loop
      vertex 61.1273 22.7504 1.1
      vertex 58.5906 23.2764 1.1
      vertex 58.6 23.42 1.1
    endloop
  endfacet
  facet normal 0 0 -1
    outer loop
      vertex 61.1273 19.5896 1.1
      vertex 58.3727 19.5896 1.1
      vertex 61.2222 19.6978 1.1
    endloop
  endfacet
  facet normal 0 0 -1
    outer loop
      vertex 61.1273 22.7504 1.1
      vertex 58.5625 23.1353 1.1
      vertex 58.5906 23.2764 1.1
    endloop
  endfacet
  facet normal 0 0 -1
    outer loop
      vertex 58.2778 19.6978 1.1
      vertex 61.2222 19.6978 1.1
      vertex 58.3727 19.5896 1.1
    endloop
  endfacet
  facet normal 0 0 -1
    outer loop
      vertex 61.1273 22.7504 1.1
      vertex 58.5163 22.999 1.1
      vertex 58.5625 23.1353 1.1
    endloop
  endfacet
  facet normal 0 0 -1
    outer loop
      vertex 61.2222 19.6978 1.1
      vertex 58.2778 19.6978 1.1
      vertex 61.2222 22.6422 1.1
    endloop
  endfacet
  facet normal 0 0 -1
    outer loop
      vertex 61.1273 22.7504 1.1
      vertex 58.4526 22.87 1.1
      vertex 58.5163 22.999 1.1
    endloop
  endfacet
  facet normal 0 0 -1
    outer loop
      vertex 58.2778 22.6422 1.1
      vertex 61.2222 22.6422 1.1
      vertex 58.2778 19.6978 1.1
    endloop
  endfacet
  facet normal 0 0 -1
    outer loop
      vertex 61.1273 22.7504 1.1
      vertex 58.3727 22.7504 1.1
      vertex 58.4526 22.87 1.1
    endloop
  endfacet
  facet normal 0 0 -1
    outer loop
      vertex 61.2222 22.6422 1.1
      vertex 58.2778 22.6422 1.1
      vertex 61.1273 22.7504 1.1
    endloop
  endfacet
  facet normal -0 0 -1
    outer loop
      vertex 61.1273 22.7504 1.1
      vertex 58.2778 22.6422 1.1
      vertex 58.3727 22.7504 1.1
    endloop
  endfacet
  facet normal 0 0 -1
    outer loop
      vertex 58.1696 19.7927 1.1
      vertex 58.2778 22.6422 1.1
      vertex 58.2778 19.6978 1.1
    endloop
  endfacet
  facet normal 0 0 -1
    outer loop
      vertex 58.1696 19.7927 1.1
      vertex 58.1696 22.5473 1.1
      vertex 58.2778 22.6422 1.1
    endloop
  endfacet
  facet normal 0 0 -1
    outer loop
      vertex 58.05 19.8726 1.1
      vertex 58.1696 22.5473 1.1
      vertex 58.1696 19.7927 1.1
    endloop
  endfacet
  facet normal 0 0 -1
    outer loop
      vertex 58.05 19.8726 1.1
      vertex 58.05 22.4674 1.1
      vertex 58.1696 22.5473 1.1
    endloop
  endfacet
  facet normal 0 0 -1
    outer loop
      vertex 57.921 19.9363 1.1
      vertex 58.05 22.4674 1.1
      vertex 58.05 19.8726 1.1
    endloop
  endfacet
  facet normal 0 0 -1
    outer loop
      vertex 57.921 19.9363 1.1
      vertex 57.921 22.4037 1.1
      vertex 58.05 22.4674 1.1
    endloop
  endfacet
  facet normal 0 0 -1
    outer loop
      vertex 57.7847 19.9825 1.1
      vertex 57.921 22.4037 1.1
      vertex 57.921 19.9363 1.1
    endloop
  endfacet
  facet normal 0 0 -1
    outer loop
      vertex 57.7847 19.9825 1.1
      vertex 57.7847 22.3575 1.1
      vertex 57.921 22.4037 1.1
    endloop
  endfacet
  facet normal 0 0 -1
    outer loop
      vertex 57.6436 20.0106 1.1
      vertex 57.7847 22.3575 1.1
      vertex 57.7847 19.9825 1.1
    endloop
  endfacet
  facet normal 0 0 -1
    outer loop
      vertex 57.6436 20.0106 1.1
      vertex 57.6436 22.3294 1.1
      vertex 57.7847 22.3575 1.1
    endloop
  endfacet
  facet normal 0 0 -1
    outer loop
      vertex 57.5 20.02 1.1
      vertex 57.6436 22.3294 1.1
      vertex 57.6436 20.0106 1.1
    endloop
  endfacet
  facet normal 0 0 -1
    outer loop
      vertex 57.5 20.02 1.1
      vertex 57.5 22.32 1.1
      vertex 57.6436 22.3294 1.1
    endloop
  endfacet
  facet normal 0 0 -1
    outer loop
      vertex 57.3564 20.0106 1.1
      vertex 57.5 22.32 1.1
      vertex 57.5 20.02 1.1
    endloop
  endfacet
  facet normal 0 0 -1
    outer loop
      vertex 57.3564 20.0106 1.1
      vertex 57.3564 22.3294 1.1
      vertex 57.5 22.32 1.1
    endloop
  endfacet
  facet normal 0 0 -1
    outer loop
      vertex 57.2153 19.9825 1.1
      vertex 57.3564 22.3294 1.1
      vertex 57.3564 20.0106 1.1
    endloop
  endfacet
  facet normal 0 0 -1
    outer loop
      vertex 57.2153 19.9825 1.1
      vertex 57.2153 22.3575 1.1
      vertex 57.3564 22.3294 1.1
    endloop
  endfacet
  facet normal 0 0 -1
    outer loop
      vertex 57.079 19.9363 1.1
      vertex 57.2153 22.3575 1.1
      vertex 57.2153 19.9825 1.1
    endloop
  endfacet
  facet normal 0 0 -1
    outer loop
      vertex 57.079 19.9363 1.1
      vertex 57.079 22.4037 1.1
      vertex 57.2153 22.3575 1.1
    endloop
  endfacet
  facet normal 0 0 -1
    outer loop
      vertex 56.95 19.8726 1.1
      vertex 57.079 22.4037 1.1
      vertex 57.079 19.9363 1.1
    endloop
  endfacet
  facet normal 0 0 -1
    outer loop
      vertex 56.95 19.8726 1.1
      vertex 56.95 22.4674 1.1
      vertex 57.079 22.4037 1.1
    endloop
  endfacet
  facet normal 0 0 -1
    outer loop
      vertex 56.8304 19.7927 1.1
      vertex 56.95 22.4674 1.1
      vertex 56.95 19.8726 1.1
    endloop
  endfacet
  facet normal 0 0 -1
    outer loop
      vertex 56.8304 19.7927 1.1
      vertex 56.8304 22.5473 1.1
      vertex 56.95 22.4674 1.1
    endloop
  endfacet
  facet normal 0 0 -1
    outer loop
      vertex 56.7222 19.6978 1.1
      vertex 56.8304 22.5473 1.1
      vertex 56.8304 19.7927 1.1
    endloop
  endfacet
  facet normal 0 0 -1
    outer loop
      vertex 56.7222 19.6978 1.1
      vertex 56.7222 22.6422 1.1
      vertex 56.8304 22.5473 1.1
    endloop
  endfacet
  facet normal 0 0 -1
    outer loop
      vertex 56.6273 19.5896 1.1
      vertex 56.7222 22.6422 1.1
      vertex 56.7222 19.6978 1.1
    endloop
  endfacet
  facet normal 0 0 -1
    outer loop
      vertex 56.6273 19.5896 1.1
      vertex 56.6273 22.7504 1.1
      vertex 56.7222 22.6422 1.1
    endloop
  endfacet
  facet normal 0 0 -1
    outer loop
      vertex 56.5474 19.47 1.1
      vertex 56.6273 22.7504 1.1
      vertex 56.6273 19.5896 1.1
    endloop
  endfacet
  facet normal 0 0 -1
    outer loop
      vertex 56.5474 19.47 1.1
      vertex 56.5474 22.87 1.1
      vertex 56.6273 22.7504 1.1
    endloop
  endfacet
  facet normal 0 0 -1
    outer loop
      vertex 51.1782 19.5323 1.1
      vertex 56.5474 19.47 1.1
      vertex 56.4837 19.341 1.1
    endloop
  endfacet
  facet normal 0 0 -1
    outer loop
      vertex 56.5474 19.47 1.1
      vertex 51.0856 19.72 1.1
      vertex 56.5474 22.87 1.1
    endloop
  endfacet
  facet normal 0 0 -1
    outer loop
      vertex 51.2455 19.3341 1.1
      vertex 56.4837 19.341 1.1
      vertex 56.4375 19.2047 1.1
    endloop
  endfacet
  facet normal -0 0 -1
    outer loop
      vertex 56.5474 22.87 1.1
      vertex 51.0856 19.72 1.1
      vertex 56.4837 22.999 1.1
    endloop
  endfacet
  facet normal 0 0 -1
    outer loop
      vertex 51.2863 19.1288 1.1
      vertex 56.4375 19.2047 1.1
      vertex 56.4094 19.0636 1.1
    endloop
  endfacet
  facet normal 0 0 -1
    outer loop
      vertex 50.9694 19.894 1.1
      vertex 56.4837 22.999 1.1
      vertex 51.0856 19.72 1.1
    endloop
  endfacet
  facet normal 0 0 -1
    outer loop
      vertex 51.3 18.92 1.1
      vertex 56.4094 19.0636 1.1
      vertex 56.4 18.92 1.1
    endloop
  endfacet
  facet normal -0 0 -1
    outer loop
      vertex 56.4837 22.999 1.1
      vertex 50.9694 19.894 1.1
      vertex 56.4375 23.1353 1.1
    endloop
  endfacet
  facet normal 0 0 -1
    outer loop
      vertex 58.3727 15.0896 1.1
      vertex 61.1273 15.0896 1.1
      vertex 58.4526 14.97 1.1
    endloop
  endfacet
  facet normal 0 0 -1
    outer loop
      vertex 61.1273 18.2504 1.1
      vertex 58.5906 18.7764 1.1
      vertex 58.6 18.92 1.1
    endloop
  endfacet
  facet normal 0 0 -1
    outer loop
      vertex 61.1273 15.0896 1.1
      vertex 58.3727 15.0896 1.1
      vertex 61.2222 15.1978 1.1
    endloop
  endfacet
  facet normal 0 0 -1
    outer loop
      vertex 61.1273 18.2504 1.1
      vertex 58.5625 18.6353 1.1
      vertex 58.5906 18.7764 1.1
    endloop
  endfacet
  facet normal 0 0 -1
    outer loop
      vertex 58.2778 15.1978 1.1
      vertex 61.2222 15.1978 1.1
      vertex 58.3727 15.0896 1.1
    endloop
  endfacet
  facet normal 0 0 -1
    outer loop
      vertex 61.1273 18.2504 1.1
      vertex 58.5163 18.499 1.1
      vertex 58.5625 18.6353 1.1
    endloop
  endfacet
  facet normal 0 0 -1
    outer loop
      vertex 61.2222 15.1978 1.1
      vertex 58.2778 15.1978 1.1
      vertex 61.2222 18.1422 1.1
    endloop
  endfacet
  facet normal 0 0 -1
    outer loop
      vertex 61.1273 18.2504 1.1
      vertex 58.4526 18.37 1.1
      vertex 58.5163 18.499 1.1
    endloop
  endfacet
  facet normal 0 0 -1
    outer loop
      vertex 58.2778 18.1422 1.1
      vertex 61.2222 18.1422 1.1
      vertex 58.2778 15.1978 1.1
    endloop
  endfacet
  facet normal 0 0 -1
    outer loop
      vertex 61.1273 18.2504 1.1
      vertex 58.3727 18.2504 1.1
      vertex 58.4526 18.37 1.1
    endloop
  endfacet
  facet normal 0 0 -1
    outer loop
      vertex 61.2222 18.1422 1.1
      vertex 58.2778 18.1422 1.1
      vertex 61.1273 18.2504 1.1
    endloop
  endfacet
  facet normal -0 0 -1
    outer loop
      vertex 61.1273 18.2504 1.1
      vertex 58.2778 18.1422 1.1
      vertex 58.3727 18.2504 1.1
    endloop
  endfacet
  facet normal 0 0 -1
    outer loop
      vertex 58.1696 15.2927 1.1
      vertex 58.2778 18.1422 1.1
      vertex 58.2778 15.1978 1.1
    endloop
  endfacet
  facet normal 0 0 -1
    outer loop
      vertex 58.1696 15.2927 1.1
      vertex 58.1696 18.0473 1.1
      vertex 58.2778 18.1422 1.1
    endloop
  endfacet
  facet normal 0 0 -1
    outer loop
      vertex 58.05 15.3726 1.1
      vertex 58.1696 18.0473 1.1
      vertex 58.1696 15.2927 1.1
    endloop
  endfacet
  facet normal 0 0 -1
    outer loop
      vertex 58.05 15.3726 1.1
      vertex 58.05 17.9674 1.1
      vertex 58.1696 18.0473 1.1
    endloop
  endfacet
  facet normal 0 0 -1
    outer loop
      vertex 57.921 15.4363 1.1
      vertex 58.05 17.9674 1.1
      vertex 58.05 15.3726 1.1
    endloop
  endfacet
  facet normal 0 0 -1
    outer loop
      vertex 57.921 15.4363 1.1
      vertex 57.921 17.9037 1.1
      vertex 58.05 17.9674 1.1
    endloop
  endfacet
  facet normal 0 0 -1
    outer loop
      vertex 57.7847 15.4825 1.1
      vertex 57.921 17.9037 1.1
      vertex 57.921 15.4363 1.1
    endloop
  endfacet
  facet normal 0 0 -1
    outer loop
      vertex 57.7847 15.4825 1.1
      vertex 57.7847 17.8575 1.1
      vertex 57.921 17.9037 1.1
    endloop
  endfacet
  facet normal 0 0 -1
    outer loop
      vertex 57.6436 15.5106 1.1
      vertex 57.7847 17.8575 1.1
      vertex 57.7847 15.4825 1.1
    endloop
  endfacet
  facet normal 0 0 -1
    outer loop
      vertex 57.6436 15.5106 1.1
      vertex 57.6436 17.8294 1.1
      vertex 57.7847 17.8575 1.1
    endloop
  endfacet
  facet normal 0 0 -1
    outer loop
      vertex 57.5 15.52 1.1
      vertex 57.6436 17.8294 1.1
      vertex 57.6436 15.5106 1.1
    endloop
  endfacet
  facet normal 0 0 -1
    outer loop
      vertex 57.5 15.52 1.1
      vertex 57.5 17.82 1.1
      vertex 57.6436 17.8294 1.1
    endloop
  endfacet
  facet normal 0 0 -1
    outer loop
      vertex 57.3564 15.5106 1.1
      vertex 57.5 17.82 1.1
      vertex 57.5 15.52 1.1
    endloop
  endfacet
  facet normal 0 0 -1
    outer loop
      vertex 57.3564 15.5106 1.1
      vertex 57.3564 17.8294 1.1
      vertex 57.5 17.82 1.1
    endloop
  endfacet
  facet normal 0 0 -1
    outer loop
      vertex 57.2153 15.4825 1.1
      vertex 57.3564 17.8294 1.1
      vertex 57.3564 15.5106 1.1
    endloop
  endfacet
  facet normal 0 0 -1
    outer loop
      vertex 57.2153 15.4825 1.1
      vertex 57.2153 17.8575 1.1
      vertex 57.3564 17.8294 1.1
    endloop
  endfacet
  facet normal 0 0 -1
    outer loop
      vertex 57.079 15.4363 1.1
      vertex 57.2153 17.8575 1.1
      vertex 57.2153 15.4825 1.1
    endloop
  endfacet
  facet normal 0 0 -1
    outer loop
      vertex 57.079 15.4363 1.1
      vertex 57.079 17.9037 1.1
      vertex 57.2153 17.8575 1.1
    endloop
  endfacet
  facet normal 0 0 -1
    outer loop
      vertex 56.95 15.3726 1.1
      vertex 57.079 17.9037 1.1
      vertex 57.079 15.4363 1.1
    endloop
  endfacet
  facet normal 0 0 -1
    outer loop
      vertex 56.95 15.3726 1.1
      vertex 56.95 17.9674 1.1
      vertex 57.079 17.9037 1.1
    endloop
  endfacet
  facet normal 0 0 -1
    outer loop
      vertex 56.8304 15.2927 1.1
      vertex 56.95 17.9674 1.1
      vertex 56.95 15.3726 1.1
    endloop
  endfacet
  facet normal 0 0 -1
    outer loop
      vertex 56.8304 15.2927 1.1
      vertex 56.8304 18.0473 1.1
      vertex 56.95 17.9674 1.1
    endloop
  endfacet
  facet normal 0 0 -1
    outer loop
      vertex 56.7222 15.1978 1.1
      vertex 56.8304 18.0473 1.1
      vertex 56.8304 15.2927 1.1
    endloop
  endfacet
  facet normal 0 0 -1
    outer loop
      vertex 56.7222 15.1978 1.1
      vertex 56.7222 18.1422 1.1
      vertex 56.8304 18.0473 1.1
    endloop
  endfacet
  facet normal 0 0 -1
    outer loop
      vertex 56.6273 15.0896 1.1
      vertex 56.7222 18.1422 1.1
      vertex 56.7222 15.1978 1.1
    endloop
  endfacet
  facet normal 0 0 -1
    outer loop
      vertex 56.6273 15.0896 1.1
      vertex 56.6273 18.2504 1.1
      vertex 56.7222 18.1422 1.1
    endloop
  endfacet
  facet normal 0 0 -1
    outer loop
      vertex 56.5474 14.97 1.1
      vertex 56.6273 18.2504 1.1
      vertex 56.6273 15.0896 1.1
    endloop
  endfacet
  facet normal 0 0 -1
    outer loop
      vertex 56.5474 14.97 1.1
      vertex 56.5474 18.37 1.1
      vertex 56.6273 18.2504 1.1
    endloop
  endfacet
  facet normal 0 0 -1
    outer loop
      vertex 51.0856 18.12 1.1
      vertex 56.5474 14.97 1.1
      vertex 56.4837 14.841 1.1
    endloop
  endfacet
  facet normal 0 0 -1
    outer loop
      vertex 56.5474 14.97 1.1
      vertex 51.0856 18.12 1.1
      vertex 56.5474 18.37 1.1
    endloop
  endfacet
  facet normal 0 0 -1
    outer loop
      vertex 50.9694 17.946 1.1
      vertex 56.4837 14.841 1.1
      vertex 56.4375 14.7047 1.1
    endloop
  endfacet
  facet normal 0 -0 -1
    outer loop
      vertex 51.1782 18.3077 1.1
      vertex 56.5474 18.37 1.1
      vertex 51.0856 18.12 1.1
    endloop
  endfacet
  facet normal 0 0 -1
    outer loop
      vertex 50.8314 17.7886 1.1
      vertex 56.4375 14.7047 1.1
      vertex 56.4094 14.5636 1.1
    endloop
  endfacet
  facet normal -0 0 -1
    outer loop
      vertex 56.5474 18.37 1.1
      vertex 51.1782 18.3077 1.1
      vertex 56.4837 18.499 1.1
    endloop
  endfacet
  facet normal 0 0 -1
    outer loop
      vertex 50.674 17.6506 1.1
      vertex 56.4094 14.5636 1.1
      vertex 56.4 14.42 1.1
    endloop
  endfacet
  facet normal 0 -0 -1
    outer loop
      vertex 51.2455 18.5059 1.1
      vertex 56.4837 18.499 1.1
      vertex 51.1782 18.3077 1.1
    endloop
  endfacet
  facet normal 0 0 -1
    outer loop
      vertex 62.8727 19.5896 1.1
      vertex 65.6273 19.5896 1.1
      vertex 62.9526 19.47 1.1
    endloop
  endfacet
  facet normal 0 0 -1
    outer loop
      vertex 65.6273 22.7504 1.1
      vertex 63.0906 23.2764 1.1
      vertex 63.1 23.42 1.1
    endloop
  endfacet
  facet normal 0 0 -1
    outer loop
      vertex 65.6273 19.5896 1.1
      vertex 62.8727 19.5896 1.1
      vertex 65.7222 19.6978 1.1
    endloop
  endfacet
  facet normal 0 0 -1
    outer loop
      vertex 65.6273 22.7504 1.1
      vertex 63.0625 23.1353 1.1
      vertex 63.0906 23.2764 1.1
    endloop
  endfacet
  facet normal 0 0 -1
    outer loop
      vertex 62.7778 19.6978 1.1
      vertex 65.7222 19.6978 1.1
      vertex 62.8727 19.5896 1.1
    endloop
  endfacet
  facet normal 0 0 -1
    outer loop
      vertex 65.6273 22.7504 1.1
      vertex 63.0163 22.999 1.1
      vertex 63.0625 23.1353 1.1
    endloop
  endfacet
  facet normal 0 0 -1
    outer loop
      vertex 65.7222 19.6978 1.1
      vertex 62.7778 19.6978 1.1
      vertex 65.7222 22.6422 1.1
    endloop
  endfacet
  facet normal 0 0 -1
    outer loop
      vertex 65.6273 22.7504 1.1
      vertex 62.9526 22.87 1.1
      vertex 63.0163 22.999 1.1
    endloop
  endfacet
  facet normal 0 0 -1
    outer loop
      vertex 62.7778 22.6422 1.1
      vertex 65.7222 22.6422 1.1
      vertex 62.7778 19.6978 1.1
    endloop
  endfacet
  facet normal 0 0 -1
    outer loop
      vertex 65.6273 22.7504 1.1
      vertex 62.8727 22.7504 1.1
      vertex 62.9526 22.87 1.1
    endloop
  endfacet
  facet normal 0 0 -1
    outer loop
      vertex 65.7222 22.6422 1.1
      vertex 62.7778 22.6422 1.1
      vertex 65.6273 22.7504 1.1
    endloop
  endfacet
  facet normal -0 0 -1
    outer loop
      vertex 65.6273 22.7504 1.1
      vertex 62.7778 22.6422 1.1
      vertex 62.8727 22.7504 1.1
    endloop
  endfacet
  facet normal 0 0 -1
    outer loop
      vertex 62.6696 19.7927 1.1
      vertex 62.7778 22.6422 1.1
      vertex 62.7778 19.6978 1.1
    endloop
  endfacet
  facet normal 0 0 -1
    outer loop
      vertex 62.6696 19.7927 1.1
      vertex 62.6696 22.5473 1.1
      vertex 62.7778 22.6422 1.1
    endloop
  endfacet
  facet normal 0 0 -1
    outer loop
      vertex 62.55 19.8726 1.1
      vertex 62.6696 22.5473 1.1
      vertex 62.6696 19.7927 1.1
    endloop
  endfacet
  facet normal 0 0 -1
    outer loop
      vertex 62.55 19.8726 1.1
      vertex 62.55 22.4674 1.1
      vertex 62.6696 22.5473 1.1
    endloop
  endfacet
  facet normal 0 0 -1
    outer loop
      vertex 62.421 19.9363 1.1
      vertex 62.55 22.4674 1.1
      vertex 62.55 19.8726 1.1
    endloop
  endfacet
  facet normal 0 0 -1
    outer loop
      vertex 62.421 19.9363 1.1
      vertex 62.421 22.4037 1.1
      vertex 62.55 22.4674 1.1
    endloop
  endfacet
  facet normal 0 0 -1
    outer loop
      vertex 62.2847 19.9825 1.1
      vertex 62.421 22.4037 1.1
      vertex 62.421 19.9363 1.1
    endloop
  endfacet
  facet normal 0 0 -1
    outer loop
      vertex 62.2847 19.9825 1.1
      vertex 62.2847 22.3575 1.1
      vertex 62.421 22.4037 1.1
    endloop
  endfacet
  facet normal 0 0 -1
    outer loop
      vertex 62.1436 20.0106 1.1
      vertex 62.2847 22.3575 1.1
      vertex 62.2847 19.9825 1.1
    endloop
  endfacet
  facet normal 0 0 -1
    outer loop
      vertex 62.1436 20.0106 1.1
      vertex 62.1436 22.3294 1.1
      vertex 62.2847 22.3575 1.1
    endloop
  endfacet
  facet normal 0 0 -1
    outer loop
      vertex 62 20.02 1.1
      vertex 62.1436 22.3294 1.1
      vertex 62.1436 20.0106 1.1
    endloop
  endfacet
  facet normal 0 0 -1
    outer loop
      vertex 62 20.02 1.1
      vertex 62 22.32 1.1
      vertex 62.1436 22.3294 1.1
    endloop
  endfacet
  facet normal 0 0 -1
    outer loop
      vertex 61.8564 20.0106 1.1
      vertex 62 22.32 1.1
      vertex 62 20.02 1.1
    endloop
  endfacet
  facet normal 0 0 -1
    outer loop
      vertex 61.8564 20.0106 1.1
      vertex 61.8564 22.3294 1.1
      vertex 62 22.32 1.1
    endloop
  endfacet
  facet normal 0 0 -1
    outer loop
      vertex 61.7153 19.9825 1.1
      vertex 61.8564 22.3294 1.1
      vertex 61.8564 20.0106 1.1
    endloop
  endfacet
  facet normal 0 0 -1
    outer loop
      vertex 61.7153 19.9825 1.1
      vertex 61.7153 22.3575 1.1
      vertex 61.8564 22.3294 1.1
    endloop
  endfacet
  facet normal 0 0 -1
    outer loop
      vertex 61.579 19.9363 1.1
      vertex 61.7153 22.3575 1.1
      vertex 61.7153 19.9825 1.1
    endloop
  endfacet
  facet normal 0 0 -1
    outer loop
      vertex 61.579 19.9363 1.1
      vertex 61.579 22.4037 1.1
      vertex 61.7153 22.3575 1.1
    endloop
  endfacet
  facet normal 0 0 -1
    outer loop
      vertex 61.45 19.8726 1.1
      vertex 61.579 22.4037 1.1
      vertex 61.579 19.9363 1.1
    endloop
  endfacet
  facet normal 0 0 -1
    outer loop
      vertex 61.45 19.8726 1.1
      vertex 61.45 22.4674 1.1
      vertex 61.579 22.4037 1.1
    endloop
  endfacet
  facet normal 0 0 -1
    outer loop
      vertex 61.3304 19.7927 1.1
      vertex 61.45 22.4674 1.1
      vertex 61.45 19.8726 1.1
    endloop
  endfacet
  facet normal 0 0 -1
    outer loop
      vertex 61.3304 19.7927 1.1
      vertex 61.3304 22.5473 1.1
      vertex 61.45 22.4674 1.1
    endloop
  endfacet
  facet normal 0 0 -1
    outer loop
      vertex 61.2222 19.6978 1.1
      vertex 61.3304 22.5473 1.1
      vertex 61.3304 19.7927 1.1
    endloop
  endfacet
  facet normal 0 0 -1
    outer loop
      vertex 61.2222 19.6978 1.1
      vertex 61.2222 22.6422 1.1
      vertex 61.3304 22.5473 1.1
    endloop
  endfacet
  facet normal 0 0 -1
    outer loop
      vertex 60.9837 19.341 1.1
      vertex 58.5163 19.341 1.1
      vertex 61.0474 19.47 1.1
    endloop
  endfacet
  facet normal 0 0 -1
    outer loop
      vertex 58.4526 19.47 1.1
      vertex 61.0474 19.47 1.1
      vertex 58.5163 19.341 1.1
    endloop
  endfacet
  facet normal 0 0 -1
    outer loop
      vertex 60.9375 19.2047 1.1
      vertex 58.5625 19.2047 1.1
      vertex 60.9837 19.341 1.1
    endloop
  endfacet
  facet normal 0 0 -1
    outer loop
      vertex 58.5163 19.341 1.1
      vertex 60.9837 19.341 1.1
      vertex 58.5625 19.2047 1.1
    endloop
  endfacet
  facet normal 0 0 -1
    outer loop
      vertex 58.5625 19.2047 1.1
      vertex 60.9375 19.2047 1.1
      vertex 58.5906 19.0636 1.1
    endloop
  endfacet
  facet normal 0 0 -1
    outer loop
      vertex 61.0474 19.47 1.1
      vertex 58.4526 19.47 1.1
      vertex 61.1273 19.5896 1.1
    endloop
  endfacet
  facet normal 0 0 -1
    outer loop
      vertex 60.9094 19.0636 1.1
      vertex 58.5906 19.0636 1.1
      vertex 60.9375 19.2047 1.1
    endloop
  endfacet
  facet normal 0 0 -1
    outer loop
      vertex 61.1273 22.7504 1.1
      vertex 58.6 23.42 1.1
      vertex 61.0474 22.87 1.1
    endloop
  endfacet
  facet normal 0 0 -1
    outer loop
      vertex 58.5906 19.0636 1.1
      vertex 60.9094 19.0636 1.1
      vertex 58.6 18.92 1.1
    endloop
  endfacet
  facet normal 0 0 -1
    outer loop
      vertex 61.0474 22.87 1.1
      vertex 58.6 23.42 1.1
      vertex 60.9837 22.999 1.1
    endloop
  endfacet
  facet normal 0 0 -1
    outer loop
      vertex 58.6 18.92 1.1
      vertex 60.9094 19.0636 1.1
      vertex 60.9 18.92 1.1
    endloop
  endfacet
  facet normal 0 0 -1
    outer loop
      vertex 60.9837 22.999 1.1
      vertex 58.6 23.42 1.1
      vertex 60.9375 23.1353 1.1
    endloop
  endfacet
  facet normal 0 0 -1
    outer loop
      vertex 62.8727 15.0896 1.1
      vertex 65.6273 15.0896 1.1
      vertex 62.9526 14.97 1.1
    endloop
  endfacet
  facet normal 0 0 -1
    outer loop
      vertex 65.6273 18.2504 1.1
      vertex 63.0906 18.7764 1.1
      vertex 63.1 18.92 1.1
    endloop
  endfacet
  facet normal 0 0 -1
    outer loop
      vertex 65.6273 15.0896 1.1
      vertex 62.8727 15.0896 1.1
      vertex 65.7222 15.1978 1.1
    endloop
  endfacet
  facet normal 0 0 -1
    outer loop
      vertex 65.6273 18.2504 1.1
      vertex 63.0625 18.6353 1.1
      vertex 63.0906 18.7764 1.1
    endloop
  endfacet
  facet normal 0 0 -1
    outer loop
      vertex 62.7778 15.1978 1.1
      vertex 65.7222 15.1978 1.1
      vertex 62.8727 15.0896 1.1
    endloop
  endfacet
  facet normal 0 0 -1
    outer loop
      vertex 65.6273 18.2504 1.1
      vertex 63.0163 18.499 1.1
      vertex 63.0625 18.6353 1.1
    endloop
  endfacet
  facet normal 0 0 -1
    outer loop
      vertex 65.7222 15.1978 1.1
      vertex 62.7778 15.1978 1.1
      vertex 65.7222 18.1422 1.1
    endloop
  endfacet
  facet normal 0 0 -1
    outer loop
      vertex 65.6273 18.2504 1.1
      vertex 62.9526 18.37 1.1
      vertex 63.0163 18.499 1.1
    endloop
  endfacet
  facet normal 0 0 -1
    outer loop
      vertex 62.7778 18.1422 1.1
      vertex 65.7222 18.1422 1.1
      vertex 62.7778 15.1978 1.1
    endloop
  endfacet
  facet normal 0 0 -1
    outer loop
      vertex 65.6273 18.2504 1.1
      vertex 62.8727 18.2504 1.1
      vertex 62.9526 18.37 1.1
    endloop
  endfacet
  facet normal 0 0 -1
    outer loop
      vertex 65.7222 18.1422 1.1
      vertex 62.7778 18.1422 1.1
      vertex 65.6273 18.2504 1.1
    endloop
  endfacet
  facet normal -0 0 -1
    outer loop
      vertex 65.6273 18.2504 1.1
      vertex 62.7778 18.1422 1.1
      vertex 62.8727 18.2504 1.1
    endloop
  endfacet
  facet normal 0 0 -1
    outer loop
      vertex 62.6696 15.2927 1.1
      vertex 62.7778 18.1422 1.1
      vertex 62.7778 15.1978 1.1
    endloop
  endfacet
  facet normal 0 0 -1
    outer loop
      vertex 62.6696 15.2927 1.1
      vertex 62.6696 18.0473 1.1
      vertex 62.7778 18.1422 1.1
    endloop
  endfacet
  facet normal 0 0 -1
    outer loop
      vertex 62.55 15.3726 1.1
      vertex 62.6696 18.0473 1.1
      vertex 62.6696 15.2927 1.1
    endloop
  endfacet
  facet normal 0 0 -1
    outer loop
      vertex 62.55 15.3726 1.1
      vertex 62.55 17.9674 1.1
      vertex 62.6696 18.0473 1.1
    endloop
  endfacet
  facet normal 0 0 -1
    outer loop
      vertex 62.421 15.4363 1.1
      vertex 62.55 17.9674 1.1
      vertex 62.55 15.3726 1.1
    endloop
  endfacet
  facet normal 0 0 -1
    outer loop
      vertex 62.421 15.4363 1.1
      vertex 62.421 17.9037 1.1
      vertex 62.55 17.9674 1.1
    endloop
  endfacet
  facet normal 0 0 -1
    outer loop
      vertex 62.2847 15.4825 1.1
      vertex 62.421 17.9037 1.1
      vertex 62.421 15.4363 1.1
    endloop
  endfacet
  facet normal 0 0 -1
    outer loop
      vertex 62.2847 15.4825 1.1
      vertex 62.2847 17.8575 1.1
      vertex 62.421 17.9037 1.1
    endloop
  endfacet
  facet normal 0 0 -1
    outer loop
      vertex 62.1436 15.5106 1.1
      vertex 62.2847 17.8575 1.1
      vertex 62.2847 15.4825 1.1
    endloop
  endfacet
  facet normal 0 0 -1
    outer loop
      vertex 62.1436 15.5106 1.1
      vertex 62.1436 17.8294 1.1
      vertex 62.2847 17.8575 1.1
    endloop
  endfacet
  facet normal 0 0 -1
    outer loop
      vertex 62 15.52 1.1
      vertex 62.1436 17.8294 1.1
      vertex 62.1436 15.5106 1.1
    endloop
  endfacet
  facet normal 0 0 -1
    outer loop
      vertex 62 15.52 1.1
      vertex 62 17.82 1.1
      vertex 62.1436 17.8294 1.1
    endloop
  endfacet
  facet normal 0 0 -1
    outer loop
      vertex 61.8564 15.5106 1.1
      vertex 62 17.82 1.1
      vertex 62 15.52 1.1
    endloop
  endfacet
  facet normal 0 0 -1
    outer loop
      vertex 61.8564 15.5106 1.1
      vertex 61.8564 17.8294 1.1
      vertex 62 17.82 1.1
    endloop
  endfacet
  facet normal 0 0 -1
    outer loop
      vertex 61.7153 15.4825 1.1
      vertex 61.8564 17.8294 1.1
      vertex 61.8564 15.5106 1.1
    endloop
  endfacet
  facet normal 0 0 -1
    outer loop
      vertex 61.7153 15.4825 1.1
      vertex 61.7153 17.8575 1.1
      vertex 61.8564 17.8294 1.1
    endloop
  endfacet
  facet normal 0 0 -1
    outer loop
      vertex 61.579 15.4363 1.1
      vertex 61.7153 17.8575 1.1
      vertex 61.7153 15.4825 1.1
    endloop
  endfacet
  facet normal 0 0 -1
    outer loop
      vertex 61.579 15.4363 1.1
      vertex 61.579 17.9037 1.1
      vertex 61.7153 17.8575 1.1
    endloop
  endfacet
  facet normal 0 0 -1
    outer loop
      vertex 61.45 15.3726 1.1
      vertex 61.579 17.9037 1.1
      vertex 61.579 15.4363 1.1
    endloop
  endfacet
  facet normal 0 0 -1
    outer loop
      vertex 61.45 15.3726 1.1
      vertex 61.45 17.9674 1.1
      vertex 61.579 17.9037 1.1
    endloop
  endfacet
  facet normal 0 0 -1
    outer loop
      vertex 61.3304 15.2927 1.1
      vertex 61.45 17.9674 1.1
      vertex 61.45 15.3726 1.1
    endloop
  endfacet
  facet normal 0 0 -1
    outer loop
      vertex 61.3304 15.2927 1.1
      vertex 61.3304 18.0473 1.1
      vertex 61.45 17.9674 1.1
    endloop
  endfacet
  facet normal 0 0 -1
    outer loop
      vertex 61.2222 15.1978 1.1
      vertex 61.3304 18.0473 1.1
      vertex 61.3304 15.2927 1.1
    endloop
  endfacet
  facet normal 0 0 -1
    outer loop
      vertex 61.2222 15.1978 1.1
      vertex 61.2222 18.1422 1.1
      vertex 61.3304 18.0473 1.1
    endloop
  endfacet
  facet normal 0 0 -1
    outer loop
      vertex 60.9837 14.841 1.1
      vertex 58.5163 14.841 1.1
      vertex 61.0474 14.97 1.1
    endloop
  endfacet
  facet normal 0 0 -1
    outer loop
      vertex 58.4526 14.97 1.1
      vertex 61.0474 14.97 1.1
      vertex 58.5163 14.841 1.1
    endloop
  endfacet
  facet normal 0 0 -1
    outer loop
      vertex 60.9375 14.7047 1.1
      vertex 58.5625 14.7047 1.1
      vertex 60.9837 14.841 1.1
    endloop
  endfacet
  facet normal 0 0 -1
    outer loop
      vertex 58.5163 14.841 1.1
      vertex 60.9837 14.841 1.1
      vertex 58.5625 14.7047 1.1
    endloop
  endfacet
  facet normal 0 0 -1
    outer loop
      vertex 58.5625 14.7047 1.1
      vertex 60.9375 14.7047 1.1
      vertex 58.5906 14.5636 1.1
    endloop
  endfacet
  facet normal 0 0 -1
    outer loop
      vertex 61.0474 14.97 1.1
      vertex 58.4526 14.97 1.1
      vertex 61.1273 15.0896 1.1
    endloop
  endfacet
  facet normal 0 0 -1
    outer loop
      vertex 60.9094 14.5636 1.1
      vertex 58.5906 14.5636 1.1
      vertex 60.9375 14.7047 1.1
    endloop
  endfacet
  facet normal 0 0 -1
    outer loop
      vertex 61.1273 18.2504 1.1
      vertex 58.6 18.92 1.1
      vertex 61.0474 18.37 1.1
    endloop
  endfacet
  facet normal 0 0 -1
    outer loop
      vertex 58.5906 14.5636 1.1
      vertex 60.9094 14.5636 1.1
      vertex 58.6 14.42 1.1
    endloop
  endfacet
  facet normal 0 0 -1
    outer loop
      vertex 61.0474 18.37 1.1
      vertex 58.6 18.92 1.1
      vertex 60.9837 18.499 1.1
    endloop
  endfacet
  facet normal 0 0 -1
    outer loop
      vertex 58.6 14.42 1.1
      vertex 60.9094 14.5636 1.1
      vertex 60.9 14.42 1.1
    endloop
  endfacet
  facet normal 0 0 -1
    outer loop
      vertex 60.9837 18.499 1.1
      vertex 58.6 18.92 1.1
      vertex 60.9375 18.6353 1.1
    endloop
  endfacet
  facet normal 0 0 -1
    outer loop
      vertex 68.8314 20.0514 1.1
      vertex 67.5906 23.2764 1.1
      vertex 67.6 23.42 1.1
    endloop
  endfacet
  facet normal 0 0 -1
    outer loop
      vertex 67.9088 20.5063 1.1
      vertex 67.5625 23.1353 1.1
      vertex 67.5906 23.2764 1.1
    endloop
  endfacet
  facet normal 0 0 -1
    outer loop
      vertex 67.9088 20.5063 1.1
      vertex 67.5163 22.999 1.1
      vertex 67.5625 23.1353 1.1
    endloop
  endfacet
  facet normal 0 0 -1
    outer loop
      vertex 67.05 22.4674 1.1
      vertex 67.7 20.52 1.1
      vertex 67.4912 20.5063 1.1
    endloop
  endfacet
  facet normal 0 0 -1
    outer loop
      vertex 67.9088 20.5063 1.1
      vertex 67.4526 22.87 1.1
      vertex 67.5163 22.999 1.1
    endloop
  endfacet
  facet normal 0 0 -1
    outer loop
      vertex 67.9088 20.5063 1.1
      vertex 67.3727 22.7504 1.1
      vertex 67.4526 22.87 1.1
    endloop
  endfacet
  facet normal 0 0 -1
    outer loop
      vertex 66.921 22.4037 1.1
      vertex 67.4912 20.5063 1.1
      vertex 67.2859 20.4655 1.1
    endloop
  endfacet
  facet normal 0 0 -1
    outer loop
      vertex 67.9088 20.5063 1.1
      vertex 67.2778 22.6422 1.1
      vertex 67.3727 22.7504 1.1
    endloop
  endfacet
  facet normal 0 0 -1
    outer loop
      vertex 67.9088 20.5063 1.1
      vertex 67.1696 22.5473 1.1
      vertex 67.2778 22.6422 1.1
    endloop
  endfacet
  facet normal 0 0 -1
    outer loop
      vertex 66.6436 22.3294 1.1
      vertex 67.2859 20.4655 1.1
      vertex 67.0877 20.3982 1.1
    endloop
  endfacet
  facet normal 0 0 -1
    outer loop
      vertex 67.7 20.52 1.1
      vertex 67.05 22.4674 1.1
      vertex 67.1696 22.5473 1.1
    endloop
  endfacet
  facet normal 0 0 -1
    outer loop
      vertex 67.4912 20.5063 1.1
      vertex 66.921 22.4037 1.1
      vertex 67.05 22.4674 1.1
    endloop
  endfacet
  facet normal 0 0 -1
    outer loop
      vertex 66.5 22.32 1.1
      vertex 67.0877 20.3982 1.1
      vertex 66.9 20.3056 1.1
    endloop
  endfacet
  facet normal 0 0 -1
    outer loop
      vertex 67.2859 20.4655 1.1
      vertex 66.7847 22.3575 1.1
      vertex 66.921 22.4037 1.1
    endloop
  endfacet
  facet normal 0 0 -1
    outer loop
      vertex 66.3564 22.3294 1.1
      vertex 66.9 20.3056 1.1
      vertex 66.726 20.1894 1.1
    endloop
  endfacet
  facet normal 0 0 -1
    outer loop
      vertex 67.2859 20.4655 1.1
      vertex 66.6436 22.3294 1.1
      vertex 66.7847 22.3575 1.1
    endloop
  endfacet
  facet normal 0 0 -1
    outer loop
      vertex 66.3564 20.0106 1.1
      vertex 66.726 20.1894 1.1
      vertex 66.5686 20.0514 1.1
    endloop
  endfacet
  facet normal 0 0 -1
    outer loop
      vertex 66.5 20.02 1.1
      vertex 66.5686 20.0514 1.1
      vertex 66.5389 20.0175 1.1
    endloop
  endfacet
  facet normal 0 0 -1
    outer loop
      vertex 66.3564 20.0106 1.1
      vertex 66.5686 20.0514 1.1
      vertex 66.5 20.02 1.1
    endloop
  endfacet
  facet normal 0 0 -1
    outer loop
      vertex 67.0877 20.3982 1.1
      vertex 66.5 22.32 1.1
      vertex 66.6436 22.3294 1.1
    endloop
  endfacet
  facet normal 0 0 -1
    outer loop
      vertex 66.2153 19.9825 1.1
      vertex 66.726 20.1894 1.1
      vertex 66.3564 20.0106 1.1
    endloop
  endfacet
  facet normal 0 0 -1
    outer loop
      vertex 66.9 20.3056 1.1
      vertex 66.3564 22.3294 1.1
      vertex 66.5 22.32 1.1
    endloop
  endfacet
  facet normal 0 0 -1
    outer loop
      vertex 66.2153 22.3575 1.1
      vertex 66.726 20.1894 1.1
      vertex 66.2153 19.9825 1.1
    endloop
  endfacet
  facet normal 0 0 -1
    outer loop
      vertex 66.726 20.1894 1.1
      vertex 66.2153 22.3575 1.1
      vertex 66.3564 22.3294 1.1
    endloop
  endfacet
  facet normal 0 0 -1
    outer loop
      vertex 66.079 19.9363 1.1
      vertex 66.2153 22.3575 1.1
      vertex 66.2153 19.9825 1.1
    endloop
  endfacet
  facet normal 0 0 -1
    outer loop
      vertex 66.079 19.9363 1.1
      vertex 66.079 22.4037 1.1
      vertex 66.2153 22.3575 1.1
    endloop
  endfacet
  facet normal 0 0 -1
    outer loop
      vertex 65.95 19.8726 1.1
      vertex 66.079 22.4037 1.1
      vertex 66.079 19.9363 1.1
    endloop
  endfacet
  facet normal 0 0 -1
    outer loop
      vertex 65.95 19.8726 1.1
      vertex 65.95 22.4674 1.1
      vertex 66.079 22.4037 1.1
    endloop
  endfacet
  facet normal 0 0 -1
    outer loop
      vertex 65.8304 19.7927 1.1
      vertex 65.95 22.4674 1.1
      vertex 65.95 19.8726 1.1
    endloop
  endfacet
  facet normal 0 0 -1
    outer loop
      vertex 65.8304 19.7927 1.1
      vertex 65.8304 22.5473 1.1
      vertex 65.95 22.4674 1.1
    endloop
  endfacet
  facet normal 0 0 -1
    outer loop
      vertex 65.7222 19.6978 1.1
      vertex 65.8304 22.5473 1.1
      vertex 65.8304 19.7927 1.1
    endloop
  endfacet
  facet normal 0 0 -1
    outer loop
      vertex 65.7222 19.6978 1.1
      vertex 65.7222 22.6422 1.1
      vertex 65.8304 22.5473 1.1
    endloop
  endfacet
  facet normal 0 0 -1
    outer loop
      vertex 65.4837 19.341 1.1
      vertex 63.0163 19.341 1.1
      vertex 65.5474 19.47 1.1
    endloop
  endfacet
  facet normal 0 0 -1
    outer loop
      vertex 62.9526 19.47 1.1
      vertex 65.5474 19.47 1.1
      vertex 63.0163 19.341 1.1
    endloop
  endfacet
  facet normal 0 0 -1
    outer loop
      vertex 65.4375 19.2047 1.1
      vertex 63.0625 19.2047 1.1
      vertex 65.4837 19.341 1.1
    endloop
  endfacet
  facet normal 0 0 -1
    outer loop
      vertex 63.0163 19.341 1.1
      vertex 65.4837 19.341 1.1
      vertex 63.0625 19.2047 1.1
    endloop
  endfacet
  facet normal 0 0 -1
    outer loop
      vertex 63.0625 19.2047 1.1
      vertex 65.4375 19.2047 1.1
      vertex 63.0906 19.0636 1.1
    endloop
  endfacet
  facet normal 0 0 -1
    outer loop
      vertex 65.5474 19.47 1.1
      vertex 62.9526 19.47 1.1
      vertex 65.6273 19.5896 1.1
    endloop
  endfacet
  facet normal 0 0 -1
    outer loop
      vertex 65.4094 19.0636 1.1
      vertex 63.0906 19.0636 1.1
      vertex 65.4375 19.2047 1.1
    endloop
  endfacet
  facet normal 0 0 -1
    outer loop
      vertex 65.6273 22.7504 1.1
      vertex 63.1 23.42 1.1
      vertex 65.5474 22.87 1.1
    endloop
  endfacet
  facet normal 0 0 -1
    outer loop
      vertex 63.0906 19.0636 1.1
      vertex 65.4094 19.0636 1.1
      vertex 63.1 18.92 1.1
    endloop
  endfacet
  facet normal 0 0 -1
    outer loop
      vertex 65.5474 22.87 1.1
      vertex 63.1 23.42 1.1
      vertex 65.4837 22.999 1.1
    endloop
  endfacet
  facet normal 0 0 -1
    outer loop
      vertex 63.1 18.92 1.1
      vertex 65.4094 19.0636 1.1
      vertex 65.4 18.92 1.1
    endloop
  endfacet
  facet normal 0 0 -1
    outer loop
      vertex 65.4837 22.999 1.1
      vertex 63.1 23.42 1.1
      vertex 65.4375 23.1353 1.1
    endloop
  endfacet
  facet normal 0 0 -1
    outer loop
      vertex 73.7 9.92 1.1
      vertex 69.3 18.92 1.1
      vertex 73.7 27.92 1.1
    endloop
  endfacet
  facet normal 0 0 -1
    outer loop
      vertex 73.7 9.92 1.1
      vertex 69.2863 18.7112 1.1
      vertex 69.3 18.92 1.1
    endloop
  endfacet
  facet normal 0 0 -1
    outer loop
      vertex 73.7 9.92 1.1
      vertex 69.2455 18.5059 1.1
      vertex 69.2863 18.7112 1.1
    endloop
  endfacet
  facet normal 0 0 -1
    outer loop
      vertex 73.7 9.92 1.1
      vertex 69.1782 18.3077 1.1
      vertex 69.2455 18.5059 1.1
    endloop
  endfacet
  facet normal 0 0 -1
    outer loop
      vertex 73.7 9.92 1.1
      vertex 69.0856 18.12 1.1
      vertex 69.1782 18.3077 1.1
    endloop
  endfacet
  facet normal 0 0 -1
    outer loop
      vertex 73.7 9.92 1.1
      vertex 68.9694 17.946 1.1
      vertex 69.0856 18.12 1.1
    endloop
  endfacet
  facet normal 0 0 -1
    outer loop
      vertex 73.7 9.92 1.1
      vertex 68.8314 17.7886 1.1
      vertex 68.9694 17.946 1.1
    endloop
  endfacet
  facet normal 0 0 -1
    outer loop
      vertex 67.6 14.42 1.1
      vertex 68.8314 17.7886 1.1
      vertex 73.7 9.92 1.1
    endloop
  endfacet
  facet normal 0 0 -1
    outer loop
      vertex 67.5906 14.5636 1.1
      vertex 68.8314 17.7886 1.1
      vertex 67.6 14.42 1.1
    endloop
  endfacet
  facet normal 0 0 -1
    outer loop
      vertex 68.8314 17.7886 1.1
      vertex 67.5906 14.5636 1.1
      vertex 68.674 17.6506 1.1
    endloop
  endfacet
  facet normal 0 0 -1
    outer loop
      vertex 68.674 17.6506 1.1
      vertex 67.5625 14.7047 1.1
      vertex 68.5 17.5344 1.1
    endloop
  endfacet
  facet normal 0 0 -1
    outer loop
      vertex 67.5163 14.841 1.1
      vertex 68.5 17.5344 1.1
      vertex 67.5625 14.7047 1.1
    endloop
  endfacet
  facet normal 0 0 -1
    outer loop
      vertex 68.5 17.5344 1.1
      vertex 67.5163 14.841 1.1
      vertex 68.3123 17.4418 1.1
    endloop
  endfacet
  facet normal 0 0 -1
    outer loop
      vertex 67.5625 14.7047 1.1
      vertex 68.674 17.6506 1.1
      vertex 67.5906 14.5636 1.1
    endloop
  endfacet
  facet normal 0 0 -1
    outer loop
      vertex 73.7 9.92 1.1
      vertex 67.5906 14.2764 1.1
      vertex 67.6 14.42 1.1
    endloop
  endfacet
  facet normal 0 0 -1
    outer loop
      vertex 73.7 9.92 1.1
      vertex 67.5625 14.1353 1.1
      vertex 67.5906 14.2764 1.1
    endloop
  endfacet
  facet normal 0 0 -1
    outer loop
      vertex 73.7 9.92 1.1
      vertex 67.5163 13.999 1.1
      vertex 67.5625 14.1353 1.1
    endloop
  endfacet
  facet normal 0 0 -1
    outer loop
      vertex 73.7 9.92 1.1
      vertex 67.4526 13.87 1.1
      vertex 67.5163 13.999 1.1
    endloop
  endfacet
  facet normal 0 0 -1
    outer loop
      vertex 73.7 9.92 1.1
      vertex 67.3727 13.7504 1.1
      vertex 67.4526 13.87 1.1
    endloop
  endfacet
  facet normal 0 0 -1
    outer loop
      vertex 73.7 9.92 1.1
      vertex 67.2778 13.6422 1.1
      vertex 67.3727 13.7504 1.1
    endloop
  endfacet
  facet normal 0 0 -1
    outer loop
      vertex 73.7 9.92 1.1
      vertex 67.1696 13.5473 1.1
      vertex 67.2778 13.6422 1.1
    endloop
  endfacet
  facet normal 0 0 -1
    outer loop
      vertex 73.7 9.92 1.1
      vertex 67.05 13.4674 1.1
      vertex 67.1696 13.5473 1.1
    endloop
  endfacet
  facet normal 0 0 -1
    outer loop
      vertex 73.7 9.92 1.1
      vertex 66.921 13.4037 1.1
      vertex 67.05 13.4674 1.1
    endloop
  endfacet
  facet normal 0 0 -1
    outer loop
      vertex 73.7 9.92 1.1
      vertex 66.7847 13.3575 1.1
      vertex 66.921 13.4037 1.1
    endloop
  endfacet
  facet normal 0 0 -1
    outer loop
      vertex 73.7 9.92 1.1
      vertex 66.6436 13.3294 1.1
      vertex 66.7847 13.3575 1.1
    endloop
  endfacet
  facet normal 0 0 -1
    outer loop
      vertex 73.7 9.92 1.1
      vertex 66.5 13.32 1.1
      vertex 66.6436 13.3294 1.1
    endloop
  endfacet
  facet normal 0 0 -1
    outer loop
      vertex 73.7 9.92 1.1
      vertex 66.3564 13.3294 1.1
      vertex 66.5 13.32 1.1
    endloop
  endfacet
  facet normal 0 0 -1
    outer loop
      vertex 62.1436 13.3294 1.1
      vertex 66.3564 13.3294 1.1
      vertex 73.7 9.92 1.1
    endloop
  endfacet
  facet normal 0 0 -1
    outer loop
      vertex 66.3564 13.3294 1.1
      vertex 62.1436 13.3294 1.1
      vertex 66.2153 13.3575 1.1
    endloop
  endfacet
  facet normal 0 0 -1
    outer loop
      vertex 65.4094 18.7764 1.1
      vertex 63.1 18.92 1.1
      vertex 65.4 18.92 1.1
    endloop
  endfacet
  facet normal 0 0 -1
    outer loop
      vertex 63.0906 14.5636 1.1
      vertex 65.4 14.42 1.1
      vertex 63.1 14.42 1.1
    endloop
  endfacet
  facet normal 0 0 -1
    outer loop
      vertex 65.4094 14.2764 1.1
      vertex 63.1 14.42 1.1
      vertex 65.4 14.42 1.1
    endloop
  endfacet
  facet normal 0 0 -1
    outer loop
      vertex 63.0906 14.2764 1.1
      vertex 65.4094 14.2764 1.1
      vertex 65.4375 14.1353 1.1
    endloop
  endfacet
  facet normal 0 0 -1
    outer loop
      vertex 63.0625 14.1353 1.1
      vertex 65.4375 14.1353 1.1
      vertex 65.4837 13.999 1.1
    endloop
  endfacet
  facet normal 0 0 -1
    outer loop
      vertex 63.0163 13.999 1.1
      vertex 65.4837 13.999 1.1
      vertex 65.5474 13.87 1.1
    endloop
  endfacet
  facet normal 0 0 -1
    outer loop
      vertex 62.9526 13.87 1.1
      vertex 65.5474 13.87 1.1
      vertex 65.6273 13.7504 1.1
    endloop
  endfacet
  facet normal 0 0 -1
    outer loop
      vertex 62.8727 13.7504 1.1
      vertex 65.6273 13.7504 1.1
      vertex 65.7222 13.6422 1.1
    endloop
  endfacet
  facet normal 0 0 -1
    outer loop
      vertex 62.7778 13.6422 1.1
      vertex 65.7222 13.6422 1.1
      vertex 65.8304 13.5473 1.1
    endloop
  endfacet
  facet normal 0 0 -1
    outer loop
      vertex 62.6696 13.5473 1.1
      vertex 65.8304 13.5473 1.1
      vertex 65.95 13.4674 1.1
    endloop
  endfacet
  facet normal 0 0 -1
    outer loop
      vertex 62.55 13.4674 1.1
      vertex 65.95 13.4674 1.1
      vertex 66.079 13.4037 1.1
    endloop
  endfacet
  facet normal 0 -0 -1
    outer loop
      vertex 62.2847 13.3575 1.1
      vertex 66.2153 13.3575 1.1
      vertex 62.1436 13.3294 1.1
    endloop
  endfacet
  facet normal 0 0 -1
    outer loop
      vertex 65.4094 14.2764 1.1
      vertex 63.0906 14.2764 1.1
      vertex 63.1 14.42 1.1
    endloop
  endfacet
  facet normal 0 0 -1
    outer loop
      vertex 65.4375 14.1353 1.1
      vertex 63.0625 14.1353 1.1
      vertex 63.0906 14.2764 1.1
    endloop
  endfacet
  facet normal 0 0 -1
    outer loop
      vertex 65.4837 13.999 1.1
      vertex 63.0163 13.999 1.1
      vertex 63.0625 14.1353 1.1
    endloop
  endfacet
  facet normal 0 0 -1
    outer loop
      vertex 65.5474 13.87 1.1
      vertex 62.9526 13.87 1.1
      vertex 63.0163 13.999 1.1
    endloop
  endfacet
  facet normal 0 0 -1
    outer loop
      vertex 65.6273 13.7504 1.1
      vertex 62.8727 13.7504 1.1
      vertex 62.9526 13.87 1.1
    endloop
  endfacet
  facet normal 0 0 -1
    outer loop
      vertex 65.7222 13.6422 1.1
      vertex 62.7778 13.6422 1.1
      vertex 62.8727 13.7504 1.1
    endloop
  endfacet
  facet normal 0 0 -1
    outer loop
      vertex 65.8304 13.5473 1.1
      vertex 62.6696 13.5473 1.1
      vertex 62.7778 13.6422 1.1
    endloop
  endfacet
  facet normal 0 0 -1
    outer loop
      vertex 65.95 13.4674 1.1
      vertex 62.55 13.4674 1.1
      vertex 62.6696 13.5473 1.1
    endloop
  endfacet
  facet normal 0 0 -1
    outer loop
      vertex 66.079 13.4037 1.1
      vertex 62.421 13.4037 1.1
      vertex 62.55 13.4674 1.1
    endloop
  endfacet
  facet normal -0 0 -1
    outer loop
      vertex 66.079 13.4037 1.1
      vertex 62.2847 13.3575 1.1
      vertex 62.421 13.4037 1.1
    endloop
  endfacet
  facet normal 0 0 -1
    outer loop
      vertex 66.2153 13.3575 1.1
      vertex 62.2847 13.3575 1.1
      vertex 66.079 13.4037 1.1
    endloop
  endfacet
  facet normal 0 0 -1
    outer loop
      vertex 73.7 9.92 1.1
      vertex 62 13.32 1.1
      vertex 62.1436 13.3294 1.1
    endloop
  endfacet
  facet normal 0 0 -1
    outer loop
      vertex 73.7 9.92 1.1
      vertex 61.8564 13.3294 1.1
      vertex 62 13.32 1.1
    endloop
  endfacet
  facet normal 0 0 -1
    outer loop
      vertex 57.6436 13.3294 1.1
      vertex 61.8564 13.3294 1.1
      vertex 73.7 9.92 1.1
    endloop
  endfacet
  facet normal 0 0 -1
    outer loop
      vertex 60.9094 18.7764 1.1
      vertex 58.6 18.92 1.1
      vertex 60.9 18.92 1.1
    endloop
  endfacet
  facet normal 0 0 -1
    outer loop
      vertex 60.9375 18.6353 1.1
      vertex 58.6 18.92 1.1
      vertex 60.9094 18.7764 1.1
    endloop
  endfacet
  facet normal 0 0 -1
    outer loop
      vertex 60.9094 14.2764 1.1
      vertex 58.6 14.42 1.1
      vertex 60.9 14.42 1.1
    endloop
  endfacet
  facet normal 0 0 -1
    outer loop
      vertex 58.5906 14.2764 1.1
      vertex 60.9094 14.2764 1.1
      vertex 60.9375 14.1353 1.1
    endloop
  endfacet
  facet normal 0 0 -1
    outer loop
      vertex 58.5625 14.1353 1.1
      vertex 60.9375 14.1353 1.1
      vertex 60.9837 13.999 1.1
    endloop
  endfacet
  facet normal 0 0 -1
    outer loop
      vertex 58.5163 13.999 1.1
      vertex 60.9837 13.999 1.1
      vertex 61.0474 13.87 1.1
    endloop
  endfacet
  facet normal 0 0 -1
    outer loop
      vertex 58.4526 13.87 1.1
      vertex 61.0474 13.87 1.1
      vertex 61.1273 13.7504 1.1
    endloop
  endfacet
  facet normal 0 0 -1
    outer loop
      vertex 58.3727 13.7504 1.1
      vertex 61.1273 13.7504 1.1
      vertex 61.2222 13.6422 1.1
    endloop
  endfacet
  facet normal 0 0 -1
    outer loop
      vertex 58.2778 13.6422 1.1
      vertex 61.2222 13.6422 1.1
      vertex 61.3304 13.5473 1.1
    endloop
  endfacet
  facet normal 0 0 -1
    outer loop
      vertex 58.1696 13.5473 1.1
      vertex 61.3304 13.5473 1.1
      vertex 61.45 13.4674 1.1
    endloop
  endfacet
  facet normal 0 0 -1
    outer loop
      vertex 58.05 13.4674 1.1
      vertex 61.45 13.4674 1.1
      vertex 61.579 13.4037 1.1
    endloop
  endfacet
  facet normal 0 0 -1
    outer loop
      vertex 60.9094 14.2764 1.1
      vertex 58.5906 14.2764 1.1
      vertex 58.6 14.42 1.1
    endloop
  endfacet
  facet normal 0 0 -1
    outer loop
      vertex 57.921 13.4037 1.1
      vertex 61.579 13.4037 1.1
      vertex 61.7153 13.3575 1.1
    endloop
  endfacet
  facet normal 0 0 -1
    outer loop
      vertex 60.9375 14.1353 1.1
      vertex 58.5625 14.1353 1.1
      vertex 58.5906 14.2764 1.1
    endloop
  endfacet
  facet normal 0 0 -1
    outer loop
      vertex 61.8564 13.3294 1.1
      vertex 57.6436 13.3294 1.1
      vertex 61.7153 13.3575 1.1
    endloop
  endfacet
  facet normal 0 0 -1
    outer loop
      vertex 60.9837 13.999 1.1
      vertex 58.5163 13.999 1.1
      vertex 58.5625 14.1353 1.1
    endloop
  endfacet
  facet normal 0 0 -1
    outer loop
      vertex 61.0474 13.87 1.1
      vertex 58.4526 13.87 1.1
      vertex 58.5163 13.999 1.1
    endloop
  endfacet
  facet normal 0 0 -1
    outer loop
      vertex 61.1273 13.7504 1.1
      vertex 58.3727 13.7504 1.1
      vertex 58.4526 13.87 1.1
    endloop
  endfacet
  facet normal 0 0 -1
    outer loop
      vertex 61.2222 13.6422 1.1
      vertex 58.2778 13.6422 1.1
      vertex 58.3727 13.7504 1.1
    endloop
  endfacet
  facet normal 0 0 -1
    outer loop
      vertex 61.3304 13.5473 1.1
      vertex 58.1696 13.5473 1.1
      vertex 58.2778 13.6422 1.1
    endloop
  endfacet
  facet normal 0 0 -1
    outer loop
      vertex 61.45 13.4674 1.1
      vertex 58.05 13.4674 1.1
      vertex 58.1696 13.5473 1.1
    endloop
  endfacet
  facet normal 0 0 -1
    outer loop
      vertex 61.579 13.4037 1.1
      vertex 57.921 13.4037 1.1
      vertex 58.05 13.4674 1.1
    endloop
  endfacet
  facet normal 0 0 -1
    outer loop
      vertex 61.7153 13.3575 1.1
      vertex 57.7847 13.3575 1.1
      vertex 57.921 13.4037 1.1
    endloop
  endfacet
  facet normal -0 0 -1
    outer loop
      vertex 61.7153 13.3575 1.1
      vertex 57.6436 13.3294 1.1
      vertex 57.7847 13.3575 1.1
    endloop
  endfacet
  facet normal 0 0 -1
    outer loop
      vertex 73.7 9.92 1.1
      vertex 57.5 13.32 1.1
      vertex 57.6436 13.3294 1.1
    endloop
  endfacet
  facet normal 0 0 -1
    outer loop
      vertex 43.7 9.92 1.1
      vertex 57.5 13.32 1.1
      vertex 73.7 9.92 1.1
    endloop
  endfacet
  facet normal -0 0 -1
    outer loop
      vertex 57.5 13.32 1.1
      vertex 43.7 9.92 1.1
      vertex 57.3564 13.3294 1.1
    endloop
  endfacet
  facet normal 0 0 -1
    outer loop
      vertex 56.4837 18.499 1.1
      vertex 51.2455 18.5059 1.1
      vertex 56.4375 18.6353 1.1
    endloop
  endfacet
  facet normal -0 0 -1
    outer loop
      vertex 56.4094 19.0636 1.1
      vertex 51.3 18.92 1.1
      vertex 51.2863 19.1288 1.1
    endloop
  endfacet
  facet normal 0 0 -1
    outer loop
      vertex 50.5 17.5344 1.1
      vertex 56.4 14.42 1.1
      vertex 56.4094 14.2764 1.1
    endloop
  endfacet
  facet normal 0 0 -1
    outer loop
      vertex 50.3123 17.4418 1.1
      vertex 56.4094 14.2764 1.1
      vertex 56.4375 14.1353 1.1
    endloop
  endfacet
  facet normal 0 0 -1
    outer loop
      vertex 50.1141 17.3745 1.1
      vertex 56.4375 14.1353 1.1
      vertex 56.4837 13.999 1.1
    endloop
  endfacet
  facet normal 0 0 -1
    outer loop
      vertex 49.9088 17.3337 1.1
      vertex 56.4837 13.999 1.1
      vertex 56.5474 13.87 1.1
    endloop
  endfacet
  facet normal 0 0 -1
    outer loop
      vertex 43.7 9.92 1.1
      vertex 56.5474 13.87 1.1
      vertex 56.6273 13.7504 1.1
    endloop
  endfacet
  facet normal 0 0 -1
    outer loop
      vertex 43.7 9.92 1.1
      vertex 56.6273 13.7504 1.1
      vertex 56.7222 13.6422 1.1
    endloop
  endfacet
  facet normal 0 0 -1
    outer loop
      vertex 56.4094 18.7764 1.1
      vertex 51.3 18.92 1.1
      vertex 56.4 18.92 1.1
    endloop
  endfacet
  facet normal 0 -0 -1
    outer loop
      vertex 51.3 18.92 1.1
      vertex 56.4094 18.7764 1.1
      vertex 51.2863 18.7112 1.1
    endloop
  endfacet
  facet normal 0 0 -1
    outer loop
      vertex 56.4375 18.6353 1.1
      vertex 51.2863 18.7112 1.1
      vertex 56.4094 18.7764 1.1
    endloop
  endfacet
  facet normal 0 0 -1
    outer loop
      vertex 43.7 9.92 1.1
      vertex 56.7222 13.6422 1.1
      vertex 56.8304 13.5473 1.1
    endloop
  endfacet
  facet normal 0 -0 -1
    outer loop
      vertex 51.2863 18.7112 1.1
      vertex 56.4375 18.6353 1.1
      vertex 51.2455 18.5059 1.1
    endloop
  endfacet
  facet normal 0 0 -1
    outer loop
      vertex 56.4837 14.841 1.1
      vertex 50.9694 17.946 1.1
      vertex 51.0856 18.12 1.1
    endloop
  endfacet
  facet normal 0 0 -1
    outer loop
      vertex 56.4375 14.7047 1.1
      vertex 50.8314 17.7886 1.1
      vertex 50.9694 17.946 1.1
    endloop
  endfacet
  facet normal 0 0 -1
    outer loop
      vertex 56.4094 14.5636 1.1
      vertex 50.674 17.6506 1.1
      vertex 50.8314 17.7886 1.1
    endloop
  endfacet
  facet normal 0 0 -1
    outer loop
      vertex 43.7 9.92 1.1
      vertex 56.8304 13.5473 1.1
      vertex 56.95 13.4674 1.1
    endloop
  endfacet
  facet normal 0 0 -1
    outer loop
      vertex 56.4 14.42 1.1
      vertex 50.5 17.5344 1.1
      vertex 50.674 17.6506 1.1
    endloop
  endfacet
  facet normal 0 0 -1
    outer loop
      vertex 56.4094 14.2764 1.1
      vertex 50.3123 17.4418 1.1
      vertex 50.5 17.5344 1.1
    endloop
  endfacet
  facet normal 0 0 -1
    outer loop
      vertex 56.4375 14.1353 1.1
      vertex 50.1141 17.3745 1.1
      vertex 50.3123 17.4418 1.1
    endloop
  endfacet
  facet normal 0 0 -1
    outer loop
      vertex 56.4837 13.999 1.1
      vertex 49.9088 17.3337 1.1
      vertex 50.1141 17.3745 1.1
    endloop
  endfacet
  facet normal -0 0 -1
    outer loop
      vertex 56.5474 13.87 1.1
      vertex 43.7 9.92 1.1
      vertex 49.9088 17.3337 1.1
    endloop
  endfacet
  facet normal 0 0 -1
    outer loop
      vertex 49.9088 17.3337 1.1
      vertex 43.7 9.92 1.1
      vertex 49.7 17.32 1.1
    endloop
  endfacet
  facet normal -0 0 -1
    outer loop
      vertex 49.7 17.32 1.1
      vertex 43.7 9.92 1.1
      vertex 49.4912 17.3337 1.1
    endloop
  endfacet
  facet normal -0 0 -1
    outer loop
      vertex 49.4912 17.3337 1.1
      vertex 43.7 9.92 1.1
      vertex 49.2859 17.3745 1.1
    endloop
  endfacet
  facet normal -0 0 -1
    outer loop
      vertex 49.2859 17.3745 1.1
      vertex 43.7 9.92 1.1
      vertex 49.0877 17.4418 1.1
    endloop
  endfacet
  facet normal -0 0 -1
    outer loop
      vertex 48.1137 18.7112 1.1
      vertex 43.7 9.92 1.1
      vertex 48.1 18.92 1.1
    endloop
  endfacet
  facet normal -0 0 -1
    outer loop
      vertex 48.1545 18.5059 1.1
      vertex 43.7 9.92 1.1
      vertex 48.1137 18.7112 1.1
    endloop
  endfacet
  facet normal -0 0 -1
    outer loop
      vertex 48.2218 18.3077 1.1
      vertex 43.7 9.92 1.1
      vertex 48.1545 18.5059 1.1
    endloop
  endfacet
  facet normal -0 0 -1
    outer loop
      vertex 48.3144 18.12 1.1
      vertex 43.7 9.92 1.1
      vertex 48.2218 18.3077 1.1
    endloop
  endfacet
  facet normal -0 0 -1
    outer loop
      vertex 48.4306 17.946 1.1
      vertex 43.7 9.92 1.1
      vertex 48.3144 18.12 1.1
    endloop
  endfacet
  facet normal -0 0 -1
    outer loop
      vertex 48.5686 17.7886 1.1
      vertex 43.7 9.92 1.1
      vertex 48.4306 17.946 1.1
    endloop
  endfacet
  facet normal -0 0 -1
    outer loop
      vertex 48.726 17.6506 1.1
      vertex 43.7 9.92 1.1
      vertex 48.5686 17.7886 1.1
    endloop
  endfacet
  facet normal -0 0 -1
    outer loop
      vertex 48.9 17.5344 1.1
      vertex 43.7 9.92 1.1
      vertex 48.726 17.6506 1.1
    endloop
  endfacet
  facet normal -0 0 -1
    outer loop
      vertex 49.0877 17.4418 1.1
      vertex 43.7 9.92 1.1
      vertex 48.9 17.5344 1.1
    endloop
  endfacet
  facet normal -0 0 -1
    outer loop
      vertex 57.079 13.4037 1.1
      vertex 43.7 9.92 1.1
      vertex 56.95 13.4674 1.1
    endloop
  endfacet
  facet normal -0 0 -1
    outer loop
      vertex 57.2153 13.3575 1.1
      vertex 43.7 9.92 1.1
      vertex 57.079 13.4037 1.1
    endloop
  endfacet
  facet normal -0 0 -1
    outer loop
      vertex 57.3564 13.3294 1.1
      vertex 43.7 9.92 1.1
      vertex 57.2153 13.3575 1.1
    endloop
  endfacet
  facet normal 0 0 -1
    outer loop
      vertex 69.2863 19.1288 1.1
      vertex 73.7 27.92 1.1
      vertex 69.3 18.92 1.1
    endloop
  endfacet
  facet normal 0 0 -1
    outer loop
      vertex 69.2455 19.3341 1.1
      vertex 73.7 27.92 1.1
      vertex 69.2863 19.1288 1.1
    endloop
  endfacet
  facet normal 0 0 -1
    outer loop
      vertex 69.1782 19.5323 1.1
      vertex 73.7 27.92 1.1
      vertex 69.2455 19.3341 1.1
    endloop
  endfacet
  facet normal 0 0 -1
    outer loop
      vertex 69.0856 19.72 1.1
      vertex 73.7 27.92 1.1
      vertex 69.1782 19.5323 1.1
    endloop
  endfacet
  facet normal 0 0 -1
    outer loop
      vertex 68.9694 19.894 1.1
      vertex 73.7 27.92 1.1
      vertex 69.0856 19.72 1.1
    endloop
  endfacet
  facet normal 0 0 -1
    outer loop
      vertex 68.8314 20.0514 1.1
      vertex 73.7 27.92 1.1
      vertex 68.9694 19.894 1.1
    endloop
  endfacet
  facet normal 0 0 -1
    outer loop
      vertex 67.5906 23.2764 1.1
      vertex 68.8314 20.0514 1.1
      vertex 68.674 20.1894 1.1
    endloop
  endfacet
  facet normal 0 0 -1
    outer loop
      vertex 67.5906 23.2764 1.1
      vertex 68.674 20.1894 1.1
      vertex 68.5 20.3056 1.1
    endloop
  endfacet
  facet normal 0 0 -1
    outer loop
      vertex 67.5906 23.2764 1.1
      vertex 68.5 20.3056 1.1
      vertex 68.3123 20.3982 1.1
    endloop
  endfacet
  facet normal 0 0 -1
    outer loop
      vertex 67.5906 23.2764 1.1
      vertex 68.3123 20.3982 1.1
      vertex 68.1141 20.4655 1.1
    endloop
  endfacet
  facet normal 0 0 -1
    outer loop
      vertex 67.5906 23.2764 1.1
      vertex 68.1141 20.4655 1.1
      vertex 67.9088 20.5063 1.1
    endloop
  endfacet
  facet normal 0 0 -1
    outer loop
      vertex 67.1696 22.5473 1.1
      vertex 67.9088 20.5063 1.1
      vertex 67.7 20.52 1.1
    endloop
  endfacet
  facet normal 0 0 -1
    outer loop
      vertex 68.8314 20.0514 1.1
      vertex 67.6 23.42 1.1
      vertex 73.7 27.92 1.1
    endloop
  endfacet
  facet normal 0 0 -1
    outer loop
      vertex 67.5906 23.5636 1.1
      vertex 73.7 27.92 1.1
      vertex 67.6 23.42 1.1
    endloop
  endfacet
  facet normal 0 0 -1
    outer loop
      vertex 67.5625 23.7047 1.1
      vertex 73.7 27.92 1.1
      vertex 67.5906 23.5636 1.1
    endloop
  endfacet
  facet normal 0 0 -1
    outer loop
      vertex 67.5163 23.841 1.1
      vertex 73.7 27.92 1.1
      vertex 67.5625 23.7047 1.1
    endloop
  endfacet
  facet normal 0 0 -1
    outer loop
      vertex 67.4526 23.97 1.1
      vertex 73.7 27.92 1.1
      vertex 67.5163 23.841 1.1
    endloop
  endfacet
  facet normal 0 0 -1
    outer loop
      vertex 67.3727 24.0896 1.1
      vertex 73.7 27.92 1.1
      vertex 67.4526 23.97 1.1
    endloop
  endfacet
  facet normal 0 0 -1
    outer loop
      vertex 67.2778 24.1978 1.1
      vertex 73.7 27.92 1.1
      vertex 67.3727 24.0896 1.1
    endloop
  endfacet
  facet normal 0 0 -1
    outer loop
      vertex 67.1696 24.2927 1.1
      vertex 73.7 27.92 1.1
      vertex 67.2778 24.1978 1.1
    endloop
  endfacet
  facet normal 0 0 -1
    outer loop
      vertex 67.05 24.3726 1.1
      vertex 73.7 27.92 1.1
      vertex 67.1696 24.2927 1.1
    endloop
  endfacet
  facet normal 0 0 -1
    outer loop
      vertex 66.921 24.4363 1.1
      vertex 73.7 27.92 1.1
      vertex 67.05 24.3726 1.1
    endloop
  endfacet
  facet normal 0 0 -1
    outer loop
      vertex 66.7847 24.4825 1.1
      vertex 73.7 27.92 1.1
      vertex 66.921 24.4363 1.1
    endloop
  endfacet
  facet normal 0 0 -1
    outer loop
      vertex 66.6436 24.5106 1.1
      vertex 73.7 27.92 1.1
      vertex 66.7847 24.4825 1.1
    endloop
  endfacet
  facet normal 0 0 -1
    outer loop
      vertex 66.5 24.52 1.1
      vertex 73.7 27.92 1.1
      vertex 66.6436 24.5106 1.1
    endloop
  endfacet
  facet normal 0 0 -1
    outer loop
      vertex 66.3564 24.5106 1.1
      vertex 73.7 27.92 1.1
      vertex 66.5 24.52 1.1
    endloop
  endfacet
  facet normal 0 0 -1
    outer loop
      vertex 62.1436 24.5106 1.1
      vertex 66.3564 24.5106 1.1
      vertex 66.2153 24.4825 1.1
    endloop
  endfacet
  facet normal 0 0 -1
    outer loop
      vertex 62.2847 24.4825 1.1
      vertex 66.2153 24.4825 1.1
      vertex 66.079 24.4363 1.1
    endloop
  endfacet
  facet normal 0 0 -1
    outer loop
      vertex 65.4375 23.1353 1.1
      vertex 63.1 23.42 1.1
      vertex 65.4094 23.2764 1.1
    endloop
  endfacet
  facet normal 0 0 -1
    outer loop
      vertex 65.4094 23.2764 1.1
      vertex 63.1 23.42 1.1
      vertex 65.4 23.42 1.1
    endloop
  endfacet
  facet normal 0 0 -1
    outer loop
      vertex 65.4 23.42 1.1
      vertex 63.1 23.42 1.1
      vertex 65.4094 23.5636 1.1
    endloop
  endfacet
  facet normal 0 0 -1
    outer loop
      vertex 63.0906 23.5636 1.1
      vertex 65.4094 23.5636 1.1
      vertex 63.1 23.42 1.1
    endloop
  endfacet
  facet normal 0 0 -1
    outer loop
      vertex 65.4094 23.5636 1.1
      vertex 63.0906 23.5636 1.1
      vertex 65.4375 23.7047 1.1
    endloop
  endfacet
  facet normal 0 0 -1
    outer loop
      vertex 63.0625 23.7047 1.1
      vertex 65.4375 23.7047 1.1
      vertex 63.0906 23.5636 1.1
    endloop
  endfacet
  facet normal 0 0 -1
    outer loop
      vertex 65.4375 23.7047 1.1
      vertex 63.0625 23.7047 1.1
      vertex 65.4837 23.841 1.1
    endloop
  endfacet
  facet normal 0 0 -1
    outer loop
      vertex 63.0163 23.841 1.1
      vertex 65.4837 23.841 1.1
      vertex 63.0625 23.7047 1.1
    endloop
  endfacet
  facet normal 0 0 -1
    outer loop
      vertex 65.4837 23.841 1.1
      vertex 63.0163 23.841 1.1
      vertex 65.5474 23.97 1.1
    endloop
  endfacet
  facet normal 0 0 -1
    outer loop
      vertex 62.9526 23.97 1.1
      vertex 65.5474 23.97 1.1
      vertex 63.0163 23.841 1.1
    endloop
  endfacet
  facet normal 0 0 -1
    outer loop
      vertex 65.5474 23.97 1.1
      vertex 62.9526 23.97 1.1
      vertex 65.6273 24.0896 1.1
    endloop
  endfacet
  facet normal 0 0 -1
    outer loop
      vertex 62.8727 24.0896 1.1
      vertex 65.6273 24.0896 1.1
      vertex 62.9526 23.97 1.1
    endloop
  endfacet
  facet normal 0 0 -1
    outer loop
      vertex 65.6273 24.0896 1.1
      vertex 62.8727 24.0896 1.1
      vertex 65.7222 24.1978 1.1
    endloop
  endfacet
  facet normal 0 0 -1
    outer loop
      vertex 62.7778 24.1978 1.1
      vertex 65.7222 24.1978 1.1
      vertex 62.8727 24.0896 1.1
    endloop
  endfacet
  facet normal 0 0 -1
    outer loop
      vertex 65.7222 24.1978 1.1
      vertex 62.7778 24.1978 1.1
      vertex 65.8304 24.2927 1.1
    endloop
  endfacet
  facet normal 0 0 -1
    outer loop
      vertex 62.6696 24.2927 1.1
      vertex 65.8304 24.2927 1.1
      vertex 62.7778 24.1978 1.1
    endloop
  endfacet
  facet normal 0 0 -1
    outer loop
      vertex 65.8304 24.2927 1.1
      vertex 62.6696 24.2927 1.1
      vertex 65.95 24.3726 1.1
    endloop
  endfacet
  facet normal 0 0 -1
    outer loop
      vertex 62.55 24.3726 1.1
      vertex 65.95 24.3726 1.1
      vertex 62.6696 24.2927 1.1
    endloop
  endfacet
  facet normal 0 0 -1
    outer loop
      vertex 65.95 24.3726 1.1
      vertex 62.55 24.3726 1.1
      vertex 66.079 24.4363 1.1
    endloop
  endfacet
  facet normal 0 0 -1
    outer loop
      vertex 62.421 24.4363 1.1
      vertex 66.079 24.4363 1.1
      vertex 62.55 24.3726 1.1
    endloop
  endfacet
  facet normal 0 0 -1
    outer loop
      vertex 62.2847 24.4825 1.1
      vertex 66.079 24.4363 1.1
      vertex 62.421 24.4363 1.1
    endloop
  endfacet
  facet normal 0 0 -1
    outer loop
      vertex 66.2153 24.4825 1.1
      vertex 62.2847 24.4825 1.1
      vertex 62.1436 24.5106 1.1
    endloop
  endfacet
  facet normal 0 0 -1
    outer loop
      vertex 66.3564 24.5106 1.1
      vertex 62.1436 24.5106 1.1
      vertex 73.7 27.92 1.1
    endloop
  endfacet
  facet normal 0 0 -1
    outer loop
      vertex 62 24.52 1.1
      vertex 73.7 27.92 1.1
      vertex 62.1436 24.5106 1.1
    endloop
  endfacet
  facet normal 0 0 -1
    outer loop
      vertex 61.8564 24.5106 1.1
      vertex 73.7 27.92 1.1
      vertex 62 24.52 1.1
    endloop
  endfacet
  facet normal 0 0 -1
    outer loop
      vertex 57.6436 24.5106 1.1
      vertex 61.8564 24.5106 1.1
      vertex 61.7153 24.4825 1.1
    endloop
  endfacet
  facet normal 0 0 -1
    outer loop
      vertex 60.9375 23.1353 1.1
      vertex 58.6 23.42 1.1
      vertex 60.9094 23.2764 1.1
    endloop
  endfacet
  facet normal 0 0 -1
    outer loop
      vertex 60.9094 23.2764 1.1
      vertex 58.6 23.42 1.1
      vertex 60.9 23.42 1.1
    endloop
  endfacet
  facet normal 0 0 -1
    outer loop
      vertex 60.9 23.42 1.1
      vertex 58.6 23.42 1.1
      vertex 60.9094 23.5636 1.1
    endloop
  endfacet
  facet normal 0 0 -1
    outer loop
      vertex 58.5906 23.5636 1.1
      vertex 60.9094 23.5636 1.1
      vertex 58.6 23.42 1.1
    endloop
  endfacet
  facet normal 0 0 -1
    outer loop
      vertex 60.9094 23.5636 1.1
      vertex 58.5906 23.5636 1.1
      vertex 60.9375 23.7047 1.1
    endloop
  endfacet
  facet normal 0 0 -1
    outer loop
      vertex 58.5625 23.7047 1.1
      vertex 60.9375 23.7047 1.1
      vertex 58.5906 23.5636 1.1
    endloop
  endfacet
  facet normal 0 0 -1
    outer loop
      vertex 60.9375 23.7047 1.1
      vertex 58.5625 23.7047 1.1
      vertex 60.9837 23.841 1.1
    endloop
  endfacet
  facet normal 0 0 -1
    outer loop
      vertex 58.5163 23.841 1.1
      vertex 60.9837 23.841 1.1
      vertex 58.5625 23.7047 1.1
    endloop
  endfacet
  facet normal 0 0 -1
    outer loop
      vertex 60.9837 23.841 1.1
      vertex 58.5163 23.841 1.1
      vertex 61.0474 23.97 1.1
    endloop
  endfacet
  facet normal 0 0 -1
    outer loop
      vertex 58.4526 23.97 1.1
      vertex 61.0474 23.97 1.1
      vertex 58.5163 23.841 1.1
    endloop
  endfacet
  facet normal 0 0 -1
    outer loop
      vertex 61.0474 23.97 1.1
      vertex 58.4526 23.97 1.1
      vertex 61.1273 24.0896 1.1
    endloop
  endfacet
  facet normal 0 0 -1
    outer loop
      vertex 58.3727 24.0896 1.1
      vertex 61.1273 24.0896 1.1
      vertex 58.4526 23.97 1.1
    endloop
  endfacet
  facet normal 0 0 -1
    outer loop
      vertex 61.1273 24.0896 1.1
      vertex 58.3727 24.0896 1.1
      vertex 61.2222 24.1978 1.1
    endloop
  endfacet
  facet normal 0 0 -1
    outer loop
      vertex 58.2778 24.1978 1.1
      vertex 61.2222 24.1978 1.1
      vertex 58.3727 24.0896 1.1
    endloop
  endfacet
  facet normal 0 0 -1
    outer loop
      vertex 61.2222 24.1978 1.1
      vertex 58.2778 24.1978 1.1
      vertex 61.3304 24.2927 1.1
    endloop
  endfacet
  facet normal 0 0 -1
    outer loop
      vertex 58.1696 24.2927 1.1
      vertex 61.3304 24.2927 1.1
      vertex 58.2778 24.1978 1.1
    endloop
  endfacet
  facet normal 0 0 -1
    outer loop
      vertex 61.3304 24.2927 1.1
      vertex 58.1696 24.2927 1.1
      vertex 61.45 24.3726 1.1
    endloop
  endfacet
  facet normal 0 0 -1
    outer loop
      vertex 58.05 24.3726 1.1
      vertex 61.45 24.3726 1.1
      vertex 58.1696 24.2927 1.1
    endloop
  endfacet
  facet normal 0 0 -1
    outer loop
      vertex 61.45 24.3726 1.1
      vertex 58.05 24.3726 1.1
      vertex 61.579 24.4363 1.1
    endloop
  endfacet
  facet normal 0 0 -1
    outer loop
      vertex 57.921 24.4363 1.1
      vertex 61.579 24.4363 1.1
      vertex 58.05 24.3726 1.1
    endloop
  endfacet
  facet normal 0 0 -1
    outer loop
      vertex 61.579 24.4363 1.1
      vertex 57.921 24.4363 1.1
      vertex 61.7153 24.4825 1.1
    endloop
  endfacet
  facet normal 0 0 -1
    outer loop
      vertex 57.7847 24.4825 1.1
      vertex 61.7153 24.4825 1.1
      vertex 57.921 24.4363 1.1
    endloop
  endfacet
  facet normal 0 0 -1
    outer loop
      vertex 57.6436 24.5106 1.1
      vertex 61.7153 24.4825 1.1
      vertex 57.7847 24.4825 1.1
    endloop
  endfacet
  facet normal 0 0 -1
    outer loop
      vertex 61.8564 24.5106 1.1
      vertex 57.6436 24.5106 1.1
      vertex 73.7 27.92 1.1
    endloop
  endfacet
  facet normal 0 0 -1
    outer loop
      vertex 57.5 24.52 1.1
      vertex 73.7 27.92 1.1
      vertex 57.6436 24.5106 1.1
    endloop
  endfacet
  facet normal 0 0 -1
    outer loop
      vertex 43.7 27.92 1.1
      vertex 57.5 24.52 1.1
      vertex 57.3564 24.5106 1.1
    endloop
  endfacet
  facet normal 0 0 -1
    outer loop
      vertex 43.7 27.92 1.1
      vertex 57.3564 24.5106 1.1
      vertex 57.2153 24.4825 1.1
    endloop
  endfacet
  facet normal -0 0 -1
    outer loop
      vertex 56.4375 19.2047 1.1
      vertex 51.2863 19.1288 1.1
      vertex 51.2455 19.3341 1.1
    endloop
  endfacet
  facet normal -0 0 -1
    outer loop
      vertex 56.4837 19.341 1.1
      vertex 51.2455 19.3341 1.1
      vertex 51.1782 19.5323 1.1
    endloop
  endfacet
  facet normal 0 0 -1
    outer loop
      vertex 56.5474 19.47 1.1
      vertex 51.1782 19.5323 1.1
      vertex 51.0856 19.72 1.1
    endloop
  endfacet
  facet normal 0 0 -1
    outer loop
      vertex 50.8314 20.0514 1.1
      vertex 56.4375 23.1353 1.1
      vertex 50.9694 19.894 1.1
    endloop
  endfacet
  facet normal -0 0 -1
    outer loop
      vertex 56.4375 23.1353 1.1
      vertex 50.8314 20.0514 1.1
      vertex 56.4094 23.2764 1.1
    endloop
  endfacet
  facet normal 0 0 -1
    outer loop
      vertex 50.674 20.1894 1.1
      vertex 56.4094 23.2764 1.1
      vertex 50.8314 20.0514 1.1
    endloop
  endfacet
  facet normal -0 0 -1
    outer loop
      vertex 56.4094 23.2764 1.1
      vertex 50.674 20.1894 1.1
      vertex 56.4 23.42 1.1
    endloop
  endfacet
  facet normal 0 0 -1
    outer loop
      vertex 50.5 20.3056 1.1
      vertex 56.4 23.42 1.1
      vertex 50.674 20.1894 1.1
    endloop
  endfacet
  facet normal -0 0 -1
    outer loop
      vertex 56.4 23.42 1.1
      vertex 50.5 20.3056 1.1
      vertex 56.4094 23.5636 1.1
    endloop
  endfacet
  facet normal 0 0 -1
    outer loop
      vertex 50.3123 20.3982 1.1
      vertex 56.4094 23.5636 1.1
      vertex 50.5 20.3056 1.1
    endloop
  endfacet
  facet normal -0 0 -1
    outer loop
      vertex 56.4094 23.5636 1.1
      vertex 50.3123 20.3982 1.1
      vertex 56.4375 23.7047 1.1
    endloop
  endfacet
  facet normal 0 0 -1
    outer loop
      vertex 50.1141 20.4655 1.1
      vertex 56.4375 23.7047 1.1
      vertex 50.3123 20.3982 1.1
    endloop
  endfacet
  facet normal -0 0 -1
    outer loop
      vertex 56.4375 23.7047 1.1
      vertex 50.1141 20.4655 1.1
      vertex 56.4837 23.841 1.1
    endloop
  endfacet
  facet normal 0 0 -1
    outer loop
      vertex 49.9088 20.5063 1.1
      vertex 56.4837 23.841 1.1
      vertex 50.1141 20.4655 1.1
    endloop
  endfacet
  facet normal -0 0 -1
    outer loop
      vertex 56.4837 23.841 1.1
      vertex 49.9088 20.5063 1.1
      vertex 56.5474 23.97 1.1
    endloop
  endfacet
  facet normal 0 0 -1
    outer loop
      vertex 43.7 27.92 1.1
      vertex 56.5474 23.97 1.1
      vertex 49.9088 20.5063 1.1
    endloop
  endfacet
  facet normal 0 0 -1
    outer loop
      vertex 56.5474 23.97 1.1
      vertex 43.7 27.92 1.1
      vertex 56.6273 24.0896 1.1
    endloop
  endfacet
  facet normal 0 0 -1
    outer loop
      vertex 56.6273 24.0896 1.1
      vertex 43.7 27.92 1.1
      vertex 56.7222 24.1978 1.1
    endloop
  endfacet
  facet normal 0 0 -1
    outer loop
      vertex 56.7222 24.1978 1.1
      vertex 43.7 27.92 1.1
      vertex 56.8304 24.2927 1.1
    endloop
  endfacet
  facet normal 0 0 -1
    outer loop
      vertex 43.7 27.92 1.1
      vertex 49.9088 20.5063 1.1
      vertex 49.7 20.52 1.1
    endloop
  endfacet
  facet normal 0 0 -1
    outer loop
      vertex 43.7 27.92 1.1
      vertex 49.7 20.52 1.1
      vertex 49.4912 20.5063 1.1
    endloop
  endfacet
  facet normal 0 0 -1
    outer loop
      vertex 43.7 27.92 1.1
      vertex 49.4912 20.5063 1.1
      vertex 49.2859 20.4655 1.1
    endloop
  endfacet
  facet normal 0 0 -1
    outer loop
      vertex 43.7 27.92 1.1
      vertex 49.2859 20.4655 1.1
      vertex 49.0877 20.3982 1.1
    endloop
  endfacet
  facet normal 0 0 -1
    outer loop
      vertex 43.7 27.92 1.1
      vertex 49.0877 20.3982 1.1
      vertex 48.9 20.3056 1.1
    endloop
  endfacet
  facet normal 0 0 -1
    outer loop
      vertex 43.7 27.92 1.1
      vertex 48.1 18.92 1.1
      vertex 43.7 9.92 1.1
    endloop
  endfacet
  facet normal 0 0 -1
    outer loop
      vertex 48.1 18.92 1.1
      vertex 43.7 27.92 1.1
      vertex 48.1137 19.1288 1.1
    endloop
  endfacet
  facet normal 0 0 -1
    outer loop
      vertex 48.1137 19.1288 1.1
      vertex 43.7 27.92 1.1
      vertex 48.1545 19.3341 1.1
    endloop
  endfacet
  facet normal 0 0 -1
    outer loop
      vertex 57.5 24.52 1.1
      vertex 43.7 27.92 1.1
      vertex 73.7 27.92 1.1
    endloop
  endfacet
  facet normal 0 0 -1
    outer loop
      vertex 57.079 24.4363 1.1
      vertex 43.7 27.92 1.1
      vertex 57.2153 24.4825 1.1
    endloop
  endfacet
  facet normal 0 0 -1
    outer loop
      vertex 56.95 24.3726 1.1
      vertex 43.7 27.92 1.1
      vertex 57.079 24.4363 1.1
    endloop
  endfacet
  facet normal 0 0 -1
    outer loop
      vertex 56.8304 24.2927 1.1
      vertex 43.7 27.92 1.1
      vertex 56.95 24.3726 1.1
    endloop
  endfacet
  facet normal 0 0 -1
    outer loop
      vertex 48.726 20.1894 1.1
      vertex 43.7 27.92 1.1
      vertex 48.9 20.3056 1.1
    endloop
  endfacet
  facet normal 0 0 -1
    outer loop
      vertex 48.5686 20.0514 1.1
      vertex 43.7 27.92 1.1
      vertex 48.726 20.1894 1.1
    endloop
  endfacet
  facet normal 0 0 -1
    outer loop
      vertex 48.4306 19.894 1.1
      vertex 43.7 27.92 1.1
      vertex 48.5686 20.0514 1.1
    endloop
  endfacet
  facet normal 0 0 -1
    outer loop
      vertex 48.3144 19.72 1.1
      vertex 43.7 27.92 1.1
      vertex 48.4306 19.894 1.1
    endloop
  endfacet
  facet normal 0 0 -1
    outer loop
      vertex 48.2218 19.5323 1.1
      vertex 43.7 27.92 1.1
      vertex 48.3144 19.72 1.1
    endloop
  endfacet
  facet normal 0 0 -1
    outer loop
      vertex 48.1545 19.3341 1.1
      vertex 43.7 27.92 1.1
      vertex 48.2218 19.5323 1.1
    endloop
  endfacet
  facet normal 0 0 -1
    outer loop
      vertex 67.4526 14.97 1.1
      vertex 68.3123 17.4418 1.1
      vertex 67.5163 14.841 1.1
    endloop
  endfacet
  facet normal 0 0 -1
    outer loop
      vertex 68.3123 17.4418 1.1
      vertex 67.4526 14.97 1.1
      vertex 68.1141 17.3745 1.1
    endloop
  endfacet
  facet normal 0 0 -1
    outer loop
      vertex 67.3727 15.0896 1.1
      vertex 68.1141 17.3745 1.1
      vertex 67.4526 14.97 1.1
    endloop
  endfacet
  facet normal 0 0 -1
    outer loop
      vertex 67.2778 15.1978 1.1
      vertex 68.1141 17.3745 1.1
      vertex 67.3727 15.0896 1.1
    endloop
  endfacet
  facet normal 0 0 -1
    outer loop
      vertex 68.1141 17.3745 1.1
      vertex 67.2778 15.1978 1.1
      vertex 67.9088 17.3337 1.1
    endloop
  endfacet
  facet normal 0 0 -1
    outer loop
      vertex 67.1696 15.2927 1.1
      vertex 67.9088 17.3337 1.1
      vertex 67.2778 15.1978 1.1
    endloop
  endfacet
  facet normal 0 0 -1
    outer loop
      vertex 67.9088 17.3337 1.1
      vertex 67.1696 15.2927 1.1
      vertex 67.7 17.32 1.1
    endloop
  endfacet
  facet normal 0 0 -1
    outer loop
      vertex 67.05 15.3726 1.1
      vertex 67.7 17.32 1.1
      vertex 67.1696 15.2927 1.1
    endloop
  endfacet
  facet normal -0 0 -1
    outer loop
      vertex 67.7 17.32 1.1
      vertex 67.05 15.3726 1.1
      vertex 67.4912 17.3337 1.1
    endloop
  endfacet
  facet normal 0 0 -1
    outer loop
      vertex 66.921 15.4363 1.1
      vertex 67.4912 17.3337 1.1
      vertex 67.05 15.3726 1.1
    endloop
  endfacet
  facet normal -0 0 -1
    outer loop
      vertex 67.4912 17.3337 1.1
      vertex 66.921 15.4363 1.1
      vertex 67.2859 17.3745 1.1
    endloop
  endfacet
  facet normal 0 0 -1
    outer loop
      vertex 66.7847 15.4825 1.1
      vertex 67.2859 17.3745 1.1
      vertex 66.921 15.4363 1.1
    endloop
  endfacet
  facet normal 0 0 -1
    outer loop
      vertex 66.6436 15.5106 1.1
      vertex 67.2859 17.3745 1.1
      vertex 66.7847 15.4825 1.1
    endloop
  endfacet
  facet normal -0 0 -1
    outer loop
      vertex 67.2859 17.3745 1.1
      vertex 66.6436 15.5106 1.1
      vertex 67.0877 17.4418 1.1
    endloop
  endfacet
  facet normal 0 0 -1
    outer loop
      vertex 66.5 15.52 1.1
      vertex 67.0877 17.4418 1.1
      vertex 66.6436 15.5106 1.1
    endloop
  endfacet
  facet normal -0 0 -1
    outer loop
      vertex 67.0877 17.4418 1.1
      vertex 66.5 15.52 1.1
      vertex 66.9 17.5344 1.1
    endloop
  endfacet
  facet normal 0 0 -1
    outer loop
      vertex 66.3564 15.5106 1.1
      vertex 66.9 17.5344 1.1
      vertex 66.5 15.52 1.1
    endloop
  endfacet
  facet normal -0 0 -1
    outer loop
      vertex 66.9 17.5344 1.1
      vertex 66.3564 15.5106 1.1
      vertex 66.726 17.6506 1.1
    endloop
  endfacet
  facet normal 0 0 -1
    outer loop
      vertex 66.2153 15.4825 1.1
      vertex 66.726 17.6506 1.1
      vertex 66.3564 15.5106 1.1
    endloop
  endfacet
  facet normal 0 0 -1
    outer loop
      vertex 66.5686 17.7886 1.1
      vertex 66.5 17.82 1.1
      vertex 66.5389 17.8225 1.1
    endloop
  endfacet
  facet normal 0 0 -1
    outer loop
      vertex 66.726 17.6506 1.1
      vertex 66.3564 17.8294 1.1
      vertex 66.5686 17.7886 1.1
    endloop
  endfacet
  facet normal 0 0 -1
    outer loop
      vertex 66.5686 17.7886 1.1
      vertex 66.3564 17.8294 1.1
      vertex 66.5 17.82 1.1
    endloop
  endfacet
  facet normal 0 0 -1
    outer loop
      vertex 66.2153 17.8575 1.1
      vertex 66.726 17.6506 1.1
      vertex 66.2153 15.4825 1.1
    endloop
  endfacet
  facet normal 0 0 -1
    outer loop
      vertex 66.726 17.6506 1.1
      vertex 66.2153 17.8575 1.1
      vertex 66.3564 17.8294 1.1
    endloop
  endfacet
  facet normal 0 0 -1
    outer loop
      vertex 66.079 15.4363 1.1
      vertex 66.2153 17.8575 1.1
      vertex 66.2153 15.4825 1.1
    endloop
  endfacet
  facet normal 0 0 -1
    outer loop
      vertex 66.079 15.4363 1.1
      vertex 66.079 17.9037 1.1
      vertex 66.2153 17.8575 1.1
    endloop
  endfacet
  facet normal 0 0 -1
    outer loop
      vertex 65.95 15.3726 1.1
      vertex 66.079 17.9037 1.1
      vertex 66.079 15.4363 1.1
    endloop
  endfacet
  facet normal 0 0 -1
    outer loop
      vertex 65.95 15.3726 1.1
      vertex 65.95 17.9674 1.1
      vertex 66.079 17.9037 1.1
    endloop
  endfacet
  facet normal 0 0 -1
    outer loop
      vertex 65.8304 15.2927 1.1
      vertex 65.95 17.9674 1.1
      vertex 65.95 15.3726 1.1
    endloop
  endfacet
  facet normal 0 0 -1
    outer loop
      vertex 65.8304 15.2927 1.1
      vertex 65.8304 18.0473 1.1
      vertex 65.95 17.9674 1.1
    endloop
  endfacet
  facet normal 0 0 -1
    outer loop
      vertex 65.7222 15.1978 1.1
      vertex 65.8304 18.0473 1.1
      vertex 65.8304 15.2927 1.1
    endloop
  endfacet
  facet normal 0 0 -1
    outer loop
      vertex 65.7222 15.1978 1.1
      vertex 65.7222 18.1422 1.1
      vertex 65.8304 18.0473 1.1
    endloop
  endfacet
  facet normal 0 0 -1
    outer loop
      vertex 65.4837 14.841 1.1
      vertex 63.0163 14.841 1.1
      vertex 65.5474 14.97 1.1
    endloop
  endfacet
  facet normal 0 0 -1
    outer loop
      vertex 62.9526 14.97 1.1
      vertex 65.5474 14.97 1.1
      vertex 63.0163 14.841 1.1
    endloop
  endfacet
  facet normal 0 0 -1
    outer loop
      vertex 63.0163 14.841 1.1
      vertex 65.4837 14.841 1.1
      vertex 63.0625 14.7047 1.1
    endloop
  endfacet
  facet normal 0 0 -1
    outer loop
      vertex 65.5474 14.97 1.1
      vertex 62.9526 14.97 1.1
      vertex 65.6273 15.0896 1.1
    endloop
  endfacet
  facet normal 0 0 -1
    outer loop
      vertex 65.4375 14.7047 1.1
      vertex 63.0625 14.7047 1.1
      vertex 65.4837 14.841 1.1
    endloop
  endfacet
  facet normal 0 0 -1
    outer loop
      vertex 65.6273 18.2504 1.1
      vertex 63.1 18.92 1.1
      vertex 65.5474 18.37 1.1
    endloop
  endfacet
  facet normal 0 0 -1
    outer loop
      vertex 63.0625 14.7047 1.1
      vertex 65.4375 14.7047 1.1
      vertex 63.0906 14.5636 1.1
    endloop
  endfacet
  facet normal 0 0 -1
    outer loop
      vertex 65.5474 18.37 1.1
      vertex 63.1 18.92 1.1
      vertex 65.4837 18.499 1.1
    endloop
  endfacet
  facet normal 0 0 -1
    outer loop
      vertex 63.0906 14.5636 1.1
      vertex 65.4375 14.7047 1.1
      vertex 65.4094 14.5636 1.1
    endloop
  endfacet
  facet normal 0 0 -1
    outer loop
      vertex 65.4837 18.499 1.1
      vertex 63.1 18.92 1.1
      vertex 65.4375 18.6353 1.1
    endloop
  endfacet
  facet normal 0 0 -1
    outer loop
      vertex 63.0906 14.5636 1.1
      vertex 65.4094 14.5636 1.1
      vertex 65.4 14.42 1.1
    endloop
  endfacet
  facet normal 0 0 -1
    outer loop
      vertex 65.4375 18.6353 1.1
      vertex 63.1 18.92 1.1
      vertex 65.4094 18.7764 1.1
    endloop
  endfacet
  facet normal 1 -0 0
    outer loop
      vertex 43.7 9.92 1.1
      vertex 43.7 27.92 0
      vertex 43.7 27.92 1.1
    endloop
  endfacet
  facet normal 1 0 0
    outer loop
      vertex 43.7 27.92 0
      vertex 43.7 9.92 1.1
      vertex 43.7 9.92 0
    endloop
  endfacet
  facet normal 0 -1 0
    outer loop
      vertex 43.7 27.92 0
      vertex 73.7 27.92 1.1
      vertex 43.7 27.92 1.1
    endloop
  endfacet
  facet normal 0 -1 -0
    outer loop
      vertex 73.7 27.92 1.1
      vertex 43.7 27.92 0
      vertex 73.7 27.92 0
    endloop
  endfacet
  facet normal 0 1 -0
    outer loop
      vertex 73.7 9.92 0
      vertex 43.7 9.92 1.1
      vertex 73.7 9.92 1.1
    endloop
  endfacet
  facet normal 0 1 0
    outer loop
      vertex 43.7 9.92 1.1
      vertex 73.7 9.92 0
      vertex 43.7 9.92 0
    endloop
  endfacet
endsolid OpenSCAD_Model
