solid OpenSCAD_Model
  facet normal -0.831481 0.555553 0
    outer loop
      vertex 0.401923 36.34 0
      vertex 0.61994 36.6663 19.2
      vertex 0.61994 36.6663 0
    endloop
  endfacet
  facet normal -0.831481 0.555553 0
    outer loop
      vertex 0.61994 36.6663 19.2
      vertex 0.401923 36.34 0
      vertex 0.401923 36.34 19.2
    endloop
  endfacet
  facet normal -0.946905 0.321512 0
    outer loop
      vertex 0.102222 35.6165 0
      vertex 0.228361 35.988 19.2
      vertex 0.228361 35.988 0
    endloop
  endfacet
  facet normal -0.946905 0.321512 0
    outer loop
      vertex 0.228361 35.988 19.2
      vertex 0.102222 35.6165 0
      vertex 0.102222 35.6165 19.2
    endloop
  endfacet
  facet normal 0.555906 -0.831245 0
    outer loop
      vertex 115.9 0.401923 0
      vertex 116.226 0.61994 19.2
      vertex 115.9 0.401923 19.2
    endloop
  endfacet
  facet normal 0.555906 -0.831245 0
    outer loop
      vertex 116.226 0.61994 19.2
      vertex 115.9 0.401923 0
      vertex 116.226 0.61994 0
    endloop
  endfacet
  facet normal 0 -1 0
    outer loop
      vertex 3 0 0
      vertex 114.4 0 19.2
      vertex 3 0 19.2
    endloop
  endfacet
  facet normal 0 -1 -0
    outer loop
      vertex 114.4 0 19.2
      vertex 3 0 0
      vertex 114.4 0 0
    endloop
  endfacet
  facet normal 0 1 -0
    outer loop
      vertex 114.4 37.84 0
      vertex 3 37.84 19.2
      vertex 114.4 37.84 19.2
    endloop
  endfacet
  facet normal 0 1 0
    outer loop
      vertex 3 37.84 19.2
      vertex 114.4 37.84 0
      vertex 3 37.84 0
    endloop
  endfacet
  facet normal 1 0 0
    outer loop
      vertex 117.4 28.1507 14.7063
      vertex 117.4 34.84 19.2
      vertex 117.4 28.17 15
    endloop
  endfacet
  facet normal 1 0 0
    outer loop
      vertex 117.4 34.84 19.2
      vertex 117.4 28.1507 15.2937
      vertex 117.4 28.17 15
    endloop
  endfacet
  facet normal 1 0 0
    outer loop
      vertex 117.4 34.84 19.2
      vertex 117.4 28.0933 15.5823
      vertex 117.4 28.1507 15.2937
    endloop
  endfacet
  facet normal 1 0 0
    outer loop
      vertex 117.4 34.84 19.2
      vertex 117.4 27.9987 15.861
      vertex 117.4 28.0933 15.5823
    endloop
  endfacet
  facet normal 1 0 0
    outer loop
      vertex 117.4 34.84 19.2
      vertex 117.4 27.8686 16.125
      vertex 117.4 27.9987 15.861
    endloop
  endfacet
  facet normal 1 0 0
    outer loop
      vertex 117.4 34.84 19.2
      vertex 117.4 27.705 16.3697
      vertex 117.4 27.8686 16.125
    endloop
  endfacet
  facet normal 1 0 0
    outer loop
      vertex 117.4 34.84 19.2
      vertex 117.4 27.511 16.591
      vertex 117.4 27.705 16.3697
    endloop
  endfacet
  facet normal 1 0 0
    outer loop
      vertex 117.4 34.84 19.2
      vertex 117.4 27.2897 16.785
      vertex 117.4 27.511 16.591
    endloop
  endfacet
  facet normal 1 0 0
    outer loop
      vertex 117.4 34.84 19.2
      vertex 117.4 27.045 16.9486
      vertex 117.4 27.2897 16.785
    endloop
  endfacet
  facet normal 1 0 0
    outer loop
      vertex 117.4 34.84 19.2
      vertex 117.4 26.781 17.0787
      vertex 117.4 27.045 16.9486
    endloop
  endfacet
  facet normal 1 0 0
    outer loop
      vertex 117.4 34.84 19.2
      vertex 117.4 26.5023 17.1733
      vertex 117.4 26.781 17.0787
    endloop
  endfacet
  facet normal 1 0 0
    outer loop
      vertex 117.4 34.84 19.2
      vertex 117.4 26.2137 17.2308
      vertex 117.4 26.5023 17.1733
    endloop
  endfacet
  facet normal 1 0 0
    outer loop
      vertex 117.4 34.84 19.2
      vertex 117.4 25.92 17.25
      vertex 117.4 26.2137 17.2308
    endloop
  endfacet
  facet normal 1 0 0
    outer loop
      vertex 117.4 34.84 19.2
      vertex 117.4 25.6263 17.2308
      vertex 117.4 25.92 17.25
    endloop
  endfacet
  facet normal 1 0 0
    outer loop
      vertex 117.4 12.2137 17.2308
      vertex 117.4 25.6263 17.2308
      vertex 117.4 34.84 19.2
    endloop
  endfacet
  facet normal 1 0 0
    outer loop
      vertex 117.4 23.6892 15.2937
      vertex 117.4 14.17 15
      vertex 117.4 23.67 15
    endloop
  endfacet
  facet normal 1 0 0
    outer loop
      vertex 117.4 14.1508 15.2937
      vertex 117.4 23.6892 15.2937
      vertex 117.4 23.7467 15.5823
    endloop
  endfacet
  facet normal 1 0 0
    outer loop
      vertex 117.4 14.0933 15.5823
      vertex 117.4 23.7467 15.5823
      vertex 117.4 23.8413 15.861
    endloop
  endfacet
  facet normal 1 0 0
    outer loop
      vertex 117.4 13.9987 15.861
      vertex 117.4 23.8413 15.861
      vertex 117.4 23.9714 16.125
    endloop
  endfacet
  facet normal 1 0 0
    outer loop
      vertex 117.4 13.8686 16.125
      vertex 117.4 23.9714 16.125
      vertex 117.4 24.135 16.3697
    endloop
  endfacet
  facet normal 1 0 0
    outer loop
      vertex 117.4 13.705 16.3697
      vertex 117.4 24.135 16.3697
      vertex 117.4 24.329 16.591
    endloop
  endfacet
  facet normal 1 0 0
    outer loop
      vertex 117.4 13.511 16.591
      vertex 117.4 24.329 16.591
      vertex 117.4 24.5503 16.785
    endloop
  endfacet
  facet normal 1 0 0
    outer loop
      vertex 117.4 13.2897 16.785
      vertex 117.4 24.5503 16.785
      vertex 117.4 24.795 16.9486
    endloop
  endfacet
  facet normal 1 0 0
    outer loop
      vertex 117.4 13.045 16.9486
      vertex 117.4 24.795 16.9486
      vertex 117.4 25.059 17.0787
    endloop
  endfacet
  facet normal 1 0 0
    outer loop
      vertex 117.4 12.781 17.0787
      vertex 117.4 25.059 17.0787
      vertex 117.4 25.3377 17.1733
    endloop
  endfacet
  facet normal 1 0 0
    outer loop
      vertex 117.4 25.6263 17.2308
      vertex 117.4 12.2137 17.2308
      vertex 117.4 25.3377 17.1733
    endloop
  endfacet
  facet normal 1 0 0
    outer loop
      vertex 117.4 23.6892 15.2937
      vertex 117.4 14.1508 15.2937
      vertex 117.4 14.17 15
    endloop
  endfacet
  facet normal 1 0 0
    outer loop
      vertex 117.4 23.7467 15.5823
      vertex 117.4 14.0933 15.5823
      vertex 117.4 14.1508 15.2937
    endloop
  endfacet
  facet normal 1 0 0
    outer loop
      vertex 117.4 23.8413 15.861
      vertex 117.4 13.9987 15.861
      vertex 117.4 14.0933 15.5823
    endloop
  endfacet
  facet normal 1 0 0
    outer loop
      vertex 117.4 23.9714 16.125
      vertex 117.4 13.8686 16.125
      vertex 117.4 13.9987 15.861
    endloop
  endfacet
  facet normal 1 0 0
    outer loop
      vertex 117.4 24.135 16.3697
      vertex 117.4 13.705 16.3697
      vertex 117.4 13.8686 16.125
    endloop
  endfacet
  facet normal 1 0 0
    outer loop
      vertex 117.4 24.329 16.591
      vertex 117.4 13.511 16.591
      vertex 117.4 13.705 16.3697
    endloop
  endfacet
  facet normal 1 0 0
    outer loop
      vertex 117.4 24.5503 16.785
      vertex 117.4 13.2897 16.785
      vertex 117.4 13.511 16.591
    endloop
  endfacet
  facet normal 1 0 0
    outer loop
      vertex 117.4 24.795 16.9486
      vertex 117.4 13.045 16.9486
      vertex 117.4 13.2897 16.785
    endloop
  endfacet
  facet normal 1 0 0
    outer loop
      vertex 117.4 25.059 17.0787
      vertex 117.4 12.781 17.0787
      vertex 117.4 13.045 16.9486
    endloop
  endfacet
  facet normal 1 0 0
    outer loop
      vertex 117.4 25.3377 17.1733
      vertex 117.4 12.5023 17.1733
      vertex 117.4 12.781 17.0787
    endloop
  endfacet
  facet normal 1 0 0
    outer loop
      vertex 117.4 25.3377 17.1733
      vertex 117.4 12.2137 17.2308
      vertex 117.4 12.5023 17.1733
    endloop
  endfacet
  facet normal 1 -0 0
    outer loop
      vertex 117.4 3 19.2
      vertex 117.4 12.2137 17.2308
      vertex 117.4 34.84 19.2
    endloop
  endfacet
  facet normal 1 0 0
    outer loop
      vertex 117.4 12.2137 17.2308
      vertex 117.4 3 19.2
      vertex 117.4 11.92 17.25
    endloop
  endfacet
  facet normal 1 0 0
    outer loop
      vertex 117.4 9.68925 15.2937
      vertex 117.4 3 19.2
      vertex 117.4 9.67 15
    endloop
  endfacet
  facet normal 1 0 0
    outer loop
      vertex 117.4 9.74667 15.5823
      vertex 117.4 3 19.2
      vertex 117.4 9.68925 15.2937
    endloop
  endfacet
  facet normal 1 0 0
    outer loop
      vertex 117.4 9.84127 15.861
      vertex 117.4 3 19.2
      vertex 117.4 9.74667 15.5823
    endloop
  endfacet
  facet normal 1 0 0
    outer loop
      vertex 117.4 9.97144 16.125
      vertex 117.4 3 19.2
      vertex 117.4 9.84127 15.861
    endloop
  endfacet
  facet normal 1 0 0
    outer loop
      vertex 117.4 10.135 16.3697
      vertex 117.4 3 19.2
      vertex 117.4 9.97144 16.125
    endloop
  endfacet
  facet normal 1 0 0
    outer loop
      vertex 117.4 10.329 16.591
      vertex 117.4 3 19.2
      vertex 117.4 10.135 16.3697
    endloop
  endfacet
  facet normal 1 0 0
    outer loop
      vertex 117.4 10.5503 16.785
      vertex 117.4 3 19.2
      vertex 117.4 10.329 16.591
    endloop
  endfacet
  facet normal 1 0 0
    outer loop
      vertex 117.4 10.795 16.9486
      vertex 117.4 3 19.2
      vertex 117.4 10.5503 16.785
    endloop
  endfacet
  facet normal 1 0 0
    outer loop
      vertex 117.4 11.059 17.0787
      vertex 117.4 3 19.2
      vertex 117.4 10.795 16.9486
    endloop
  endfacet
  facet normal 1 0 0
    outer loop
      vertex 117.4 11.3377 17.1733
      vertex 117.4 3 19.2
      vertex 117.4 11.059 17.0787
    endloop
  endfacet
  facet normal 1 0 0
    outer loop
      vertex 117.4 11.6263 17.2308
      vertex 117.4 3 19.2
      vertex 117.4 11.3377 17.1733
    endloop
  endfacet
  facet normal 1 0 0
    outer loop
      vertex 117.4 11.92 17.25
      vertex 117.4 3 19.2
      vertex 117.4 11.6263 17.2308
    endloop
  endfacet
  facet normal 1 0 0
    outer loop
      vertex 117.4 28.0933 14.4177
      vertex 117.4 34.84 19.2
      vertex 117.4 28.1507 14.7063
    endloop
  endfacet
  facet normal 1 0 0
    outer loop
      vertex 117.4 27.9987 14.139
      vertex 117.4 34.84 19.2
      vertex 117.4 28.0933 14.4177
    endloop
  endfacet
  facet normal 1 0 0
    outer loop
      vertex 117.4 27.8686 13.875
      vertex 117.4 34.84 19.2
      vertex 117.4 27.9987 14.139
    endloop
  endfacet
  facet normal 1 0 0
    outer loop
      vertex 117.4 34.84 19.2
      vertex 117.4 27.8686 13.875
      vertex 117.4 34.84 0
    endloop
  endfacet
  facet normal 1 -0 0
    outer loop
      vertex 117.4 27.705 13.6303
      vertex 117.4 34.84 0
      vertex 117.4 27.8686 13.875
    endloop
  endfacet
  facet normal 1 -0 0
    outer loop
      vertex 117.4 27.511 13.409
      vertex 117.4 34.84 0
      vertex 117.4 27.705 13.6303
    endloop
  endfacet
  facet normal 1 -0 0
    outer loop
      vertex 117.4 27.2897 13.215
      vertex 117.4 34.84 0
      vertex 117.4 27.511 13.409
    endloop
  endfacet
  facet normal 1 -0 0
    outer loop
      vertex 117.4 27.045 13.0514
      vertex 117.4 34.84 0
      vertex 117.4 27.2897 13.215
    endloop
  endfacet
  facet normal 1 -0 0
    outer loop
      vertex 117.4 26.781 12.9213
      vertex 117.4 34.84 0
      vertex 117.4 27.045 13.0514
    endloop
  endfacet
  facet normal 1 -0 0
    outer loop
      vertex 117.4 26.5023 12.8267
      vertex 117.4 34.84 0
      vertex 117.4 26.781 12.9213
    endloop
  endfacet
  facet normal 1 -0 0
    outer loop
      vertex 117.4 26.2137 12.7692
      vertex 117.4 34.84 0
      vertex 117.4 26.5023 12.8267
    endloop
  endfacet
  facet normal 1 -0 0
    outer loop
      vertex 117.4 25.92 12.75
      vertex 117.4 34.84 0
      vertex 117.4 26.2137 12.7692
    endloop
  endfacet
  facet normal 1 0 0
    outer loop
      vertex 117.4 25.6263 12.7692
      vertex 117.4 34.84 0
      vertex 117.4 25.92 12.75
    endloop
  endfacet
  facet normal 1 0 0
    outer loop
      vertex 117.4 25.3377 12.8267
      vertex 117.4 34.84 0
      vertex 117.4 25.6263 12.7692
    endloop
  endfacet
  facet normal 1 0 0
    outer loop
      vertex 117.4 25.059 12.9213
      vertex 117.4 34.84 0
      vertex 117.4 25.3377 12.8267
    endloop
  endfacet
  facet normal 1 0 0
    outer loop
      vertex 117.4 12.781 12.9213
      vertex 117.4 25.059 12.9213
      vertex 117.4 24.795 13.0514
    endloop
  endfacet
  facet normal 1 0 0
    outer loop
      vertex 117.4 13.045 13.0514
      vertex 117.4 24.795 13.0514
      vertex 117.4 24.5503 13.215
    endloop
  endfacet
  facet normal 1 0 0
    outer loop
      vertex 117.4 13.2897 13.215
      vertex 117.4 24.5503 13.215
      vertex 117.4 24.329 13.409
    endloop
  endfacet
  facet normal 1 0 0
    outer loop
      vertex 117.4 13.511 13.409
      vertex 117.4 24.329 13.409
      vertex 117.4 24.135 13.6303
    endloop
  endfacet
  facet normal 1 -0 0
    outer loop
      vertex 117.4 14.17 15
      vertex 117.4 23.6892 14.7063
      vertex 117.4 23.67 15
    endloop
  endfacet
  facet normal 1 0 0
    outer loop
      vertex 117.4 14.1508 14.7063
      vertex 117.4 23.6892 14.7063
      vertex 117.4 14.17 15
    endloop
  endfacet
  facet normal 1 0 0
    outer loop
      vertex 117.4 23.6892 14.7063
      vertex 117.4 14.1508 14.7063
      vertex 117.4 23.7467 14.4177
    endloop
  endfacet
  facet normal 1 0 0
    outer loop
      vertex 117.4 14.0933 14.4177
      vertex 117.4 23.7467 14.4177
      vertex 117.4 14.1508 14.7063
    endloop
  endfacet
  facet normal 1 0 0
    outer loop
      vertex 117.4 23.7467 14.4177
      vertex 117.4 14.0933 14.4177
      vertex 117.4 23.8413 14.139
    endloop
  endfacet
  facet normal 1 0 0
    outer loop
      vertex 117.4 13.9987 14.139
      vertex 117.4 23.8413 14.139
      vertex 117.4 14.0933 14.4177
    endloop
  endfacet
  facet normal 1 0 0
    outer loop
      vertex 117.4 23.8413 14.139
      vertex 117.4 13.9987 14.139
      vertex 117.4 23.9714 13.875
    endloop
  endfacet
  facet normal 1 0 0
    outer loop
      vertex 117.4 13.8686 13.875
      vertex 117.4 23.9714 13.875
      vertex 117.4 13.9987 14.139
    endloop
  endfacet
  facet normal 1 0 0
    outer loop
      vertex 117.4 23.9714 13.875
      vertex 117.4 13.8686 13.875
      vertex 117.4 24.135 13.6303
    endloop
  endfacet
  facet normal 1 0 0
    outer loop
      vertex 117.4 13.705 13.6303
      vertex 117.4 24.135 13.6303
      vertex 117.4 13.8686 13.875
    endloop
  endfacet
  facet normal 1 0 0
    outer loop
      vertex 117.4 13.511 13.409
      vertex 117.4 24.135 13.6303
      vertex 117.4 13.705 13.6303
    endloop
  endfacet
  facet normal 1 0 0
    outer loop
      vertex 117.4 24.329 13.409
      vertex 117.4 13.511 13.409
      vertex 117.4 13.2897 13.215
    endloop
  endfacet
  facet normal 1 0 0
    outer loop
      vertex 117.4 24.5503 13.215
      vertex 117.4 13.2897 13.215
      vertex 117.4 13.045 13.0514
    endloop
  endfacet
  facet normal 1 0 0
    outer loop
      vertex 117.4 24.795 13.0514
      vertex 117.4 13.045 13.0514
      vertex 117.4 12.781 12.9213
    endloop
  endfacet
  facet normal 1 0 0
    outer loop
      vertex 117.4 25.059 12.9213
      vertex 117.4 12.781 12.9213
      vertex 117.4 34.84 0
    endloop
  endfacet
  facet normal 1 0 0
    outer loop
      vertex 117.4 3 0
      vertex 117.4 12.781 12.9213
      vertex 117.4 12.5023 12.8267
    endloop
  endfacet
  facet normal 1 0 0
    outer loop
      vertex 117.4 3 0
      vertex 117.4 12.5023 12.8267
      vertex 117.4 12.2137 12.7692
    endloop
  endfacet
  facet normal 1 0 0
    outer loop
      vertex 117.4 3 0
      vertex 117.4 12.2137 12.7692
      vertex 117.4 11.92 12.75
    endloop
  endfacet
  facet normal 1 0 0
    outer loop
      vertex 117.4 3 0
      vertex 117.4 11.92 12.75
      vertex 117.4 11.6263 12.7692
    endloop
  endfacet
  facet normal 1 0 0
    outer loop
      vertex 117.4 3 0
      vertex 117.4 11.6263 12.7692
      vertex 117.4 11.3377 12.8267
    endloop
  endfacet
  facet normal 1 0 0
    outer loop
      vertex 117.4 3 0
      vertex 117.4 11.3377 12.8267
      vertex 117.4 11.059 12.9213
    endloop
  endfacet
  facet normal 1 0 0
    outer loop
      vertex 117.4 3 0
      vertex 117.4 11.059 12.9213
      vertex 117.4 10.795 13.0514
    endloop
  endfacet
  facet normal 1 0 0
    outer loop
      vertex 117.4 3 19.2
      vertex 117.4 9.68925 14.7063
      vertex 117.4 9.67 15
    endloop
  endfacet
  facet normal 1 0 0
    outer loop
      vertex 117.4 3 19.2
      vertex 117.4 9.74667 14.4177
      vertex 117.4 9.68925 14.7063
    endloop
  endfacet
  facet normal 1 0 0
    outer loop
      vertex 117.4 3 19.2
      vertex 117.4 9.84127 14.139
      vertex 117.4 9.74667 14.4177
    endloop
  endfacet
  facet normal 1 0 0
    outer loop
      vertex 117.4 3 19.2
      vertex 117.4 9.97144 13.875
      vertex 117.4 9.84127 14.139
    endloop
  endfacet
  facet normal 1 0 0
    outer loop
      vertex 117.4 3 0
      vertex 117.4 9.97144 13.875
      vertex 117.4 3 19.2
    endloop
  endfacet
  facet normal 1 0 0
    outer loop
      vertex 117.4 9.97144 13.875
      vertex 117.4 3 0
      vertex 117.4 10.135 13.6303
    endloop
  endfacet
  facet normal 1 0 0
    outer loop
      vertex 117.4 10.135 13.6303
      vertex 117.4 3 0
      vertex 117.4 10.329 13.409
    endloop
  endfacet
  facet normal 1 0 0
    outer loop
      vertex 117.4 12.781 12.9213
      vertex 117.4 3 0
      vertex 117.4 34.84 0
    endloop
  endfacet
  facet normal 1 0 0
    outer loop
      vertex 117.4 10.5503 13.215
      vertex 117.4 3 0
      vertex 117.4 10.795 13.0514
    endloop
  endfacet
  facet normal 1 0 0
    outer loop
      vertex 117.4 10.329 13.409
      vertex 117.4 3 0
      vertex 117.4 10.5503 13.215
    endloop
  endfacet
  facet normal 0.195519 -0.9807 0
    outer loop
      vertex 114.792 0.0256653 0
      vertex 115.176 0.102222 19.2
      vertex 114.792 0.0256653 19.2
    endloop
  endfacet
  facet normal 0.195519 -0.9807 0
    outer loop
      vertex 115.176 0.102222 19.2
      vertex 114.792 0.0256653 0
      vertex 115.176 0.102222 0
    endloop
  endfacet
  facet normal 0.442237 -0.896898 0
    outer loop
      vertex 115.548 0.228361 0
      vertex 115.9 0.401923 19.2
      vertex 115.548 0.228361 19.2
    endloop
  endfacet
  facet normal 0.442237 -0.896898 0
    outer loop
      vertex 115.9 0.401923 19.2
      vertex 115.548 0.228361 0
      vertex 115.9 0.401923 0
    endloop
  endfacet
  facet normal 0.997803 -0.0662518 0
    outer loop
      vertex 117.374 2.60842 19.2
      vertex 117.4 3 0
      vertex 117.4 3 19.2
    endloop
  endfacet
  facet normal 0.997803 -0.0662518 0
    outer loop
      vertex 117.4 3 0
      vertex 117.374 2.60842 19.2
      vertex 117.374 2.60842 0
    endloop
  endfacet
  facet normal -0.659339 -0.751846 0
    outer loop
      vertex 0.878679 0.878679 0
      vertex 1.17372 0.61994 19.2
      vertex 0.878679 0.878679 19.2
    endloop
  endfacet
  facet normal -0.659339 -0.751846 -0
    outer loop
      vertex 1.17372 0.61994 19.2
      vertex 0.878679 0.878679 0
      vertex 1.17372 0.61994 0
    endloop
  endfacet
  facet normal 0.997803 0.0662484 0
    outer loop
      vertex 117.4 34.84 19.2
      vertex 117.374 35.2316 0
      vertex 117.374 35.2316 19.2
    endloop
  endfacet
  facet normal 0.997803 0.0662484 0
    outer loop
      vertex 117.374 35.2316 0
      vertex 117.4 34.84 19.2
      vertex 117.4 34.84 0
    endloop
  endfacet
  facet normal 0.981056 -0.193723 0
    outer loop
      vertex 117.298 2.22354 19.2
      vertex 117.374 2.60842 0
      vertex 117.374 2.60842 19.2
    endloop
  endfacet
  facet normal 0.981056 -0.193723 0
    outer loop
      vertex 117.374 2.60842 0
      vertex 117.298 2.22354 19.2
      vertex 117.298 2.22354 0
    endloop
  endfacet
  facet normal 0.751516 -0.659714 0
    outer loop
      vertex 116.521 0.878679 19.2
      vertex 116.78 1.17372 0
      vertex 116.78 1.17372 19.2
    endloop
  endfacet
  facet normal 0.751516 -0.659714 0
    outer loop
      vertex 116.78 1.17372 0
      vertex 116.521 0.878679 19.2
      vertex 116.521 0.878679 0
    endloop
  endfacet
  facet normal -1 0 0
    outer loop
      vertex 0 3 0
      vertex 0 34.84 19.2
      vertex 0 34.84 0
    endloop
  endfacet
  facet normal -1 -0 0
    outer loop
      vertex 0 34.84 19.2
      vertex 0 3 0
      vertex 0 3 19.2
    endloop
  endfacet
  facet normal 0.321264 0.94699 -0
    outer loop
      vertex 115.548 37.6116 0
      vertex 115.176 37.7378 19.2
      vertex 115.548 37.6116 19.2
    endloop
  endfacet
  facet normal 0.321264 0.94699 0
    outer loop
      vertex 115.176 37.7378 19.2
      vertex 115.548 37.6116 0
      vertex 115.176 37.7378 0
    endloop
  endfacet
  facet normal -0.751801 0.65939 0
    outer loop
      vertex 0.61994 36.6663 0
      vertex 0.878679 36.9613 19.2
      vertex 0.878679 36.9613 0
    endloop
  endfacet
  facet normal -0.751801 0.65939 0
    outer loop
      vertex 0.878679 36.9613 19.2
      vertex 0.61994 36.6663 0
      vertex 0.61994 36.6663 19.2
    endloop
  endfacet
  facet normal -0.195089 -0.980786 0
    outer loop
      vertex 2.22354 0.102222 0
      vertex 2.60842 0.0256653 19.2
      vertex 2.22354 0.102222 19.2
    endloop
  endfacet
  facet normal -0.195089 -0.980786 -0
    outer loop
      vertex 2.60842 0.0256653 19.2
      vertex 2.22354 0.102222 0
      vertex 2.60842 0.0256653 0
    endloop
  endfacet
  facet normal -0.0654026 -0.997859 0
    outer loop
      vertex 2.60842 0.0256653 0
      vertex 3 0 19.2
      vertex 2.60842 0.0256653 19.2
    endloop
  endfacet
  facet normal -0.0654026 -0.997859 -0
    outer loop
      vertex 3 0 19.2
      vertex 2.60842 0.0256653 0
      vertex 3 0 0
    endloop
  endfacet
  facet normal -0.555547 0.831485 0
    outer loop
      vertex 1.5 37.4381 0
      vertex 1.17372 37.2201 19.2
      vertex 1.5 37.4381 19.2
    endloop
  endfacet
  facet normal -0.555547 0.831485 0
    outer loop
      vertex 1.17372 37.2201 19.2
      vertex 1.5 37.4381 0
      vertex 1.17372 37.2201 0
    endloop
  endfacet
  facet normal 0 0 -1
    outer loop
      vertex 114.365 3.95 0
      vertex 117.4 3 0
      vertex 117.374 2.60842 0
    endloop
  endfacet
  facet normal 0 0 -1
    outer loop
      vertex 117.4 3 0
      vertex 114.7 5.2 0
      vertex 117.4 34.84 0
    endloop
  endfacet
  facet normal 0 0 -1
    outer loop
      vertex 114.183 3.6781 0
      vertex 117.374 2.60842 0
      vertex 117.298 2.22354 0
    endloop
  endfacet
  facet normal 0 0 -1
    outer loop
      vertex 114.7 32.64 0
      vertex 117.4 34.84 0
      vertex 114.7 5.2 0
    endloop
  endfacet
  facet normal 0 0 -1
    outer loop
      vertex 114.183 3.6781 0
      vertex 117.298 2.22354 0
      vertex 117.172 1.85195 0
    endloop
  endfacet
  facet normal 0 0 -1
    outer loop
      vertex 114.679 32.9663 0
      vertex 117.4 34.84 0
      vertex 114.7 32.64 0
    endloop
  endfacet
  facet normal 0 0 -1
    outer loop
      vertex 114.183 3.6781 0
      vertex 117.172 1.85195 0
      vertex 116.998 1.5 0
    endloop
  endfacet
  facet normal 0 0 -1
    outer loop
      vertex 114.615 33.287 0
      vertex 117.4 34.84 0
      vertex 114.679 32.9663 0
    endloop
  endfacet
  facet normal 0 0 -1
    outer loop
      vertex 113.968 3.43223 0
      vertex 116.998 1.5 0
      vertex 116.78 1.17372 0
    endloop
  endfacet
  facet normal 0 0 -1
    outer loop
      vertex 114.51 33.5967 0
      vertex 117.4 34.84 0
      vertex 114.615 33.287 0
    endloop
  endfacet
  facet normal 0 0 -1
    outer loop
      vertex 113.968 3.43223 0
      vertex 116.78 1.17372 0
      vertex 116.521 0.878679 0
    endloop
  endfacet
  facet normal 0 0 -1
    outer loop
      vertex 114.365 33.89 0
      vertex 117.4 34.84 0
      vertex 114.51 33.5967 0
    endloop
  endfacet
  facet normal 0 0 -1
    outer loop
      vertex 113.968 3.43223 0
      vertex 116.521 0.878679 0
      vertex 116.226 0.61994 0
    endloop
  endfacet
  facet normal -0 0 -1
    outer loop
      vertex 117.4 34.84 0
      vertex 114.365 33.89 0
      vertex 117.374 35.2316 0
    endloop
  endfacet
  facet normal 0 0 -1
    outer loop
      vertex 113.968 3.43223 0
      vertex 116.226 0.61994 0
      vertex 115.9 0.401923 0
    endloop
  endfacet
  facet normal 0 0 -1
    outer loop
      vertex 114.183 34.1619 0
      vertex 117.374 35.2316 0
      vertex 114.365 33.89 0
    endloop
  endfacet
  facet normal 0 0 -1
    outer loop
      vertex 113.722 3.21662 0
      vertex 115.9 0.401923 0
      vertex 115.548 0.228361 0
    endloop
  endfacet
  facet normal -0 0 -1
    outer loop
      vertex 117.374 35.2316 0
      vertex 114.183 34.1619 0
      vertex 117.298 35.6165 0
    endloop
  endfacet
  facet normal 0 0 -1
    outer loop
      vertex 113.722 3.21662 0
      vertex 115.548 0.228361 0
      vertex 115.176 0.102222 0
    endloop
  endfacet
  facet normal -0 0 -1
    outer loop
      vertex 117.298 35.6165 0
      vertex 114.183 34.1619 0
      vertex 117.172 35.988 0
    endloop
  endfacet
  facet normal 0 0 -1
    outer loop
      vertex 113.722 3.21662 0
      vertex 115.176 0.102222 0
      vertex 114.792 0.0256653 0
    endloop
  endfacet
  facet normal -0 0 -1
    outer loop
      vertex 117.172 35.988 0
      vertex 114.183 34.1619 0
      vertex 116.998 36.34 0
    endloop
  endfacet
  facet normal 0 0 -1
    outer loop
      vertex 113.968 34.4078 0
      vertex 116.998 36.34 0
      vertex 114.183 34.1619 0
    endloop
  endfacet
  facet normal 0 0 -1
    outer loop
      vertex 117.4 3 0
      vertex 114.679 4.87368 0
      vertex 114.7 5.2 0
    endloop
  endfacet
  facet normal 0 0 -1
    outer loop
      vertex 117.4 3 0
      vertex 114.615 4.55295 0
      vertex 114.679 4.87368 0
    endloop
  endfacet
  facet normal 0 0 -1
    outer loop
      vertex 117.4 3 0
      vertex 114.51 4.24329 0
      vertex 114.615 4.55295 0
    endloop
  endfacet
  facet normal 0 0 -1
    outer loop
      vertex 113.45 3.03494 0
      vertex 114.792 0.0256653 0
      vertex 114.4 0 0
    endloop
  endfacet
  facet normal 0 0 -1
    outer loop
      vertex 117.4 3 0
      vertex 114.365 3.95 0
      vertex 114.51 4.24329 0
    endloop
  endfacet
  facet normal 0 0 -1
    outer loop
      vertex 117.374 2.60842 0
      vertex 114.183 3.6781 0
      vertex 114.365 3.95 0
    endloop
  endfacet
  facet normal 0 0 -1
    outer loop
      vertex 116.998 1.5 0
      vertex 113.968 3.43223 0
      vertex 114.183 3.6781 0
    endloop
  endfacet
  facet normal 0 0 -1
    outer loop
      vertex 115.9 0.401923 0
      vertex 113.722 3.21662 0
      vertex 113.968 3.43223 0
    endloop
  endfacet
  facet normal 0 0 -1
    outer loop
      vertex 114.792 0.0256653 0
      vertex 113.45 3.03494 0
      vertex 113.722 3.21662 0
    endloop
  endfacet
  facet normal 0 0 -1
    outer loop
      vertex 114.4 0 0
      vertex 113.157 2.8903 0
      vertex 113.45 3.03494 0
    endloop
  endfacet
  facet normal 0 0 -1
    outer loop
      vertex 114.4 0 0
      vertex 112.847 2.78518 0
      vertex 113.157 2.8903 0
    endloop
  endfacet
  facet normal 0 0 -1
    outer loop
      vertex 114.4 0 0
      vertex 112.526 2.72139 0
      vertex 112.847 2.78518 0
    endloop
  endfacet
  facet normal 0 0 -1
    outer loop
      vertex 114.4 0 0
      vertex 112.2 2.7 0
      vertex 112.526 2.72139 0
    endloop
  endfacet
  facet normal 0 0 -1
    outer loop
      vertex 114.4 0 0
      vertex 5.2 2.7 0
      vertex 112.2 2.7 0
    endloop
  endfacet
  facet normal 0 0 -1
    outer loop
      vertex 3 0 0
      vertex 5.2 2.7 0
      vertex 114.4 0 0
    endloop
  endfacet
  facet normal 0 0 -1
    outer loop
      vertex 3 0 0
      vertex 4.87368 2.72139 0
      vertex 5.2 2.7 0
    endloop
  endfacet
  facet normal 0 0 -1
    outer loop
      vertex 3 0 0
      vertex 4.55295 2.78518 0
      vertex 4.87368 2.72139 0
    endloop
  endfacet
  facet normal 0 0 -1
    outer loop
      vertex 3 0 0
      vertex 4.24329 2.8903 0
      vertex 4.55295 2.78518 0
    endloop
  endfacet
  facet normal 0 0 -1
    outer loop
      vertex 3 0 0
      vertex 3.95 3.03494 0
      vertex 4.24329 2.8903 0
    endloop
  endfacet
  facet normal 0 0 -1
    outer loop
      vertex 2.60842 0.0256653 0
      vertex 3.95 3.03494 0
      vertex 3 0 0
    endloop
  endfacet
  facet normal -0 0 -1
    outer loop
      vertex 3.95 3.03494 0
      vertex 2.60842 0.0256653 0
      vertex 3.6781 3.21662 0
    endloop
  endfacet
  facet normal 0 0 -1
    outer loop
      vertex 2.22354 0.102222 0
      vertex 3.6781 3.21662 0
      vertex 2.60842 0.0256653 0
    endloop
  endfacet
  facet normal 0 0 -1
    outer loop
      vertex 1.85195 0.228361 0
      vertex 3.6781 3.21662 0
      vertex 2.22354 0.102222 0
    endloop
  endfacet
  facet normal 0 0 -1
    outer loop
      vertex 1.5 0.401923 0
      vertex 3.6781 3.21662 0
      vertex 1.85195 0.228361 0
    endloop
  endfacet
  facet normal -0 0 -1
    outer loop
      vertex 3.6781 3.21662 0
      vertex 1.5 0.401923 0
      vertex 3.43223 3.43223 0
    endloop
  endfacet
  facet normal 0 0 -1
    outer loop
      vertex 1.17372 0.61994 0
      vertex 3.43223 3.43223 0
      vertex 1.5 0.401923 0
    endloop
  endfacet
  facet normal 0 0 -1
    outer loop
      vertex 0.878679 0.878679 0
      vertex 3.43223 3.43223 0
      vertex 1.17372 0.61994 0
    endloop
  endfacet
  facet normal 0 0 -1
    outer loop
      vertex 0.401923 1.5 0
      vertex 3.43223 3.43223 0
      vertex 0.61994 1.17372 0
    endloop
  endfacet
  facet normal 0 0 -1
    outer loop
      vertex 0.61994 1.17372 0
      vertex 3.43223 3.43223 0
      vertex 0.878679 0.878679 0
    endloop
  endfacet
  facet normal -0 0 -1
    outer loop
      vertex 116.998 36.34 0
      vertex 113.968 34.4078 0
      vertex 116.78 36.6663 0
    endloop
  endfacet
  facet normal -0 0 -1
    outer loop
      vertex 116.78 36.6663 0
      vertex 113.968 34.4078 0
      vertex 116.521 36.9613 0
    endloop
  endfacet
  facet normal -0 0 -1
    outer loop
      vertex 116.521 36.9613 0
      vertex 113.968 34.4078 0
      vertex 116.226 37.2201 0
    endloop
  endfacet
  facet normal -0 0 -1
    outer loop
      vertex 116.226 37.2201 0
      vertex 113.968 34.4078 0
      vertex 115.9 37.4381 0
    endloop
  endfacet
  facet normal 0 0 -1
    outer loop
      vertex 113.722 34.6234 0
      vertex 115.9 37.4381 0
      vertex 113.968 34.4078 0
    endloop
  endfacet
  facet normal -0 0 -1
    outer loop
      vertex 115.9 37.4381 0
      vertex 113.722 34.6234 0
      vertex 115.548 37.6116 0
    endloop
  endfacet
  facet normal -0 0 -1
    outer loop
      vertex 115.548 37.6116 0
      vertex 113.722 34.6234 0
      vertex 115.176 37.7378 0
    endloop
  endfacet
  facet normal -0 0 -1
    outer loop
      vertex 115.176 37.7378 0
      vertex 113.722 34.6234 0
      vertex 114.792 37.8143 0
    endloop
  endfacet
  facet normal 0 0 -1
    outer loop
      vertex 113.45 34.8051 0
      vertex 114.792 37.8143 0
      vertex 113.722 34.6234 0
    endloop
  endfacet
  facet normal -0 0 -1
    outer loop
      vertex 114.792 37.8143 0
      vertex 113.45 34.8051 0
      vertex 114.4 37.84 0
    endloop
  endfacet
  facet normal 0 0 -1
    outer loop
      vertex 113.157 34.9497 0
      vertex 114.4 37.84 0
      vertex 113.45 34.8051 0
    endloop
  endfacet
  facet normal 0 0 -1
    outer loop
      vertex 112.847 35.0548 0
      vertex 114.4 37.84 0
      vertex 113.157 34.9497 0
    endloop
  endfacet
  facet normal 0 0 -1
    outer loop
      vertex 112.526 35.1186 0
      vertex 114.4 37.84 0
      vertex 112.847 35.0548 0
    endloop
  endfacet
  facet normal 0 0 -1
    outer loop
      vertex 112.2 35.14 0
      vertex 114.4 37.84 0
      vertex 112.526 35.1186 0
    endloop
  endfacet
  facet normal 0 0 -1
    outer loop
      vertex 5.2 35.14 0
      vertex 114.4 37.84 0
      vertex 112.2 35.14 0
    endloop
  endfacet
  facet normal 0 0 -1
    outer loop
      vertex 5.2 35.14 0
      vertex 3 37.84 0
      vertex 114.4 37.84 0
    endloop
  endfacet
  facet normal 0 0 -1
    outer loop
      vertex 4.87368 35.1186 0
      vertex 3 37.84 0
      vertex 5.2 35.14 0
    endloop
  endfacet
  facet normal 0 0 -1
    outer loop
      vertex 4.55295 35.0548 0
      vertex 3 37.84 0
      vertex 4.87368 35.1186 0
    endloop
  endfacet
  facet normal 0 0 -1
    outer loop
      vertex 4.24329 34.9497 0
      vertex 3 37.84 0
      vertex 4.55295 35.0548 0
    endloop
  endfacet
  facet normal 0 0 -1
    outer loop
      vertex 3.95 34.8051 0
      vertex 3 37.84 0
      vertex 4.24329 34.9497 0
    endloop
  endfacet
  facet normal 0 0 -1
    outer loop
      vertex 2.60842 37.8143 0
      vertex 3.95 34.8051 0
      vertex 3.6781 34.6234 0
    endloop
  endfacet
  facet normal 0 0 -1
    outer loop
      vertex 1.5 37.4381 0
      vertex 3.6781 34.6234 0
      vertex 3.43223 34.4078 0
    endloop
  endfacet
  facet normal 0 0 -1
    outer loop
      vertex 0.401923 36.34 0
      vertex 3.43223 34.4078 0
      vertex 3.21662 34.1619 0
    endloop
  endfacet
  facet normal 0 0 -1
    outer loop
      vertex 0.0256653 35.2316 0
      vertex 3.21662 34.1619 0
      vertex 3.03494 33.89 0
    endloop
  endfacet
  facet normal 0 0 -1
    outer loop
      vertex 0 34.84 0
      vertex 3.03494 33.89 0
      vertex 2.8903 33.5967 0
    endloop
  endfacet
  facet normal 0 0 -1
    outer loop
      vertex 0 34.84 0
      vertex 2.8903 33.5967 0
      vertex 2.78518 33.287 0
    endloop
  endfacet
  facet normal 0 0 -1
    outer loop
      vertex 0 34.84 0
      vertex 2.78518 33.287 0
      vertex 2.72139 32.9663 0
    endloop
  endfacet
  facet normal 0 0 -1
    outer loop
      vertex 0 34.84 0
      vertex 2.72139 32.9663 0
      vertex 2.7 32.64 0
    endloop
  endfacet
  facet normal 0 0 -1
    outer loop
      vertex 3.95 34.8051 0
      vertex 2.60842 37.8143 0
      vertex 3 37.84 0
    endloop
  endfacet
  facet normal -0 0 -1
    outer loop
      vertex 2.7 5.2 0
      vertex 0 3 0
      vertex 2.7 32.64 0
    endloop
  endfacet
  facet normal -0 0 -1
    outer loop
      vertex 3.43223 3.43223 0
      vertex 0.401923 1.5 0
      vertex 3.21662 3.6781 0
    endloop
  endfacet
  facet normal 0 0 -1
    outer loop
      vertex 0 34.84 0
      vertex 2.7 32.64 0
      vertex 0 3 0
    endloop
  endfacet
  facet normal 0 0 -1
    outer loop
      vertex 0.228361 1.85195 0
      vertex 3.21662 3.6781 0
      vertex 0.401923 1.5 0
    endloop
  endfacet
  facet normal 0 0 -1
    outer loop
      vertex 3.03494 33.89 0
      vertex 0 34.84 0
      vertex 0.0256653 35.2316 0
    endloop
  endfacet
  facet normal 0 0 -1
    outer loop
      vertex 0.102222 2.22354 0
      vertex 3.21662 3.6781 0
      vertex 0.228361 1.85195 0
    endloop
  endfacet
  facet normal 0 0 -1
    outer loop
      vertex 3.6781 34.6234 0
      vertex 2.22354 37.7378 0
      vertex 2.60842 37.8143 0
    endloop
  endfacet
  facet normal 0 0 -1
    outer loop
      vertex 0.0256653 2.60842 0
      vertex 3.21662 3.6781 0
      vertex 0.102222 2.22354 0
    endloop
  endfacet
  facet normal 0 0 -1
    outer loop
      vertex 3.6781 34.6234 0
      vertex 1.85195 37.6116 0
      vertex 2.22354 37.7378 0
    endloop
  endfacet
  facet normal -0 0 -1
    outer loop
      vertex 3.21662 3.6781 0
      vertex 0.0256653 2.60842 0
      vertex 3.03494 3.95 0
    endloop
  endfacet
  facet normal 0 0 -1
    outer loop
      vertex 3.6781 34.6234 0
      vertex 1.5 37.4381 0
      vertex 1.85195 37.6116 0
    endloop
  endfacet
  facet normal 0 0 -1
    outer loop
      vertex 0 3 0
      vertex 3.03494 3.95 0
      vertex 0.0256653 2.60842 0
    endloop
  endfacet
  facet normal 0 0 -1
    outer loop
      vertex 3.43223 34.4078 0
      vertex 1.17372 37.2201 0
      vertex 1.5 37.4381 0
    endloop
  endfacet
  facet normal -0 0 -1
    outer loop
      vertex 3.03494 3.95 0
      vertex 0 3 0
      vertex 2.8903 4.24329 0
    endloop
  endfacet
  facet normal 0 0 -1
    outer loop
      vertex 3.43223 34.4078 0
      vertex 0.878679 36.9613 0
      vertex 1.17372 37.2201 0
    endloop
  endfacet
  facet normal -0 0 -1
    outer loop
      vertex 2.8903 4.24329 0
      vertex 0 3 0
      vertex 2.78518 4.55295 0
    endloop
  endfacet
  facet normal 0 0 -1
    outer loop
      vertex 3.43223 34.4078 0
      vertex 0.61994 36.6663 0
      vertex 0.878679 36.9613 0
    endloop
  endfacet
  facet normal -0 0 -1
    outer loop
      vertex 2.78518 4.55295 0
      vertex 0 3 0
      vertex 2.72139 4.87368 0
    endloop
  endfacet
  facet normal 0 0 -1
    outer loop
      vertex 3.43223 34.4078 0
      vertex 0.401923 36.34 0
      vertex 0.61994 36.6663 0
    endloop
  endfacet
  facet normal -0 0 -1
    outer loop
      vertex 2.72139 4.87368 0
      vertex 0 3 0
      vertex 2.7 5.2 0
    endloop
  endfacet
  facet normal 0 0 -1
    outer loop
      vertex 3.21662 34.1619 0
      vertex 0.228361 35.988 0
      vertex 0.401923 36.34 0
    endloop
  endfacet
  facet normal 0 0 -1
    outer loop
      vertex 3.21662 34.1619 0
      vertex 0.102222 35.6165 0
      vertex 0.228361 35.988 0
    endloop
  endfacet
  facet normal 0 0 -1
    outer loop
      vertex 3.21662 34.1619 0
      vertex 0.0256653 35.2316 0
      vertex 0.102222 35.6165 0
    endloop
  endfacet
  facet normal 0.321124 -0.947037 0
    outer loop
      vertex 115.176 0.102222 0
      vertex 115.548 0.228361 19.2
      vertex 115.176 0.102222 19.2
    endloop
  endfacet
  facet normal 0.321124 -0.947037 0
    outer loop
      vertex 115.548 0.228361 19.2
      vertex 115.176 0.102222 0
      vertex 115.548 0.228361 0
    endloop
  endfacet
  facet normal 0.65939 -0.751801 0
    outer loop
      vertex 116.226 0.61994 0
      vertex 116.521 0.878679 19.2
      vertex 116.226 0.61994 19.2
    endloop
  endfacet
  facet normal 0.65939 -0.751801 0
    outer loop
      vertex 116.521 0.878679 19.2
      vertex 116.226 0.61994 0
      vertex 116.521 0.878679 0
    endloop
  endfacet
  facet normal -0.997859 0.0653993 0
    outer loop
      vertex 0 34.84 0
      vertex 0.0256653 35.2316 19.2
      vertex 0.0256653 35.2316 0
    endloop
  endfacet
  facet normal -0.997859 0.0653993 0
    outer loop
      vertex 0.0256653 35.2316 19.2
      vertex 0 34.84 0
      vertex 0 34.84 19.2
    endloop
  endfacet
  facet normal -0.659426 0.751769 0
    outer loop
      vertex 1.17372 37.2201 0
      vertex 0.878679 36.9613 19.2
      vertex 1.17372 37.2201 19.2
    endloop
  endfacet
  facet normal -0.659426 0.751769 0
    outer loop
      vertex 0.878679 36.9613 19.2
      vertex 1.17372 37.2201 0
      vertex 0.878679 36.9613 0
    endloop
  endfacet
  facet normal 0.0653328 -0.997864 0
    outer loop
      vertex 114.4 0 0
      vertex 114.792 0.0256653 19.2
      vertex 114.4 0 19.2
    endloop
  endfacet
  facet normal 0.0653328 -0.997864 0
    outer loop
      vertex 114.792 0.0256653 19.2
      vertex 114.4 0 0
      vertex 114.792 0.0256653 0
    endloop
  endfacet
  facet normal 0.195379 0.980728 -0
    outer loop
      vertex 115.176 37.7378 0
      vertex 114.792 37.8143 19.2
      vertex 115.176 37.7378 19.2
    endloop
  endfacet
  facet normal 0.195379 0.980728 0
    outer loop
      vertex 114.792 37.8143 19.2
      vertex 115.176 37.7378 0
      vertex 114.792 37.8143 0
    endloop
  endfacet
  facet normal 0.555877 0.831265 -0
    outer loop
      vertex 116.226 37.2201 0
      vertex 115.9 37.4381 19.2
      vertex 116.226 37.2201 19.2
    endloop
  endfacet
  facet normal 0.555877 0.831265 0
    outer loop
      vertex 115.9 37.4381 19.2
      vertex 116.226 37.2201 0
      vertex 115.9 37.4381 0
    endloop
  endfacet
  facet normal 0.947037 -0.321125 0
    outer loop
      vertex 117.172 1.85195 19.2
      vertex 117.298 2.22354 0
      vertex 117.298 2.22354 19.2
    endloop
  endfacet
  facet normal 0.947037 -0.321125 0
    outer loop
      vertex 117.298 2.22354 0
      vertex 117.172 1.85195 19.2
      vertex 117.172 1.85195 0
    endloop
  endfacet
  facet normal -0.321442 -0.946929 0
    outer loop
      vertex 1.85195 0.228361 0
      vertex 2.22354 0.102222 19.2
      vertex 1.85195 0.228361 19.2
    endloop
  endfacet
  facet normal -0.321442 -0.946929 -0
    outer loop
      vertex 2.22354 0.102222 19.2
      vertex 1.85195 0.228361 0
      vertex 2.22354 0.102222 0
    endloop
  endfacet
  facet normal -0.896898 0.442237 0
    outer loop
      vertex 0.228361 35.988 0
      vertex 0.401923 36.34 19.2
      vertex 0.401923 36.34 0
    endloop
  endfacet
  facet normal -0.896898 0.442237 0
    outer loop
      vertex 0.401923 36.34 19.2
      vertex 0.228361 35.988 0
      vertex 0.228361 35.988 19.2
    endloop
  endfacet
  facet normal -0.19495 0.980813 0
    outer loop
      vertex 2.60842 37.8143 0
      vertex 2.22354 37.7378 19.2
      vertex 2.60842 37.8143 19.2
    endloop
  endfacet
  facet normal -0.19495 0.980813 0
    outer loop
      vertex 2.22354 37.7378 19.2
      vertex 2.60842 37.8143 0
      vertex 2.22354 37.7378 0
    endloop
  endfacet
  facet normal -0.0654906 0.997853 0
    outer loop
      vertex 3 37.84 0
      vertex 2.60842 37.8143 19.2
      vertex 3 37.84 19.2
    endloop
  endfacet
  facet normal -0.0654906 0.997853 0
    outer loop
      vertex 2.60842 37.8143 19.2
      vertex 3 37.84 0
      vertex 2.60842 37.8143 0
    endloop
  endfacet
  facet normal 0.831485 -0.555547 0
    outer loop
      vertex 116.78 1.17372 19.2
      vertex 116.998 1.5 0
      vertex 116.998 1.5 19.2
    endloop
  endfacet
  facet normal 0.831485 -0.555547 0
    outer loop
      vertex 116.998 1.5 0
      vertex 116.78 1.17372 19.2
      vertex 116.78 1.17372 0
    endloop
  endfacet
  facet normal 0.896455 0.443134 0
    outer loop
      vertex 117.172 35.988 19.2
      vertex 116.998 36.34 0
      vertex 116.998 36.34 19.2
    endloop
  endfacet
  facet normal 0.896455 0.443134 0
    outer loop
      vertex 116.998 36.34 0
      vertex 117.172 35.988 19.2
      vertex 117.172 35.988 0
    endloop
  endfacet
  facet normal -0.555577 -0.831465 0
    outer loop
      vertex 1.17372 0.61994 0
      vertex 1.5 0.401923 19.2
      vertex 1.17372 0.61994 19.2
    endloop
  endfacet
  facet normal -0.555577 -0.831465 -0
    outer loop
      vertex 1.5 0.401923 19.2
      vertex 1.17372 0.61994 0
      vertex 1.5 0.401923 0
    endloop
  endfacet
  facet normal 0.0654208 0.997858 -0
    outer loop
      vertex 114.792 37.8143 0
      vertex 114.4 37.84 19.2
      vertex 114.792 37.8143 19.2
    endloop
  endfacet
  facet normal 0.0654208 0.997858 0
    outer loop
      vertex 114.4 37.84 19.2
      vertex 114.792 37.8143 0
      vertex 114.4 37.84 0
    endloop
  endfacet
  facet normal 0.751471 0.659766 0
    outer loop
      vertex 116.78 36.6663 19.2
      vertex 116.521 36.9613 0
      vertex 116.521 36.9613 19.2
    endloop
  endfacet
  facet normal 0.751471 0.659766 0
    outer loop
      vertex 116.521 36.9613 0
      vertex 116.78 36.6663 19.2
      vertex 116.78 36.6663 0
    endloop
  endfacet
  facet normal 0.44211 0.896961 -0
    outer loop
      vertex 115.9 37.4381 0
      vertex 115.548 37.6116 19.2
      vertex 115.9 37.4381 19.2
    endloop
  endfacet
  facet normal 0.44211 0.896961 0
    outer loop
      vertex 115.548 37.6116 19.2
      vertex 115.9 37.4381 0
      vertex 115.548 37.6116 0
    endloop
  endfacet
  facet normal -0.980788 0.195079 0
    outer loop
      vertex 0.0256653 35.2316 0
      vertex 0.102222 35.6165 19.2
      vertex 0.102222 35.6165 0
    endloop
  endfacet
  facet normal -0.980788 0.195079 0
    outer loop
      vertex 0.102222 35.6165 19.2
      vertex 0.0256653 35.2316 0
      vertex 0.0256653 35.2316 19.2
    endloop
  endfacet
  facet normal -0.44216 0.896936 0
    outer loop
      vertex 1.85195 37.6116 0
      vertex 1.5 37.4381 19.2
      vertex 1.85195 37.6116 19.2
    endloop
  endfacet
  facet normal -0.44216 0.896936 0
    outer loop
      vertex 1.5 37.4381 19.2
      vertex 1.85195 37.6116 0
      vertex 1.5 37.4381 0
    endloop
  endfacet
  facet normal -0.321582 0.946882 0
    outer loop
      vertex 2.22354 37.7378 0
      vertex 1.85195 37.6116 19.2
      vertex 2.22354 37.7378 19.2
    endloop
  endfacet
  facet normal -0.321582 0.946882 0
    outer loop
      vertex 1.85195 37.6116 19.2
      vertex 2.22354 37.7378 0
      vertex 1.85195 37.6116 0
    endloop
  endfacet
  facet normal -0.442288 -0.896873 0
    outer loop
      vertex 1.5 0.401923 0
      vertex 1.85195 0.228361 19.2
      vertex 1.5 0.401923 19.2
    endloop
  endfacet
  facet normal -0.442288 -0.896873 -0
    outer loop
      vertex 1.85195 0.228361 19.2
      vertex 1.5 0.401923 0
      vertex 1.85195 0.228361 0
    endloop
  endfacet
  facet normal 0.947013 0.321194 0
    outer loop
      vertex 117.298 35.6165 19.2
      vertex 117.172 35.988 0
      vertex 117.172 35.988 19.2
    endloop
  endfacet
  facet normal 0.947013 0.321194 0
    outer loop
      vertex 117.172 35.988 0
      vertex 117.298 35.6165 19.2
      vertex 117.298 35.6165 0
    endloop
  endfacet
  facet normal 0.981058 0.193714 0
    outer loop
      vertex 117.374 35.2316 19.2
      vertex 117.298 35.6165 0
      vertex 117.298 35.6165 19.2
    endloop
  endfacet
  facet normal 0.981058 0.193714 0
    outer loop
      vertex 117.298 35.6165 0
      vertex 117.374 35.2316 19.2
      vertex 117.374 35.2316 0
    endloop
  endfacet
  facet normal 0.89643 -0.443185 0
    outer loop
      vertex 116.998 1.5 19.2
      vertex 117.172 1.85195 0
      vertex 117.172 1.85195 19.2
    endloop
  endfacet
  facet normal 0.89643 -0.443185 0
    outer loop
      vertex 117.172 1.85195 0
      vertex 116.998 1.5 19.2
      vertex 116.998 1.5 0
    endloop
  endfacet
  facet normal -0.751846 -0.659339 0
    outer loop
      vertex 0.878679 0.878679 0
      vertex 0.61994 1.17372 19.2
      vertex 0.61994 1.17372 0
    endloop
  endfacet
  facet normal -0.751846 -0.659339 0
    outer loop
      vertex 0.61994 1.17372 19.2
      vertex 0.878679 0.878679 0
      vertex 0.878679 0.878679 19.2
    endloop
  endfacet
  facet normal -0.831465 -0.555577 0
    outer loop
      vertex 0.61994 1.17372 0
      vertex 0.401923 1.5 19.2
      vertex 0.401923 1.5 0
    endloop
  endfacet
  facet normal -0.831465 -0.555577 0
    outer loop
      vertex 0.401923 1.5 19.2
      vertex 0.61994 1.17372 0
      vertex 0.61994 1.17372 19.2
    endloop
  endfacet
  facet normal -0.997859 -0.0654026 0
    outer loop
      vertex 0.0256653 2.60842 0
      vertex 0 3 19.2
      vertex 0 3 0
    endloop
  endfacet
  facet normal -0.997859 -0.0654026 0
    outer loop
      vertex 0 3 19.2
      vertex 0.0256653 2.60842 0
      vertex 0.0256653 2.60842 19.2
    endloop
  endfacet
  facet normal 0.831501 0.555523 0
    outer loop
      vertex 116.998 36.34 19.2
      vertex 116.78 36.6663 0
      vertex 116.78 36.6663 19.2
    endloop
  endfacet
  facet normal 0.831501 0.555523 0
    outer loop
      vertex 116.78 36.6663 0
      vertex 116.998 36.34 19.2
      vertex 116.998 36.34 0
    endloop
  endfacet
  facet normal -0.896873 -0.442288 0
    outer loop
      vertex 0.401923 1.5 0
      vertex 0.228361 1.85195 19.2
      vertex 0.228361 1.85195 0
    endloop
  endfacet
  facet normal -0.896873 -0.442288 0
    outer loop
      vertex 0.228361 1.85195 19.2
      vertex 0.401923 1.5 0
      vertex 0.401923 1.5 19.2
    endloop
  endfacet
  facet normal 0.659478 0.751724 -0
    outer loop
      vertex 116.521 36.9613 0
      vertex 116.226 37.2201 19.2
      vertex 116.521 36.9613 19.2
    endloop
  endfacet
  facet normal 0.659478 0.751724 0
    outer loop
      vertex 116.226 37.2201 19.2
      vertex 116.521 36.9613 0
      vertex 116.226 37.2201 0
    endloop
  endfacet
  facet normal -0.980786 -0.195089 0
    outer loop
      vertex 0.102222 2.22354 0
      vertex 0.0256653 2.60842 19.2
      vertex 0.0256653 2.60842 0
    endloop
  endfacet
  facet normal -0.980786 -0.195089 0
    outer loop
      vertex 0.0256653 2.60842 19.2
      vertex 0.102222 2.22354 0
      vertex 0.102222 2.22354 19.2
    endloop
  endfacet
  facet normal -0.946929 -0.321442 0
    outer loop
      vertex 0.228361 1.85195 0
      vertex 0.102222 2.22354 19.2
      vertex 0.102222 2.22354 0
    endloop
  endfacet
  facet normal -0.946929 -0.321442 0
    outer loop
      vertex 0.102222 2.22354 19.2
      vertex 0.228361 1.85195 0
      vertex 0.228361 1.85195 19.2
    endloop
  endfacet
  facet normal -0 0 1
    outer loop
      vertex 7.45922 30.7313 19.2
      vertex 13.4172 20.9827 19.2
      vertex 7.6 30.8008 19.2
    endloop
  endfacet
  facet normal 0 0 1
    outer loop
      vertex 12.4 18.92 19.2
      vertex 8.18973 6.15663 19.2
      vertex 8.2 6 19.2
    endloop
  endfacet
  facet normal 0 0 1
    outer loop
      vertex 13.4172 20.9827 19.2
      vertex 7.45922 30.7313 19.2
      vertex 13.1615 20.7585 19.2
    endloop
  endfacet
  facet normal 0 0 1
    outer loop
      vertex 12.4 18.92 19.2
      vertex 8.15911 6.31058 19.2
      vertex 8.18973 6.15663 19.2
    endloop
  endfacet
  facet normal -0 0 1
    outer loop
      vertex 7.31058 30.6809 19.2
      vertex 13.1615 20.7585 19.2
      vertex 7.45922 30.7313 19.2
    endloop
  endfacet
  facet normal 0 0 1
    outer loop
      vertex 12.4 18.92 19.2
      vertex 8.10865 6.45922 19.2
      vertex 8.15911 6.31058 19.2
    endloop
  endfacet
  facet normal 0 0 1
    outer loop
      vertex 13.1615 20.7585 19.2
      vertex 7.31058 30.6809 19.2
      vertex 12.9373 20.5028 19.2
    endloop
  endfacet
  facet normal 0 0 1
    outer loop
      vertex 12.4 18.92 19.2
      vertex 8.03923 6.6 19.2
      vertex 8.10865 6.45922 19.2
    endloop
  endfacet
  facet normal -0 0 1
    outer loop
      vertex 7.15663 30.6503 19.2
      vertex 12.9373 20.5028 19.2
      vertex 7.31058 30.6809 19.2
    endloop
  endfacet
  facet normal 0 0 1
    outer loop
      vertex 12.4 18.92 19.2
      vertex 7.95202 6.73051 19.2
      vertex 8.03923 6.6 19.2
    endloop
  endfacet
  facet normal -0 0 1
    outer loop
      vertex 7 30.64 19.2
      vertex 12.9373 20.5028 19.2
      vertex 7.15663 30.6503 19.2
    endloop
  endfacet
  facet normal 0 0 1
    outer loop
      vertex 12.4 18.92 19.2
      vertex 7.84853 6.84853 19.2
      vertex 7.95202 6.73051 19.2
    endloop
  endfacet
  facet normal 0 0 1
    outer loop
      vertex 12.9373 20.5028 19.2
      vertex 7 30.64 19.2
      vertex 12.7483 20.22 19.2
    endloop
  endfacet
  facet normal 0 0 1
    outer loop
      vertex 12.4 18.92 19.2
      vertex 7.73051 6.95202 19.2
      vertex 7.84853 6.84853 19.2
    endloop
  endfacet
  facet normal 0 0 1
    outer loop
      vertex 6.84337 30.6503 19.2
      vertex 12.7483 20.22 19.2
      vertex 7 30.64 19.2
    endloop
  endfacet
  facet normal 0 0 1
    outer loop
      vertex 12.4 18.92 19.2
      vertex 7.6 7.03923 19.2
      vertex 7.73051 6.95202 19.2
    endloop
  endfacet
  facet normal 0 0 1
    outer loop
      vertex 12.7483 20.22 19.2
      vertex 6.84337 30.6503 19.2
      vertex 12.5979 19.915 19.2
    endloop
  endfacet
  facet normal 0 0 1
    outer loop
      vertex 12.4 18.92 19.2
      vertex 7.45922 7.10865 19.2
      vertex 7.6 7.03923 19.2
    endloop
  endfacet
  facet normal 0 0 1
    outer loop
      vertex 6.68942 30.6809 19.2
      vertex 12.5979 19.915 19.2
      vertex 6.84337 30.6503 19.2
    endloop
  endfacet
  facet normal 0 0 1
    outer loop
      vertex 12.4 18.92 19.2
      vertex 7.31058 7.15911 19.2
      vertex 7.45922 7.10865 19.2
    endloop
  endfacet
  facet normal 0 0 1
    outer loop
      vertex 12.5979 19.915 19.2
      vertex 6.68942 30.6809 19.2
      vertex 12.4886 19.5929 19.2
    endloop
  endfacet
  facet normal 0 0 1
    outer loop
      vertex 12.4 18.92 19.2
      vertex 7.15663 7.18973 19.2
      vertex 7.31058 7.15911 19.2
    endloop
  endfacet
  facet normal 0 0 1
    outer loop
      vertex 6.54078 30.7313 19.2
      vertex 12.4886 19.5929 19.2
      vertex 6.68942 30.6809 19.2
    endloop
  endfacet
  facet normal 0 0 1
    outer loop
      vertex 12.4 18.92 19.2
      vertex 7 7.2 19.2
      vertex 7.15663 7.18973 19.2
    endloop
  endfacet
  facet normal 0 0 1
    outer loop
      vertex 12.4886 19.5929 19.2
      vertex 6.54078 30.7313 19.2
      vertex 12.4222 19.2594 19.2
    endloop
  endfacet
  facet normal 0 0 1
    outer loop
      vertex 12.4 18.92 19.2
      vertex 6.84337 7.18973 19.2
      vertex 7 7.2 19.2
    endloop
  endfacet
  facet normal 0 0 1
    outer loop
      vertex 6.4 30.8008 19.2
      vertex 12.4222 19.2594 19.2
      vertex 6.54078 30.7313 19.2
    endloop
  endfacet
  facet normal 0 0 1
    outer loop
      vertex 12.4 18.92 19.2
      vertex 6.68942 7.15911 19.2
      vertex 6.84337 7.18973 19.2
    endloop
  endfacet
  facet normal 0 0 1
    outer loop
      vertex 12.4222 19.2594 19.2
      vertex 6.4 30.8008 19.2
      vertex 12.4 18.92 19.2
    endloop
  endfacet
  facet normal 0 0 1
    outer loop
      vertex 12.4 18.92 19.2
      vertex 6.54078 7.10865 19.2
      vertex 6.68942 7.15911 19.2
    endloop
  endfacet
  facet normal 0 0 1
    outer loop
      vertex 6.26949 30.888 19.2
      vertex 12.4 18.92 19.2
      vertex 6.4 30.8008 19.2
    endloop
  endfacet
  facet normal 0 0 1
    outer loop
      vertex 12.4 18.92 19.2
      vertex 6.4 7.03923 19.2
      vertex 6.54078 7.10865 19.2
    endloop
  endfacet
  facet normal 0 0 1
    outer loop
      vertex 6.26949 6.95202 19.2
      vertex 12.4 18.92 19.2
      vertex 6.26949 30.888 19.2
    endloop
  endfacet
  facet normal 0 0 1
    outer loop
      vertex 12.4 18.92 19.2
      vertex 6.26949 6.95202 19.2
      vertex 6.4 7.03923 19.2
    endloop
  endfacet
  facet normal 0 0 1
    outer loop
      vertex 6.15147 30.9915 19.2
      vertex 6.26949 6.95202 19.2
      vertex 6.26949 30.888 19.2
    endloop
  endfacet
  facet normal 0 0 1
    outer loop
      vertex 6.15147 30.9915 19.2
      vertex 6.15147 6.84853 19.2
      vertex 6.26949 6.95202 19.2
    endloop
  endfacet
  facet normal 0 0 1
    outer loop
      vertex 0 34.84 19.2
      vertex 6.15147 30.9915 19.2
      vertex 6.04798 31.1095 19.2
    endloop
  endfacet
  facet normal 0 0 1
    outer loop
      vertex 6.15147 30.9915 19.2
      vertex 0 34.84 19.2
      vertex 6.15147 6.84853 19.2
    endloop
  endfacet
  facet normal 0 0 1
    outer loop
      vertex 0 34.84 19.2
      vertex 6.04798 31.1095 19.2
      vertex 5.96077 31.24 19.2
    endloop
  endfacet
  facet normal 0 0 1
    outer loop
      vertex 0 3 19.2
      vertex 6.15147 6.84853 19.2
      vertex 0 34.84 19.2
    endloop
  endfacet
  facet normal 0 0 1
    outer loop
      vertex 0 34.84 19.2
      vertex 5.96077 31.24 19.2
      vertex 5.89135 31.3808 19.2
    endloop
  endfacet
  facet normal 0 0 1
    outer loop
      vertex 6.15147 6.84853 19.2
      vertex 0 3 19.2
      vertex 6.04798 6.73051 19.2
    endloop
  endfacet
  facet normal 0 0 1
    outer loop
      vertex 0 34.84 19.2
      vertex 5.89135 31.3808 19.2
      vertex 5.84089 31.5294 19.2
    endloop
  endfacet
  facet normal 0 0 1
    outer loop
      vertex 6.04798 6.73051 19.2
      vertex 0 3 19.2
      vertex 5.96077 6.6 19.2
    endloop
  endfacet
  facet normal 0 0 1
    outer loop
      vertex 0 34.84 19.2
      vertex 5.84089 31.5294 19.2
      vertex 5.81027 31.6834 19.2
    endloop
  endfacet
  facet normal 0 0 1
    outer loop
      vertex 5.96077 6.6 19.2
      vertex 0 3 19.2
      vertex 5.89135 6.45922 19.2
    endloop
  endfacet
  facet normal 0 0 1
    outer loop
      vertex 0 34.84 19.2
      vertex 5.81027 31.6834 19.2
      vertex 5.8 31.84 19.2
    endloop
  endfacet
  facet normal 0 0 1
    outer loop
      vertex 5.89135 6.45922 19.2
      vertex 0 3 19.2
      vertex 5.84089 6.31058 19.2
    endloop
  endfacet
  facet normal 0 0 1
    outer loop
      vertex 111.509 31.3808 19.2
      vertex 117.4 34.84 19.2
      vertex 111.559 31.5294 19.2
    endloop
  endfacet
  facet normal 0 0 1
    outer loop
      vertex 117.4 3 19.2
      vertex 111.59 6.15663 19.2
      vertex 111.6 6 19.2
    endloop
  endfacet
  facet normal 0 0 1
    outer loop
      vertex 111.439 31.24 19.2
      vertex 117.4 34.84 19.2
      vertex 111.509 31.3808 19.2
    endloop
  endfacet
  facet normal 0 0 1
    outer loop
      vertex 117.4 3 19.2
      vertex 111.559 6.31058 19.2
      vertex 111.59 6.15663 19.2
    endloop
  endfacet
  facet normal 0 0 1
    outer loop
      vertex 111.352 31.1095 19.2
      vertex 117.4 34.84 19.2
      vertex 111.439 31.24 19.2
    endloop
  endfacet
  facet normal 0 0 1
    outer loop
      vertex 117.4 3 19.2
      vertex 111.509 6.45922 19.2
      vertex 111.559 6.31058 19.2
    endloop
  endfacet
  facet normal 0 0 1
    outer loop
      vertex 111.249 30.9915 19.2
      vertex 117.4 34.84 19.2
      vertex 111.352 31.1095 19.2
    endloop
  endfacet
  facet normal 0 0 1
    outer loop
      vertex 117.4 3 19.2
      vertex 111.439 6.6 19.2
      vertex 111.509 6.45922 19.2
    endloop
  endfacet
  facet normal 0 0 1
    outer loop
      vertex 117.4 34.84 19.2
      vertex 111.249 30.9915 19.2
      vertex 117.4 3 19.2
    endloop
  endfacet
  facet normal 0 0 1
    outer loop
      vertex 117.4 3 19.2
      vertex 111.352 6.73051 19.2
      vertex 111.439 6.6 19.2
    endloop
  endfacet
  facet normal -0 0 1
    outer loop
      vertex 111.249 6.84853 19.2
      vertex 117.4 3 19.2
      vertex 111.249 30.9915 19.2
    endloop
  endfacet
  facet normal 0 0 1
    outer loop
      vertex 117.4 3 19.2
      vertex 111.249 6.84853 19.2
      vertex 111.352 6.73051 19.2
    endloop
  endfacet
  facet normal -0 0 1
    outer loop
      vertex 111.131 30.888 19.2
      vertex 111.249 6.84853 19.2
      vertex 111.249 30.9915 19.2
    endloop
  endfacet
  facet normal 0 0 1
    outer loop
      vertex 111.131 30.888 19.2
      vertex 111.131 6.95202 19.2
      vertex 111.249 6.84853 19.2
    endloop
  endfacet
  facet normal -0 0 1
    outer loop
      vertex 111 30.8008 19.2
      vertex 111.131 6.95202 19.2
      vertex 111.131 30.888 19.2
    endloop
  endfacet
  facet normal 0 0 1
    outer loop
      vertex 111 30.8008 19.2
      vertex 111 7.03923 19.2
      vertex 111.131 6.95202 19.2
    endloop
  endfacet
  facet normal -0 0 1
    outer loop
      vertex 110.859 30.7313 19.2
      vertex 111 7.03923 19.2
      vertex 111 30.8008 19.2
    endloop
  endfacet
  facet normal 0 0 1
    outer loop
      vertex 110.859 30.7313 19.2
      vertex 110.859 7.10865 19.2
      vertex 111 7.03923 19.2
    endloop
  endfacet
  facet normal -0 0 1
    outer loop
      vertex 110.711 30.6809 19.2
      vertex 110.859 7.10865 19.2
      vertex 110.859 30.7313 19.2
    endloop
  endfacet
  facet normal 0 0 1
    outer loop
      vertex 110.711 30.6809 19.2
      vertex 110.711 7.15911 19.2
      vertex 110.859 7.10865 19.2
    endloop
  endfacet
  facet normal -0 0 1
    outer loop
      vertex 110.557 30.6503 19.2
      vertex 110.711 7.15911 19.2
      vertex 110.711 30.6809 19.2
    endloop
  endfacet
  facet normal 0 0 1
    outer loop
      vertex 110.557 30.6503 19.2
      vertex 110.557 7.18973 19.2
      vertex 110.711 7.15911 19.2
    endloop
  endfacet
  facet normal -0 0 1
    outer loop
      vertex 110.4 30.64 19.2
      vertex 110.557 7.18973 19.2
      vertex 110.557 30.6503 19.2
    endloop
  endfacet
  facet normal 0 0 1
    outer loop
      vertex 110.4 30.64 19.2
      vertex 110.4 7.2 19.2
      vertex 110.557 7.18973 19.2
    endloop
  endfacet
  facet normal 0 0 1
    outer loop
      vertex 110.243 30.6503 19.2
      vertex 110.4 7.2 19.2
      vertex 110.4 30.64 19.2
    endloop
  endfacet
  facet normal 0 0 1
    outer loop
      vertex 110.243 30.6503 19.2
      vertex 110.243 7.18973 19.2
      vertex 110.4 7.2 19.2
    endloop
  endfacet
  facet normal 0 0 1
    outer loop
      vertex 110.089 30.6809 19.2
      vertex 110.243 7.18973 19.2
      vertex 110.243 30.6503 19.2
    endloop
  endfacet
  facet normal 0 0 1
    outer loop
      vertex 110.089 30.6809 19.2
      vertex 110.089 7.15911 19.2
      vertex 110.243 7.18973 19.2
    endloop
  endfacet
  facet normal 0 0 1
    outer loop
      vertex 109.941 30.7313 19.2
      vertex 110.089 7.15911 19.2
      vertex 110.089 30.6809 19.2
    endloop
  endfacet
  facet normal 0 0 1
    outer loop
      vertex 109.941 30.7313 19.2
      vertex 109.941 7.10865 19.2
      vertex 110.089 7.15911 19.2
    endloop
  endfacet
  facet normal 0 0 1
    outer loop
      vertex 109.8 30.8008 19.2
      vertex 109.941 7.10865 19.2
      vertex 109.941 30.7313 19.2
    endloop
  endfacet
  facet normal 0 0 1
    outer loop
      vertex 109.8 30.8008 19.2
      vertex 109.8 7.03923 19.2
      vertex 109.941 7.10865 19.2
    endloop
  endfacet
  facet normal 0 0 1
    outer loop
      vertex 109.669 30.888 19.2
      vertex 109.8 7.03923 19.2
      vertex 109.8 30.8008 19.2
    endloop
  endfacet
  facet normal 0 0 1
    outer loop
      vertex 109.669 30.888 19.2
      vertex 109.669 6.95202 19.2
      vertex 109.8 7.03923 19.2
    endloop
  endfacet
  facet normal 0 0 1
    outer loop
      vertex 109.551 30.9915 19.2
      vertex 109.669 6.95202 19.2
      vertex 109.669 30.888 19.2
    endloop
  endfacet
  facet normal 0 0 1
    outer loop
      vertex 109.551 30.9915 19.2
      vertex 109.551 6.84853 19.2
      vertex 109.669 6.95202 19.2
    endloop
  endfacet
  facet normal 0 0 1
    outer loop
      vertex 109.448 31.1095 19.2
      vertex 109.551 6.84853 19.2
      vertex 109.551 30.9915 19.2
    endloop
  endfacet
  facet normal 0 0 1
    outer loop
      vertex 109.448 31.1095 19.2
      vertex 109.448 6.73051 19.2
      vertex 109.551 6.84853 19.2
    endloop
  endfacet
  facet normal 0 0 1
    outer loop
      vertex 109.361 31.24 19.2
      vertex 109.448 6.73051 19.2
      vertex 109.448 31.1095 19.2
    endloop
  endfacet
  facet normal 0 0 1
    outer loop
      vertex 109.361 31.24 19.2
      vertex 109.361 6.6 19.2
      vertex 109.448 6.73051 19.2
    endloop
  endfacet
  facet normal 0 0 1
    outer loop
      vertex 109.291 31.3808 19.2
      vertex 109.361 6.6 19.2
      vertex 109.361 31.24 19.2
    endloop
  endfacet
  facet normal 0 0 1
    outer loop
      vertex 109.291 31.3808 19.2
      vertex 109.291 6.45922 19.2
      vertex 109.361 6.6 19.2
    endloop
  endfacet
  facet normal 0 0 1
    outer loop
      vertex 36 18.92 19.2
      vertex 109.291 31.3808 19.2
      vertex 109.241 31.5294 19.2
    endloop
  endfacet
  facet normal 0 0 1
    outer loop
      vertex 109.291 31.3808 19.2
      vertex 36 18.92 19.2
      vertex 109.291 6.45922 19.2
    endloop
  endfacet
  facet normal 0 0 1
    outer loop
      vertex 35.9487 19.7032 19.2
      vertex 109.241 31.5294 19.2
      vertex 109.21 31.6834 19.2
    endloop
  endfacet
  facet normal 0 0 1
    outer loop
      vertex 109.291 6.45922 19.2
      vertex 36 18.92 19.2
      vertex 109.241 6.31058 19.2
    endloop
  endfacet
  facet normal 0 0 1
    outer loop
      vertex 35.7956 20.4729 19.2
      vertex 109.21 31.6834 19.2
      vertex 109.2 31.84 19.2
    endloop
  endfacet
  facet normal -0 0 1
    outer loop
      vertex 35.9487 18.1368 19.2
      vertex 109.241 6.31058 19.2
      vertex 36 18.92 19.2
    endloop
  endfacet
  facet normal 0 0 1
    outer loop
      vertex 114.4 37.84 19.2
      vertex 117.4 34.84 19.2
      vertex 117.374 35.2316 19.2
    endloop
  endfacet
  facet normal 0 0 1
    outer loop
      vertex 111.59 31.6834 19.2
      vertex 117.4 34.84 19.2
      vertex 111.6 31.84 19.2
    endloop
  endfacet
  facet normal 0 0 1
    outer loop
      vertex 114.4 37.84 19.2
      vertex 117.374 35.2316 19.2
      vertex 117.298 35.6165 19.2
    endloop
  endfacet
  facet normal 0 0 1
    outer loop
      vertex 111.559 31.5294 19.2
      vertex 117.4 34.84 19.2
      vertex 111.59 31.6834 19.2
    endloop
  endfacet
  facet normal 0 0 1
    outer loop
      vertex 114.4 37.84 19.2
      vertex 117.298 35.6165 19.2
      vertex 117.172 35.988 19.2
    endloop
  endfacet
  facet normal -0 0 1
    outer loop
      vertex 111.59 5.84337 19.2
      vertex 117.4 3 19.2
      vertex 111.6 6 19.2
    endloop
  endfacet
  facet normal 0 0 1
    outer loop
      vertex 114.4 37.84 19.2
      vertex 117.172 35.988 19.2
      vertex 116.998 36.34 19.2
    endloop
  endfacet
  facet normal -0 0 1
    outer loop
      vertex 111.559 5.68942 19.2
      vertex 117.4 3 19.2
      vertex 111.59 5.84337 19.2
    endloop
  endfacet
  facet normal 0 0 1
    outer loop
      vertex 114.4 37.84 19.2
      vertex 116.998 36.34 19.2
      vertex 116.78 36.6663 19.2
    endloop
  endfacet
  facet normal -0 0 1
    outer loop
      vertex 111.509 5.54078 19.2
      vertex 117.4 3 19.2
      vertex 111.559 5.68942 19.2
    endloop
  endfacet
  facet normal 0 0 1
    outer loop
      vertex 114.4 37.84 19.2
      vertex 116.78 36.6663 19.2
      vertex 116.521 36.9613 19.2
    endloop
  endfacet
  facet normal -0 0 1
    outer loop
      vertex 111.439 5.4 19.2
      vertex 117.4 3 19.2
      vertex 111.509 5.54078 19.2
    endloop
  endfacet
  facet normal 0 0 1
    outer loop
      vertex 114.4 37.84 19.2
      vertex 116.521 36.9613 19.2
      vertex 116.226 37.2201 19.2
    endloop
  endfacet
  facet normal -0 0 1
    outer loop
      vertex 111.352 5.26949 19.2
      vertex 117.4 3 19.2
      vertex 111.439 5.4 19.2
    endloop
  endfacet
  facet normal 0 0 1
    outer loop
      vertex 114.4 37.84 19.2
      vertex 116.226 37.2201 19.2
      vertex 115.9 37.4381 19.2
    endloop
  endfacet
  facet normal 0 -0 1
    outer loop
      vertex 114.4 0 19.2
      vertex 117.4 3 19.2
      vertex 111.352 5.26949 19.2
    endloop
  endfacet
  facet normal 0 0 1
    outer loop
      vertex 114.4 37.84 19.2
      vertex 115.9 37.4381 19.2
      vertex 115.548 37.6116 19.2
    endloop
  endfacet
  facet normal 0 0 1
    outer loop
      vertex 117.4 3 19.2
      vertex 114.4 0 19.2
      vertex 117.374 2.60842 19.2
    endloop
  endfacet
  facet normal 0 0 1
    outer loop
      vertex 114.4 37.84 19.2
      vertex 115.548 37.6116 19.2
      vertex 115.176 37.7378 19.2
    endloop
  endfacet
  facet normal 0 0 1
    outer loop
      vertex 117.374 2.60842 19.2
      vertex 114.4 0 19.2
      vertex 117.298 2.22354 19.2
    endloop
  endfacet
  facet normal 0 0 1
    outer loop
      vertex 114.4 37.84 19.2
      vertex 115.176 37.7378 19.2
      vertex 114.792 37.8143 19.2
    endloop
  endfacet
  facet normal 0 0 1
    outer loop
      vertex 117.298 2.22354 19.2
      vertex 114.4 0 19.2
      vertex 117.172 1.85195 19.2
    endloop
  endfacet
  facet normal 0 0 1
    outer loop
      vertex 117.4 34.84 19.2
      vertex 114.4 37.84 19.2
      vertex 111.352 32.5705 19.2
    endloop
  endfacet
  facet normal 0 0 1
    outer loop
      vertex 117.172 1.85195 19.2
      vertex 114.4 0 19.2
      vertex 116.998 1.5 19.2
    endloop
  endfacet
  facet normal 0 0 1
    outer loop
      vertex 116.78 1.17372 19.2
      vertex 114.4 0 19.2
      vertex 116.521 0.878679 19.2
    endloop
  endfacet
  facet normal 0 0 1
    outer loop
      vertex 117.4 34.84 19.2
      vertex 111.59 31.9966 19.2
      vertex 111.6 31.84 19.2
    endloop
  endfacet
  facet normal 0 0 1
    outer loop
      vertex 117.4 34.84 19.2
      vertex 111.559 32.1506 19.2
      vertex 111.59 31.9966 19.2
    endloop
  endfacet
  facet normal 0 0 1
    outer loop
      vertex 117.4 34.84 19.2
      vertex 111.509 32.2992 19.2
      vertex 111.559 32.1506 19.2
    endloop
  endfacet
  facet normal 0 0 1
    outer loop
      vertex 117.4 34.84 19.2
      vertex 111.439 32.44 19.2
      vertex 111.509 32.2992 19.2
    endloop
  endfacet
  facet normal 0 0 1
    outer loop
      vertex 117.4 34.84 19.2
      vertex 111.352 32.5705 19.2
      vertex 111.439 32.44 19.2
    endloop
  endfacet
  facet normal 0 0 1
    outer loop
      vertex 114.4 37.84 19.2
      vertex 111.249 32.6885 19.2
      vertex 111.352 32.5705 19.2
    endloop
  endfacet
  facet normal 0 0 1
    outer loop
      vertex 114.4 37.84 19.2
      vertex 111.131 32.792 19.2
      vertex 111.249 32.6885 19.2
    endloop
  endfacet
  facet normal 0 0 1
    outer loop
      vertex 114.4 37.84 19.2
      vertex 111 32.8792 19.2
      vertex 111.131 32.792 19.2
    endloop
  endfacet
  facet normal 0 0 1
    outer loop
      vertex 114.4 37.84 19.2
      vertex 110.859 32.9487 19.2
      vertex 111 32.8792 19.2
    endloop
  endfacet
  facet normal 0 0 1
    outer loop
      vertex 114.4 37.84 19.2
      vertex 110.711 32.9991 19.2
      vertex 110.859 32.9487 19.2
    endloop
  endfacet
  facet normal 0 0 1
    outer loop
      vertex 114.4 37.84 19.2
      vertex 110.557 33.0297 19.2
      vertex 110.711 32.9991 19.2
    endloop
  endfacet
  facet normal 0 0 1
    outer loop
      vertex 114.4 37.84 19.2
      vertex 110.4 33.04 19.2
      vertex 110.557 33.0297 19.2
    endloop
  endfacet
  facet normal 0 0 1
    outer loop
      vertex 114.4 37.84 19.2
      vertex 110.243 33.0297 19.2
      vertex 110.4 33.04 19.2
    endloop
  endfacet
  facet normal 0 0 1
    outer loop
      vertex 114.4 37.84 19.2
      vertex 110.089 32.9991 19.2
      vertex 110.243 33.0297 19.2
    endloop
  endfacet
  facet normal 0 0 1
    outer loop
      vertex 114.4 37.84 19.2
      vertex 109.941 32.9487 19.2
      vertex 110.089 32.9991 19.2
    endloop
  endfacet
  facet normal 0 0 1
    outer loop
      vertex 114.4 37.84 19.2
      vertex 109.8 32.8792 19.2
      vertex 109.941 32.9487 19.2
    endloop
  endfacet
  facet normal 0 0 1
    outer loop
      vertex 114.4 37.84 19.2
      vertex 109.669 32.792 19.2
      vertex 109.8 32.8792 19.2
    endloop
  endfacet
  facet normal 0 0 1
    outer loop
      vertex 114.4 37.84 19.2
      vertex 109.551 32.6885 19.2
      vertex 109.669 32.792 19.2
    endloop
  endfacet
  facet normal 0 0 1
    outer loop
      vertex 109.241 6.31058 19.2
      vertex 35.9487 18.1368 19.2
      vertex 109.21 6.15663 19.2
    endloop
  endfacet
  facet normal 0 0 1
    outer loop
      vertex 35.5433 21.2161 19.2
      vertex 109.2 31.84 19.2
      vertex 109.21 31.9966 19.2
    endloop
  endfacet
  facet normal 0 0 1
    outer loop
      vertex 35.1962 21.92 19.2
      vertex 109.21 31.9966 19.2
      vertex 109.241 32.1506 19.2
    endloop
  endfacet
  facet normal 0 0 1
    outer loop
      vertex 35.1962 21.92 19.2
      vertex 109.241 32.1506 19.2
      vertex 109.291 32.2992 19.2
    endloop
  endfacet
  facet normal 0 0 1
    outer loop
      vertex 34.7601 22.5726 19.2
      vertex 109.291 32.2992 19.2
      vertex 109.361 32.44 19.2
    endloop
  endfacet
  facet normal 0 0 1
    outer loop
      vertex 34.2426 23.1626 19.2
      vertex 109.361 32.44 19.2
      vertex 109.448 32.5705 19.2
    endloop
  endfacet
  facet normal 0 0 1
    outer loop
      vertex 33.6526 23.6801 19.2
      vertex 109.448 32.5705 19.2
      vertex 109.551 32.6885 19.2
    endloop
  endfacet
  facet normal 0 0 1
    outer loop
      vertex 33 24.1162 19.2
      vertex 109.551 32.6885 19.2
      vertex 114.4 37.84 19.2
    endloop
  endfacet
  facet normal 0 0 1
    outer loop
      vertex 109.241 31.5294 19.2
      vertex 35.9487 19.7032 19.2
      vertex 36 18.92 19.2
    endloop
  endfacet
  facet normal 0 0 1
    outer loop
      vertex 109.21 31.6834 19.2
      vertex 35.7956 20.4729 19.2
      vertex 35.9487 19.7032 19.2
    endloop
  endfacet
  facet normal 0 0 1
    outer loop
      vertex 109.2 31.84 19.2
      vertex 35.5433 21.2161 19.2
      vertex 35.7956 20.4729 19.2
    endloop
  endfacet
  facet normal 0 0 1
    outer loop
      vertex 109.21 31.9966 19.2
      vertex 35.1962 21.92 19.2
      vertex 35.5433 21.2161 19.2
    endloop
  endfacet
  facet normal 0 0 1
    outer loop
      vertex 109.291 32.2992 19.2
      vertex 34.7601 22.5726 19.2
      vertex 35.1962 21.92 19.2
    endloop
  endfacet
  facet normal 0 0 1
    outer loop
      vertex 109.361 32.44 19.2
      vertex 34.2426 23.1626 19.2
      vertex 34.7601 22.5726 19.2
    endloop
  endfacet
  facet normal 0 0 1
    outer loop
      vertex 109.448 32.5705 19.2
      vertex 33.6526 23.6801 19.2
      vertex 34.2426 23.1626 19.2
    endloop
  endfacet
  facet normal 0 0 1
    outer loop
      vertex 109.551 32.6885 19.2
      vertex 33 24.1162 19.2
      vertex 33.6526 23.6801 19.2
    endloop
  endfacet
  facet normal 0 0 1
    outer loop
      vertex 114.4 37.84 19.2
      vertex 32.2961 24.4633 19.2
      vertex 33 24.1162 19.2
    endloop
  endfacet
  facet normal 0 0 1
    outer loop
      vertex 114.4 37.84 19.2
      vertex 31.5529 24.7156 19.2
      vertex 32.2961 24.4633 19.2
    endloop
  endfacet
  facet normal -0 0 1
    outer loop
      vertex 3 37.84 19.2
      vertex 31.5529 24.7156 19.2
      vertex 114.4 37.84 19.2
    endloop
  endfacet
  facet normal 0 0 1
    outer loop
      vertex 31.5529 24.7156 19.2
      vertex 3 37.84 19.2
      vertex 30.7832 24.8687 19.2
    endloop
  endfacet
  facet normal 0 0 1
    outer loop
      vertex 30.7832 24.8687 19.2
      vertex 3 37.84 19.2
      vertex 30 24.92 19.2
    endloop
  endfacet
  facet normal -0 0 1
    outer loop
      vertex 17.5778 19.2594 19.2
      vertex 24 18.92 19.2
      vertex 24.0513 19.7032 19.2
    endloop
  endfacet
  facet normal 0 0 1
    outer loop
      vertex 17.5114 19.5929 19.2
      vertex 24.0513 19.7032 19.2
      vertex 24.2044 20.4729 19.2
    endloop
  endfacet
  facet normal 0 0 1
    outer loop
      vertex 17.2517 20.22 19.2
      vertex 24.2044 20.4729 19.2
      vertex 24.4567 21.2161 19.2
    endloop
  endfacet
  facet normal 0 0 1
    outer loop
      vertex 17.0627 20.5028 19.2
      vertex 24.4567 21.2161 19.2
      vertex 24.8038 21.92 19.2
    endloop
  endfacet
  facet normal 0 0 1
    outer loop
      vertex 16.5828 20.9827 19.2
      vertex 24.8038 21.92 19.2
      vertex 25.2399 22.5726 19.2
    endloop
  endfacet
  facet normal 0 0 1
    outer loop
      vertex 16.3 21.1717 19.2
      vertex 25.2399 22.5726 19.2
      vertex 25.7574 23.1626 19.2
    endloop
  endfacet
  facet normal 0 0 1
    outer loop
      vertex 15.995 21.3221 19.2
      vertex 25.7574 23.1626 19.2
      vertex 26.3474 23.6801 19.2
    endloop
  endfacet
  facet normal 0 0 1
    outer loop
      vertex 8.18973 31.9966 19.2
      vertex 26.3474 23.6801 19.2
      vertex 27 24.1162 19.2
    endloop
  endfacet
  facet normal 0 0 1
    outer loop
      vertex 24 18.92 19.2
      vertex 17.5778 19.2594 19.2
      vertex 17.6 18.92 19.2
    endloop
  endfacet
  facet normal 0 0 1
    outer loop
      vertex 24.0513 19.7032 19.2
      vertex 17.5114 19.5929 19.2
      vertex 17.5778 19.2594 19.2
    endloop
  endfacet
  facet normal 0 0 1
    outer loop
      vertex 8.15911 32.1506 19.2
      vertex 27 24.1162 19.2
      vertex 27.7039 24.4633 19.2
    endloop
  endfacet
  facet normal 0 0 1
    outer loop
      vertex 24.2044 20.4729 19.2
      vertex 17.4021 19.915 19.2
      vertex 17.5114 19.5929 19.2
    endloop
  endfacet
  facet normal 0 0 1
    outer loop
      vertex 24.2044 20.4729 19.2
      vertex 17.2517 20.22 19.2
      vertex 17.4021 19.915 19.2
    endloop
  endfacet
  facet normal 0 0 1
    outer loop
      vertex 24.4567 21.2161 19.2
      vertex 17.0627 20.5028 19.2
      vertex 17.2517 20.22 19.2
    endloop
  endfacet
  facet normal 0 0 1
    outer loop
      vertex 24.8038 21.92 19.2
      vertex 16.8385 20.7585 19.2
      vertex 17.0627 20.5028 19.2
    endloop
  endfacet
  facet normal 0 0 1
    outer loop
      vertex 24.8038 21.92 19.2
      vertex 16.5828 20.9827 19.2
      vertex 16.8385 20.7585 19.2
    endloop
  endfacet
  facet normal 0 0 1
    outer loop
      vertex 8.03923 32.44 19.2
      vertex 27.7039 24.4633 19.2
      vertex 28.4471 24.7156 19.2
    endloop
  endfacet
  facet normal 0 0 1
    outer loop
      vertex 25.2399 22.5726 19.2
      vertex 16.3 21.1717 19.2
      vertex 16.5828 20.9827 19.2
    endloop
  endfacet
  facet normal 0 0 1
    outer loop
      vertex 25.7574 23.1626 19.2
      vertex 15.995 21.3221 19.2
      vertex 16.3 21.1717 19.2
    endloop
  endfacet
  facet normal 0 0 1
    outer loop
      vertex 26.3474 23.6801 19.2
      vertex 8.2 31.84 19.2
      vertex 15.6729 21.4314 19.2
    endloop
  endfacet
  facet normal 0 0 1
    outer loop
      vertex 26.3474 23.6801 19.2
      vertex 15.6729 21.4314 19.2
      vertex 15.995 21.3221 19.2
    endloop
  endfacet
  facet normal -0 0 1
    outer loop
      vertex 8.18973 31.6834 19.2
      vertex 15.6729 21.4314 19.2
      vertex 8.2 31.84 19.2
    endloop
  endfacet
  facet normal 0 0 1
    outer loop
      vertex 15.6729 21.4314 19.2
      vertex 8.18973 31.6834 19.2
      vertex 15.3394 21.4978 19.2
    endloop
  endfacet
  facet normal -0 0 1
    outer loop
      vertex 8.15911 31.5294 19.2
      vertex 15.3394 21.4978 19.2
      vertex 8.18973 31.6834 19.2
    endloop
  endfacet
  facet normal -0 0 1
    outer loop
      vertex 7.6 30.8008 19.2
      vertex 13.7 21.1717 19.2
      vertex 7.73051 30.888 19.2
    endloop
  endfacet
  facet normal 0 0 1
    outer loop
      vertex 14.005 21.3221 19.2
      vertex 7.73051 30.888 19.2
      vertex 13.7 21.1717 19.2
    endloop
  endfacet
  facet normal -0 0 1
    outer loop
      vertex 7.73051 30.888 19.2
      vertex 14.005 21.3221 19.2
      vertex 7.84853 30.9915 19.2
    endloop
  endfacet
  facet normal 0 0 1
    outer loop
      vertex 14.3271 21.4314 19.2
      vertex 7.84853 30.9915 19.2
      vertex 14.005 21.3221 19.2
    endloop
  endfacet
  facet normal -0 0 1
    outer loop
      vertex 7.84853 30.9915 19.2
      vertex 14.3271 21.4314 19.2
      vertex 7.95202 31.1095 19.2
    endloop
  endfacet
  facet normal -0 0 1
    outer loop
      vertex 7.95202 31.1095 19.2
      vertex 14.3271 21.4314 19.2
      vertex 8.03923 31.24 19.2
    endloop
  endfacet
  facet normal 0 0 1
    outer loop
      vertex 14.6606 21.4978 19.2
      vertex 8.03923 31.24 19.2
      vertex 14.3271 21.4314 19.2
    endloop
  endfacet
  facet normal -0 0 1
    outer loop
      vertex 8.03923 31.24 19.2
      vertex 14.6606 21.4978 19.2
      vertex 8.10865 31.3808 19.2
    endloop
  endfacet
  facet normal 0 0 1
    outer loop
      vertex 15 21.52 19.2
      vertex 8.10865 31.3808 19.2
      vertex 14.6606 21.4978 19.2
    endloop
  endfacet
  facet normal -0 0 1
    outer loop
      vertex 8.10865 31.3808 19.2
      vertex 15 21.52 19.2
      vertex 8.15911 31.5294 19.2
    endloop
  endfacet
  facet normal 0 0 1
    outer loop
      vertex 15.3394 21.4978 19.2
      vertex 8.15911 31.5294 19.2
      vertex 15 21.52 19.2
    endloop
  endfacet
  facet normal 0 0 1
    outer loop
      vertex 7.95202 32.5705 19.2
      vertex 28.4471 24.7156 19.2
      vertex 29.2168 24.8687 19.2
    endloop
  endfacet
  facet normal -0 -0 1
    outer loop
      vertex 7.73051 32.792 19.2
      vertex 30 24.92 19.2
      vertex 3 37.84 19.2
    endloop
  endfacet
  facet normal 0 0 1
    outer loop
      vertex 26.3474 23.6801 19.2
      vertex 8.18973 31.9966 19.2
      vertex 8.2 31.84 19.2
    endloop
  endfacet
  facet normal 0 0 1
    outer loop
      vertex 27 24.1162 19.2
      vertex 8.15911 32.1506 19.2
      vertex 8.18973 31.9966 19.2
    endloop
  endfacet
  facet normal 0 0 1
    outer loop
      vertex 27.7039 24.4633 19.2
      vertex 8.10865 32.2992 19.2
      vertex 8.15911 32.1506 19.2
    endloop
  endfacet
  facet normal 0 0 1
    outer loop
      vertex 27.7039 24.4633 19.2
      vertex 8.03923 32.44 19.2
      vertex 8.10865 32.2992 19.2
    endloop
  endfacet
  facet normal 0 0 1
    outer loop
      vertex 28.4471 24.7156 19.2
      vertex 7.95202 32.5705 19.2
      vertex 8.03923 32.44 19.2
    endloop
  endfacet
  facet normal 0 0 1
    outer loop
      vertex 29.2168 24.8687 19.2
      vertex 7.84853 32.6885 19.2
      vertex 7.95202 32.5705 19.2
    endloop
  endfacet
  facet normal -0 -0 1
    outer loop
      vertex 7.84853 32.6885 19.2
      vertex 30 24.92 19.2
      vertex 7.73051 32.792 19.2
    endloop
  endfacet
  facet normal 0 0 1
    outer loop
      vertex 30 24.92 19.2
      vertex 7.84853 32.6885 19.2
      vertex 29.2168 24.8687 19.2
    endloop
  endfacet
  facet normal 0 0 1
    outer loop
      vertex 7.73051 32.792 19.2
      vertex 3 37.84 19.2
      vertex 7.6 32.8792 19.2
    endloop
  endfacet
  facet normal 0 0 1
    outer loop
      vertex 7.6 32.8792 19.2
      vertex 3 37.84 19.2
      vertex 7.45922 32.9487 19.2
    endloop
  endfacet
  facet normal 0 0 1
    outer loop
      vertex 7.45922 32.9487 19.2
      vertex 3 37.84 19.2
      vertex 7.31058 32.9991 19.2
    endloop
  endfacet
  facet normal 0 0 1
    outer loop
      vertex 7.31058 32.9991 19.2
      vertex 3 37.84 19.2
      vertex 7.15663 33.0297 19.2
    endloop
  endfacet
  facet normal 0 0 1
    outer loop
      vertex 5.81027 31.9966 19.2
      vertex 0 34.84 19.2
      vertex 5.8 31.84 19.2
    endloop
  endfacet
  facet normal 0 0 1
    outer loop
      vertex 5.84089 32.1506 19.2
      vertex 0 34.84 19.2
      vertex 5.81027 31.9966 19.2
    endloop
  endfacet
  facet normal 0 0 1
    outer loop
      vertex 5.89135 32.2992 19.2
      vertex 0 34.84 19.2
      vertex 5.84089 32.1506 19.2
    endloop
  endfacet
  facet normal 0 0 1
    outer loop
      vertex 5.96077 32.44 19.2
      vertex 0 34.84 19.2
      vertex 5.89135 32.2992 19.2
    endloop
  endfacet
  facet normal 0 0 1
    outer loop
      vertex 6.04798 32.5705 19.2
      vertex 0 34.84 19.2
      vertex 5.96077 32.44 19.2
    endloop
  endfacet
  facet normal -0 0 1
    outer loop
      vertex 0 34.84 19.2
      vertex 6.04798 32.5705 19.2
      vertex 3 37.84 19.2
    endloop
  endfacet
  facet normal 0 0 1
    outer loop
      vertex 6.15147 32.6885 19.2
      vertex 3 37.84 19.2
      vertex 6.04798 32.5705 19.2
    endloop
  endfacet
  facet normal 0 0 1
    outer loop
      vertex 6.26949 32.792 19.2
      vertex 3 37.84 19.2
      vertex 6.15147 32.6885 19.2
    endloop
  endfacet
  facet normal 0 0 1
    outer loop
      vertex 6.4 32.8792 19.2
      vertex 3 37.84 19.2
      vertex 6.26949 32.792 19.2
    endloop
  endfacet
  facet normal 0 0 1
    outer loop
      vertex 6.54078 32.9487 19.2
      vertex 3 37.84 19.2
      vertex 6.4 32.8792 19.2
    endloop
  endfacet
  facet normal 0 0 1
    outer loop
      vertex 6.68942 32.9991 19.2
      vertex 3 37.84 19.2
      vertex 6.54078 32.9487 19.2
    endloop
  endfacet
  facet normal 0 0 1
    outer loop
      vertex 6.84337 33.0297 19.2
      vertex 3 37.84 19.2
      vertex 6.68942 32.9991 19.2
    endloop
  endfacet
  facet normal 0 0 1
    outer loop
      vertex 7 33.04 19.2
      vertex 3 37.84 19.2
      vertex 6.84337 33.0297 19.2
    endloop
  endfacet
  facet normal 0 0 1
    outer loop
      vertex 7.15663 33.0297 19.2
      vertex 3 37.84 19.2
      vertex 7 33.04 19.2
    endloop
  endfacet
  facet normal 0 0 1
    outer loop
      vertex 116.521 0.878679 19.2
      vertex 114.4 0 19.2
      vertex 116.226 0.61994 19.2
    endloop
  endfacet
  facet normal 0 0 1
    outer loop
      vertex 116.226 0.61994 19.2
      vertex 114.4 0 19.2
      vertex 115.9 0.401923 19.2
    endloop
  endfacet
  facet normal 0 0 1
    outer loop
      vertex 115.9 0.401923 19.2
      vertex 114.4 0 19.2
      vertex 115.548 0.228361 19.2
    endloop
  endfacet
  facet normal 0 0 1
    outer loop
      vertex 115.548 0.228361 19.2
      vertex 114.4 0 19.2
      vertex 115.176 0.102222 19.2
    endloop
  endfacet
  facet normal 0 0 1
    outer loop
      vertex 115.176 0.102222 19.2
      vertex 114.4 0 19.2
      vertex 114.792 0.0256653 19.2
    endloop
  endfacet
  facet normal 0 0 1
    outer loop
      vertex 116.998 1.5 19.2
      vertex 114.4 0 19.2
      vertex 116.78 1.17372 19.2
    endloop
  endfacet
  facet normal -0 0 1
    outer loop
      vertex 111.249 5.15147 19.2
      vertex 114.4 0 19.2
      vertex 111.352 5.26949 19.2
    endloop
  endfacet
  facet normal -0 0 1
    outer loop
      vertex 111.131 5.04798 19.2
      vertex 114.4 0 19.2
      vertex 111.249 5.15147 19.2
    endloop
  endfacet
  facet normal -0 0 1
    outer loop
      vertex 111 4.96077 19.2
      vertex 114.4 0 19.2
      vertex 111.131 5.04798 19.2
    endloop
  endfacet
  facet normal -0 0 1
    outer loop
      vertex 110.859 4.89135 19.2
      vertex 114.4 0 19.2
      vertex 111 4.96077 19.2
    endloop
  endfacet
  facet normal -0 0 1
    outer loop
      vertex 110.711 4.84089 19.2
      vertex 114.4 0 19.2
      vertex 110.859 4.89135 19.2
    endloop
  endfacet
  facet normal -0 0 1
    outer loop
      vertex 110.557 4.81027 19.2
      vertex 114.4 0 19.2
      vertex 110.711 4.84089 19.2
    endloop
  endfacet
  facet normal -0 0 1
    outer loop
      vertex 110.4 4.8 19.2
      vertex 114.4 0 19.2
      vertex 110.557 4.81027 19.2
    endloop
  endfacet
  facet normal 0 0 1
    outer loop
      vertex 110.243 4.81027 19.2
      vertex 114.4 0 19.2
      vertex 110.4 4.8 19.2
    endloop
  endfacet
  facet normal 0 0 1
    outer loop
      vertex 110.089 4.84089 19.2
      vertex 114.4 0 19.2
      vertex 110.243 4.81027 19.2
    endloop
  endfacet
  facet normal 0 0 1
    outer loop
      vertex 109.941 4.89135 19.2
      vertex 114.4 0 19.2
      vertex 110.089 4.84089 19.2
    endloop
  endfacet
  facet normal 0 0 1
    outer loop
      vertex 109.8 4.96077 19.2
      vertex 114.4 0 19.2
      vertex 109.941 4.89135 19.2
    endloop
  endfacet
  facet normal 0 0 1
    outer loop
      vertex 109.669 5.04798 19.2
      vertex 114.4 0 19.2
      vertex 109.8 4.96077 19.2
    endloop
  endfacet
  facet normal 0 0 1
    outer loop
      vertex 109.551 5.15147 19.2
      vertex 114.4 0 19.2
      vertex 109.669 5.04798 19.2
    endloop
  endfacet
  facet normal -0 0 1
    outer loop
      vertex 35.7956 17.3671 19.2
      vertex 109.21 6.15663 19.2
      vertex 35.9487 18.1368 19.2
    endloop
  endfacet
  facet normal 0 0 1
    outer loop
      vertex 109.21 6.15663 19.2
      vertex 35.7956 17.3671 19.2
      vertex 109.2 6 19.2
    endloop
  endfacet
  facet normal -0 0 1
    outer loop
      vertex 35.5433 16.6239 19.2
      vertex 109.2 6 19.2
      vertex 35.7956 17.3671 19.2
    endloop
  endfacet
  facet normal 0 0 1
    outer loop
      vertex 109.2 6 19.2
      vertex 35.5433 16.6239 19.2
      vertex 109.21 5.84337 19.2
    endloop
  endfacet
  facet normal -0 0 1
    outer loop
      vertex 35.1962 15.92 19.2
      vertex 109.21 5.84337 19.2
      vertex 35.5433 16.6239 19.2
    endloop
  endfacet
  facet normal 0 0 1
    outer loop
      vertex 109.21 5.84337 19.2
      vertex 35.1962 15.92 19.2
      vertex 109.241 5.68942 19.2
    endloop
  endfacet
  facet normal 0 0 1
    outer loop
      vertex 109.241 5.68942 19.2
      vertex 35.1962 15.92 19.2
      vertex 109.291 5.54078 19.2
    endloop
  endfacet
  facet normal -0 0 1
    outer loop
      vertex 34.7601 15.2674 19.2
      vertex 109.291 5.54078 19.2
      vertex 35.1962 15.92 19.2
    endloop
  endfacet
  facet normal 0 0 1
    outer loop
      vertex 109.291 5.54078 19.2
      vertex 34.7601 15.2674 19.2
      vertex 109.361 5.4 19.2
    endloop
  endfacet
  facet normal -0 0 1
    outer loop
      vertex 34.2426 14.6774 19.2
      vertex 109.361 5.4 19.2
      vertex 34.7601 15.2674 19.2
    endloop
  endfacet
  facet normal 0 0 1
    outer loop
      vertex 109.361 5.4 19.2
      vertex 34.2426 14.6774 19.2
      vertex 109.448 5.26949 19.2
    endloop
  endfacet
  facet normal -0 0 1
    outer loop
      vertex 33.6526 14.1599 19.2
      vertex 109.448 5.26949 19.2
      vertex 34.2426 14.6774 19.2
    endloop
  endfacet
  facet normal 0 0 1
    outer loop
      vertex 109.448 5.26949 19.2
      vertex 33.6526 14.1599 19.2
      vertex 109.551 5.15147 19.2
    endloop
  endfacet
  facet normal -0 0 1
    outer loop
      vertex 33 13.7238 19.2
      vertex 109.551 5.15147 19.2
      vertex 33.6526 14.1599 19.2
    endloop
  endfacet
  facet normal 0 0 1
    outer loop
      vertex 109.551 5.15147 19.2
      vertex 33 13.7238 19.2
      vertex 114.4 0 19.2
    endloop
  endfacet
  facet normal -0 0 1
    outer loop
      vertex 32.2961 13.3767 19.2
      vertex 114.4 0 19.2
      vertex 33 13.7238 19.2
    endloop
  endfacet
  facet normal -0 0 1
    outer loop
      vertex 31.5529 13.1244 19.2
      vertex 114.4 0 19.2
      vertex 32.2961 13.3767 19.2
    endloop
  endfacet
  facet normal 0 0 1
    outer loop
      vertex 3 0 19.2
      vertex 31.5529 13.1244 19.2
      vertex 30.7832 12.9713 19.2
    endloop
  endfacet
  facet normal 0 0 1
    outer loop
      vertex 3 0 19.2
      vertex 30.7832 12.9713 19.2
      vertex 30 12.92 19.2
    endloop
  endfacet
  facet normal 0 0 1
    outer loop
      vertex 7.84853 5.15147 19.2
      vertex 30 12.92 19.2
      vertex 29.2168 12.9713 19.2
    endloop
  endfacet
  facet normal 0 0 1
    outer loop
      vertex 17.5778 18.5806 19.2
      vertex 24 18.92 19.2
      vertex 17.6 18.92 19.2
    endloop
  endfacet
  facet normal 0 0 1
    outer loop
      vertex 24 18.92 19.2
      vertex 17.5778 18.5806 19.2
      vertex 24.0513 18.1368 19.2
    endloop
  endfacet
  facet normal -0 0 1
    outer loop
      vertex 17.5114 18.2471 19.2
      vertex 24.0513 18.1368 19.2
      vertex 17.5778 18.5806 19.2
    endloop
  endfacet
  facet normal 0 0 1
    outer loop
      vertex 24.0513 18.1368 19.2
      vertex 17.5114 18.2471 19.2
      vertex 24.2044 17.3671 19.2
    endloop
  endfacet
  facet normal -0 0 1
    outer loop
      vertex 17.4021 17.925 19.2
      vertex 24.2044 17.3671 19.2
      vertex 17.5114 18.2471 19.2
    endloop
  endfacet
  facet normal -0 0 1
    outer loop
      vertex 17.2517 17.62 19.2
      vertex 24.2044 17.3671 19.2
      vertex 17.4021 17.925 19.2
    endloop
  endfacet
  facet normal 0 0 1
    outer loop
      vertex 24.2044 17.3671 19.2
      vertex 17.2517 17.62 19.2
      vertex 24.4567 16.6239 19.2
    endloop
  endfacet
  facet normal -0 0 1
    outer loop
      vertex 17.0627 17.3372 19.2
      vertex 24.4567 16.6239 19.2
      vertex 17.2517 17.62 19.2
    endloop
  endfacet
  facet normal 0 0 1
    outer loop
      vertex 24.4567 16.6239 19.2
      vertex 17.0627 17.3372 19.2
      vertex 24.8038 15.92 19.2
    endloop
  endfacet
  facet normal -0 0 1
    outer loop
      vertex 16.8385 17.0815 19.2
      vertex 24.8038 15.92 19.2
      vertex 17.0627 17.3372 19.2
    endloop
  endfacet
  facet normal -0 0 1
    outer loop
      vertex 16.5828 16.8573 19.2
      vertex 24.8038 15.92 19.2
      vertex 16.8385 17.0815 19.2
    endloop
  endfacet
  facet normal 0 0 1
    outer loop
      vertex 24.8038 15.92 19.2
      vertex 16.5828 16.8573 19.2
      vertex 25.2399 15.2674 19.2
    endloop
  endfacet
  facet normal -0 0 1
    outer loop
      vertex 16.3 16.6683 19.2
      vertex 25.2399 15.2674 19.2
      vertex 16.5828 16.8573 19.2
    endloop
  endfacet
  facet normal 0 0 1
    outer loop
      vertex 25.2399 15.2674 19.2
      vertex 16.3 16.6683 19.2
      vertex 25.7574 14.6774 19.2
    endloop
  endfacet
  facet normal -0 0 1
    outer loop
      vertex 15.995 16.5179 19.2
      vertex 25.7574 14.6774 19.2
      vertex 16.3 16.6683 19.2
    endloop
  endfacet
  facet normal 0 0 1
    outer loop
      vertex 25.7574 14.6774 19.2
      vertex 15.995 16.5179 19.2
      vertex 26.3474 14.1599 19.2
    endloop
  endfacet
  facet normal -0 0 1
    outer loop
      vertex 15.6729 16.4086 19.2
      vertex 26.3474 14.1599 19.2
      vertex 15.995 16.5179 19.2
    endloop
  endfacet
  facet normal 0 0 1
    outer loop
      vertex 8.2 6 19.2
      vertex 26.3474 14.1599 19.2
      vertex 15.6729 16.4086 19.2
    endloop
  endfacet
  facet normal 0 0 1
    outer loop
      vertex 26.3474 14.1599 19.2
      vertex 8.18973 5.84337 19.2
      vertex 27 13.7238 19.2
    endloop
  endfacet
  facet normal 0 0 1
    outer loop
      vertex 8.18973 5.84337 19.2
      vertex 26.3474 14.1599 19.2
      vertex 8.2 6 19.2
    endloop
  endfacet
  facet normal 0 0 1
    outer loop
      vertex 8.2 6 19.2
      vertex 15.6729 16.4086 19.2
      vertex 15.3394 16.3422 19.2
    endloop
  endfacet
  facet normal 0 0 1
    outer loop
      vertex 8.2 6 19.2
      vertex 15.3394 16.3422 19.2
      vertex 15 16.32 19.2
    endloop
  endfacet
  facet normal 0 0 1
    outer loop
      vertex 8.2 6 19.2
      vertex 15 16.32 19.2
      vertex 14.6606 16.3422 19.2
    endloop
  endfacet
  facet normal 0 0 1
    outer loop
      vertex 8.2 6 19.2
      vertex 14.6606 16.3422 19.2
      vertex 14.3271 16.4086 19.2
    endloop
  endfacet
  facet normal 0 0 1
    outer loop
      vertex 13.7 21.1717 19.2
      vertex 7.6 30.8008 19.2
      vertex 13.4172 20.9827 19.2
    endloop
  endfacet
  facet normal 0 0 1
    outer loop
      vertex 12.4 18.92 19.2
      vertex 8.2 6 19.2
      vertex 12.4222 18.5806 19.2
    endloop
  endfacet
  facet normal 0 0 1
    outer loop
      vertex 12.4222 18.5806 19.2
      vertex 8.2 6 19.2
      vertex 12.4886 18.2471 19.2
    endloop
  endfacet
  facet normal 0 0 1
    outer loop
      vertex 8.2 6 19.2
      vertex 12.5979 17.925 19.2
      vertex 12.4886 18.2471 19.2
    endloop
  endfacet
  facet normal 0 0 1
    outer loop
      vertex 8.2 6 19.2
      vertex 12.7483 17.62 19.2
      vertex 12.5979 17.925 19.2
    endloop
  endfacet
  facet normal 0 0 1
    outer loop
      vertex 8.2 6 19.2
      vertex 12.9373 17.3372 19.2
      vertex 12.7483 17.62 19.2
    endloop
  endfacet
  facet normal 0 0 1
    outer loop
      vertex 8.2 6 19.2
      vertex 13.1615 17.0815 19.2
      vertex 12.9373 17.3372 19.2
    endloop
  endfacet
  facet normal 0 0 1
    outer loop
      vertex 8.2 6 19.2
      vertex 13.4172 16.8573 19.2
      vertex 13.1615 17.0815 19.2
    endloop
  endfacet
  facet normal 0 0 1
    outer loop
      vertex 8.2 6 19.2
      vertex 13.7 16.6683 19.2
      vertex 13.4172 16.8573 19.2
    endloop
  endfacet
  facet normal 0 0 1
    outer loop
      vertex 8.2 6 19.2
      vertex 14.005 16.5179 19.2
      vertex 13.7 16.6683 19.2
    endloop
  endfacet
  facet normal 0 0 1
    outer loop
      vertex 8.2 6 19.2
      vertex 14.3271 16.4086 19.2
      vertex 14.005 16.5179 19.2
    endloop
  endfacet
  facet normal 0 0 1
    outer loop
      vertex 8.15911 5.68942 19.2
      vertex 27 13.7238 19.2
      vertex 8.18973 5.84337 19.2
    endloop
  endfacet
  facet normal 0 0 1
    outer loop
      vertex 27 13.7238 19.2
      vertex 8.15911 5.68942 19.2
      vertex 27.7039 13.3767 19.2
    endloop
  endfacet
  facet normal 0 0 1
    outer loop
      vertex 8.10865 5.54078 19.2
      vertex 27.7039 13.3767 19.2
      vertex 8.15911 5.68942 19.2
    endloop
  endfacet
  facet normal 0 0 1
    outer loop
      vertex 8.03923 5.4 19.2
      vertex 27.7039 13.3767 19.2
      vertex 8.10865 5.54078 19.2
    endloop
  endfacet
  facet normal 0 0 1
    outer loop
      vertex 27.7039 13.3767 19.2
      vertex 8.03923 5.4 19.2
      vertex 28.4471 13.1244 19.2
    endloop
  endfacet
  facet normal 0 0 1
    outer loop
      vertex 7.95202 5.26949 19.2
      vertex 28.4471 13.1244 19.2
      vertex 8.03923 5.4 19.2
    endloop
  endfacet
  facet normal 0 0 1
    outer loop
      vertex 28.4471 13.1244 19.2
      vertex 7.95202 5.26949 19.2
      vertex 29.2168 12.9713 19.2
    endloop
  endfacet
  facet normal 0 0 1
    outer loop
      vertex 7.84853 5.15147 19.2
      vertex 29.2168 12.9713 19.2
      vertex 7.95202 5.26949 19.2
    endloop
  endfacet
  facet normal 0 0 1
    outer loop
      vertex 30 12.92 19.2
      vertex 7.84853 5.15147 19.2
      vertex 7.73051 5.04798 19.2
    endloop
  endfacet
  facet normal 0 0 1
    outer loop
      vertex 30 12.92 19.2
      vertex 7.73051 5.04798 19.2
      vertex 3 0 19.2
    endloop
  endfacet
  facet normal 0 0 1
    outer loop
      vertex 3 0 19.2
      vertex 7.73051 5.04798 19.2
      vertex 7.6 4.96077 19.2
    endloop
  endfacet
  facet normal 0 0 1
    outer loop
      vertex 3 0 19.2
      vertex 7.6 4.96077 19.2
      vertex 7.45922 4.89135 19.2
    endloop
  endfacet
  facet normal 0 0 1
    outer loop
      vertex 3 0 19.2
      vertex 7.45922 4.89135 19.2
      vertex 7.31058 4.84089 19.2
    endloop
  endfacet
  facet normal 0 0 1
    outer loop
      vertex 3 0 19.2
      vertex 7.31058 4.84089 19.2
      vertex 7.15663 4.81027 19.2
    endloop
  endfacet
  facet normal 0 0 1
    outer loop
      vertex 3 0 19.2
      vertex 7.15663 4.81027 19.2
      vertex 7 4.8 19.2
    endloop
  endfacet
  facet normal 0 0 1
    outer loop
      vertex 5.84089 6.31058 19.2
      vertex 0 3 19.2
      vertex 5.81027 6.15663 19.2
    endloop
  endfacet
  facet normal 0 0 1
    outer loop
      vertex 31.5529 13.1244 19.2
      vertex 3 0 19.2
      vertex 114.4 0 19.2
    endloop
  endfacet
  facet normal 0 0 1
    outer loop
      vertex 6.84337 4.81027 19.2
      vertex 3 0 19.2
      vertex 7 4.8 19.2
    endloop
  endfacet
  facet normal 0 0 1
    outer loop
      vertex 6.68942 4.84089 19.2
      vertex 3 0 19.2
      vertex 6.84337 4.81027 19.2
    endloop
  endfacet
  facet normal 0 0 1
    outer loop
      vertex 6.54078 4.89135 19.2
      vertex 3 0 19.2
      vertex 6.68942 4.84089 19.2
    endloop
  endfacet
  facet normal 0 0 1
    outer loop
      vertex 6.4 4.96077 19.2
      vertex 3 0 19.2
      vertex 6.54078 4.89135 19.2
    endloop
  endfacet
  facet normal 0 0 1
    outer loop
      vertex 6.26949 5.04798 19.2
      vertex 3 0 19.2
      vertex 6.4 4.96077 19.2
    endloop
  endfacet
  facet normal 0 0 1
    outer loop
      vertex 6.15147 5.15147 19.2
      vertex 3 0 19.2
      vertex 6.26949 5.04798 19.2
    endloop
  endfacet
  facet normal 0 0 1
    outer loop
      vertex 6.04798 5.26949 19.2
      vertex 3 0 19.2
      vertex 6.15147 5.15147 19.2
    endloop
  endfacet
  facet normal 0 0 1
    outer loop
      vertex 0 3 19.2
      vertex 6.04798 5.26949 19.2
      vertex 5.96077 5.4 19.2
    endloop
  endfacet
  facet normal 0 0 1
    outer loop
      vertex 0 3 19.2
      vertex 5.96077 5.4 19.2
      vertex 5.89135 5.54078 19.2
    endloop
  endfacet
  facet normal 0 0 1
    outer loop
      vertex 0 3 19.2
      vertex 5.89135 5.54078 19.2
      vertex 5.84089 5.68942 19.2
    endloop
  endfacet
  facet normal 0 0 1
    outer loop
      vertex 0 3 19.2
      vertex 5.84089 5.68942 19.2
      vertex 5.81027 5.84337 19.2
    endloop
  endfacet
  facet normal 0 0 1
    outer loop
      vertex 5.81027 6.15663 19.2
      vertex 0 3 19.2
      vertex 5.8 6 19.2
    endloop
  endfacet
  facet normal 0 0 1
    outer loop
      vertex 0 34.84 19.2
      vertex 3 37.84 19.2
      vertex 2.60842 37.8143 19.2
    endloop
  endfacet
  facet normal 0 0 1
    outer loop
      vertex 5.8 6 19.2
      vertex 0 3 19.2
      vertex 5.81027 5.84337 19.2
    endloop
  endfacet
  facet normal 0 0 1
    outer loop
      vertex 0 34.84 19.2
      vertex 2.60842 37.8143 19.2
      vertex 2.22354 37.7378 19.2
    endloop
  endfacet
  facet normal 0 0 1
    outer loop
      vertex 6.04798 5.26949 19.2
      vertex 0 3 19.2
      vertex 3 0 19.2
    endloop
  endfacet
  facet normal 0 0 1
    outer loop
      vertex 0 34.84 19.2
      vertex 2.22354 37.7378 19.2
      vertex 1.85195 37.6116 19.2
    endloop
  endfacet
  facet normal 0 0 1
    outer loop
      vertex 3 0 19.2
      vertex 0 3 19.2
      vertex 2.60842 0.0256653 19.2
    endloop
  endfacet
  facet normal 0 0 1
    outer loop
      vertex 0 34.84 19.2
      vertex 1.85195 37.6116 19.2
      vertex 1.5 37.4381 19.2
    endloop
  endfacet
  facet normal 0 0 1
    outer loop
      vertex 2.60842 0.0256653 19.2
      vertex 0 3 19.2
      vertex 2.22354 0.102222 19.2
    endloop
  endfacet
  facet normal 0 0 1
    outer loop
      vertex 0 34.84 19.2
      vertex 1.5 37.4381 19.2
      vertex 1.17372 37.2201 19.2
    endloop
  endfacet
  facet normal 0 0 1
    outer loop
      vertex 2.22354 0.102222 19.2
      vertex 0 3 19.2
      vertex 1.85195 0.228361 19.2
    endloop
  endfacet
  facet normal 0 0 1
    outer loop
      vertex 0 34.84 19.2
      vertex 1.17372 37.2201 19.2
      vertex 0.878679 36.9613 19.2
    endloop
  endfacet
  facet normal 0 0 1
    outer loop
      vertex 1.85195 0.228361 19.2
      vertex 0 3 19.2
      vertex 1.5 0.401923 19.2
    endloop
  endfacet
  facet normal 0 0 1
    outer loop
      vertex 0 34.84 19.2
      vertex 0.878679 36.9613 19.2
      vertex 0.61994 36.6663 19.2
    endloop
  endfacet
  facet normal 0 0 1
    outer loop
      vertex 1.5 0.401923 19.2
      vertex 0 3 19.2
      vertex 1.17372 0.61994 19.2
    endloop
  endfacet
  facet normal 0 0 1
    outer loop
      vertex 0 34.84 19.2
      vertex 0.61994 36.6663 19.2
      vertex 0.401923 36.34 19.2
    endloop
  endfacet
  facet normal 0 0 1
    outer loop
      vertex 1.17372 0.61994 19.2
      vertex 0 3 19.2
      vertex 0.878679 0.878679 19.2
    endloop
  endfacet
  facet normal 0 0 1
    outer loop
      vertex 0 34.84 19.2
      vertex 0.401923 36.34 19.2
      vertex 0.228361 35.988 19.2
    endloop
  endfacet
  facet normal 0 0 1
    outer loop
      vertex 0.878679 0.878679 19.2
      vertex 0 3 19.2
      vertex 0.61994 1.17372 19.2
    endloop
  endfacet
  facet normal 0 0 1
    outer loop
      vertex 0 34.84 19.2
      vertex 0.228361 35.988 19.2
      vertex 0.102222 35.6165 19.2
    endloop
  endfacet
  facet normal 0 0 1
    outer loop
      vertex 0.61994 1.17372 19.2
      vertex 0 3 19.2
      vertex 0.401923 1.5 19.2
    endloop
  endfacet
  facet normal 0 0 1
    outer loop
      vertex 0 34.84 19.2
      vertex 0.102222 35.6165 19.2
      vertex 0.0256653 35.2316 19.2
    endloop
  endfacet
  facet normal 0 0 1
    outer loop
      vertex 0.401923 1.5 19.2
      vertex 0 3 19.2
      vertex 0.228361 1.85195 19.2
    endloop
  endfacet
  facet normal 0 0 1
    outer loop
      vertex 0.228361 1.85195 19.2
      vertex 0 3 19.2
      vertex 0.102222 2.22354 19.2
    endloop
  endfacet
  facet normal 0 0 1
    outer loop
      vertex 0.102222 2.22354 19.2
      vertex 0 3 19.2
      vertex 0.0256653 2.60842 19.2
    endloop
  endfacet
  facet normal -0.752823 -0.658223 0
    outer loop
      vertex 114.183 34.1619 0
      vertex 113.968 34.4078 17
      vertex 113.968 34.4078 0
    endloop
  endfacet
  facet normal -0.752823 -0.658223 0
    outer loop
      vertex 113.968 34.4078 17
      vertex 114.183 34.1619 0
      vertex 114.183 34.1619 17
    endloop
  endfacet
  facet normal -0.555476 -0.831533 0
    outer loop
      vertex 113.45 34.8051 0
      vertex 113.722 34.6234 17
      vertex 113.45 34.8051 17
    endloop
  endfacet
  facet normal -0.555476 -0.831533 -0
    outer loop
      vertex 113.722 34.6234 17
      vertex 113.45 34.8051 0
      vertex 113.722 34.6234 0
    endloop
  endfacet
  facet normal 0.195099 -0.980784 0
    outer loop
      vertex 4.55295 35.0548 0
      vertex 4.87368 35.1186 17
      vertex 4.55295 35.0548 17
    endloop
  endfacet
  facet normal 0.195099 -0.980784 0
    outer loop
      vertex 4.87368 35.1186 17
      vertex 4.55295 35.0548 0
      vertex 4.87368 35.1186 0
    endloop
  endfacet
  facet normal 0.751898 -0.659279 0
    outer loop
      vertex 3.21662 34.1619 17
      vertex 3.43223 34.4078 0
      vertex 3.43223 34.4078 17
    endloop
  endfacet
  facet normal 0.751898 -0.659279 0
    outer loop
      vertex 3.43223 34.4078 0
      vertex 3.21662 34.1619 17
      vertex 3.21662 34.1619 0
    endloop
  endfacet
  facet normal 0.980789 0.195069 0
    outer loop
      vertex 2.78518 4.55295 17
      vertex 2.72139 4.87368 0
      vertex 2.72139 4.87368 17
    endloop
  endfacet
  facet normal 0.980789 0.195069 0
    outer loop
      vertex 2.72139 4.87368 0
      vertex 2.78518 4.55295 17
      vertex 2.78518 4.55295 0
    endloop
  endfacet
  facet normal -1 0 0
    outer loop
      vertex 114.7 27.705 13.6303
      vertex 114.7 32.64 17
      vertex 114.7 32.64 0
    endloop
  endfacet
  facet normal -1 0 0
    outer loop
      vertex 114.7 32.64 17
      vertex 114.7 28.1507 14.7063
      vertex 114.7 28.17 15
    endloop
  endfacet
  facet normal -1 0 0
    outer loop
      vertex 114.7 32.64 17
      vertex 114.7 28.0933 14.4177
      vertex 114.7 28.1507 14.7063
    endloop
  endfacet
  facet normal -1 0 0
    outer loop
      vertex 114.7 32.64 17
      vertex 114.7 27.9987 14.139
      vertex 114.7 28.0933 14.4177
    endloop
  endfacet
  facet normal -1 0 0
    outer loop
      vertex 114.7 32.64 17
      vertex 114.7 27.8686 13.875
      vertex 114.7 27.9987 14.139
    endloop
  endfacet
  facet normal -1 0 0
    outer loop
      vertex 114.7 32.64 17
      vertex 114.7 27.705 13.6303
      vertex 114.7 27.8686 13.875
    endloop
  endfacet
  facet normal -1 0 0
    outer loop
      vertex 114.7 32.64 0
      vertex 114.7 27.511 13.409
      vertex 114.7 27.705 13.6303
    endloop
  endfacet
  facet normal -1 0 0
    outer loop
      vertex 114.7 32.64 0
      vertex 114.7 27.2897 13.215
      vertex 114.7 27.511 13.409
    endloop
  endfacet
  facet normal -1 0 0
    outer loop
      vertex 114.7 32.64 0
      vertex 114.7 27.045 13.0514
      vertex 114.7 27.2897 13.215
    endloop
  endfacet
  facet normal -1 0 0
    outer loop
      vertex 114.7 32.64 0
      vertex 114.7 26.781 12.9213
      vertex 114.7 27.045 13.0514
    endloop
  endfacet
  facet normal -1 0 0
    outer loop
      vertex 114.7 32.64 0
      vertex 114.7 26.5023 12.8267
      vertex 114.7 26.781 12.9213
    endloop
  endfacet
  facet normal -1 0 0
    outer loop
      vertex 114.7 32.64 0
      vertex 114.7 26.2137 12.7692
      vertex 114.7 26.5023 12.8267
    endloop
  endfacet
  facet normal -1 0 0
    outer loop
      vertex 114.7 32.64 0
      vertex 114.7 25.92 12.75
      vertex 114.7 26.2137 12.7692
    endloop
  endfacet
  facet normal -1 0 0
    outer loop
      vertex 114.7 32.64 0
      vertex 114.7 25.6263 12.7692
      vertex 114.7 25.92 12.75
    endloop
  endfacet
  facet normal -1 0 0
    outer loop
      vertex 114.7 32.64 0
      vertex 114.7 25.3377 12.8267
      vertex 114.7 25.6263 12.7692
    endloop
  endfacet
  facet normal -1 0 0
    outer loop
      vertex 114.7 32.64 0
      vertex 114.7 25.059 12.9213
      vertex 114.7 25.3377 12.8267
    endloop
  endfacet
  facet normal -1 0 0
    outer loop
      vertex 114.7 32.64 0
      vertex 114.7 24.795 13.0514
      vertex 114.7 25.059 12.9213
    endloop
  endfacet
  facet normal -1 0 0
    outer loop
      vertex 114.7 13.045 13.0514
      vertex 114.7 24.795 13.0514
      vertex 114.7 32.64 0
    endloop
  endfacet
  facet normal -1 0 0
    outer loop
      vertex 114.7 24.795 13.0514
      vertex 114.7 13.045 13.0514
      vertex 114.7 24.5503 13.215
    endloop
  endfacet
  facet normal -1 0 -0
    outer loop
      vertex 114.7 13.2897 13.215
      vertex 114.7 24.5503 13.215
      vertex 114.7 13.045 13.0514
    endloop
  endfacet
  facet normal -1 0 0
    outer loop
      vertex 114.7 24.5503 13.215
      vertex 114.7 13.2897 13.215
      vertex 114.7 24.329 13.409
    endloop
  endfacet
  facet normal -1 0 0
    outer loop
      vertex 114.7 23.6892 14.7063
      vertex 114.7 14.17 15
      vertex 114.7 23.67 15
    endloop
  endfacet
  facet normal -1 0 0
    outer loop
      vertex 114.7 14.1508 14.7063
      vertex 114.7 23.6892 14.7063
      vertex 114.7 23.7467 14.4177
    endloop
  endfacet
  facet normal -1 0 0
    outer loop
      vertex 114.7 14.0933 14.4177
      vertex 114.7 23.7467 14.4177
      vertex 114.7 23.8413 14.139
    endloop
  endfacet
  facet normal -1 0 0
    outer loop
      vertex 114.7 13.9987 14.139
      vertex 114.7 23.8413 14.139
      vertex 114.7 23.9714 13.875
    endloop
  endfacet
  facet normal -1 0 -0
    outer loop
      vertex 114.7 13.511 13.409
      vertex 114.7 24.329 13.409
      vertex 114.7 13.2897 13.215
    endloop
  endfacet
  facet normal -1 0 0
    outer loop
      vertex 114.7 23.6892 14.7063
      vertex 114.7 14.1508 14.7063
      vertex 114.7 14.17 15
    endloop
  endfacet
  facet normal -1 0 0
    outer loop
      vertex 114.7 23.7467 14.4177
      vertex 114.7 14.0933 14.4177
      vertex 114.7 14.1508 14.7063
    endloop
  endfacet
  facet normal -1 0 0
    outer loop
      vertex 114.7 23.8413 14.139
      vertex 114.7 13.9987 14.139
      vertex 114.7 14.0933 14.4177
    endloop
  endfacet
  facet normal -1 0 0
    outer loop
      vertex 114.7 23.9714 13.875
      vertex 114.7 13.8686 13.875
      vertex 114.7 13.9987 14.139
    endloop
  endfacet
  facet normal -1 -0 0
    outer loop
      vertex 114.7 23.9714 13.875
      vertex 114.7 13.705 13.6303
      vertex 114.7 13.8686 13.875
    endloop
  endfacet
  facet normal -1 0 0
    outer loop
      vertex 114.7 24.135 13.6303
      vertex 114.7 13.705 13.6303
      vertex 114.7 23.9714 13.875
    endloop
  endfacet
  facet normal -1 0 -0
    outer loop
      vertex 114.7 13.705 13.6303
      vertex 114.7 24.135 13.6303
      vertex 114.7 13.511 13.409
    endloop
  endfacet
  facet normal -1 0 0
    outer loop
      vertex 114.7 24.329 13.409
      vertex 114.7 13.511 13.409
      vertex 114.7 24.135 13.6303
    endloop
  endfacet
  facet normal -1 0 0
    outer loop
      vertex 114.7 32.64 0
      vertex 114.7 12.781 12.9213
      vertex 114.7 13.045 13.0514
    endloop
  endfacet
  facet normal -1 0 0
    outer loop
      vertex 114.7 5.2 0
      vertex 114.7 12.781 12.9213
      vertex 114.7 32.64 0
    endloop
  endfacet
  facet normal -1 0 0
    outer loop
      vertex 114.7 12.781 12.9213
      vertex 114.7 5.2 0
      vertex 114.7 12.5023 12.8267
    endloop
  endfacet
  facet normal -1 0 0
    outer loop
      vertex 114.7 12.5023 12.8267
      vertex 114.7 5.2 0
      vertex 114.7 12.2137 12.7692
    endloop
  endfacet
  facet normal -1 0 0
    outer loop
      vertex 114.7 12.2137 12.7692
      vertex 114.7 5.2 0
      vertex 114.7 11.92 12.75
    endloop
  endfacet
  facet normal -1 -0 0
    outer loop
      vertex 114.7 11.92 12.75
      vertex 114.7 5.2 0
      vertex 114.7 11.6263 12.7692
    endloop
  endfacet
  facet normal -1 -0 0
    outer loop
      vertex 114.7 11.6263 12.7692
      vertex 114.7 5.2 0
      vertex 114.7 11.3377 12.8267
    endloop
  endfacet
  facet normal -1 -0 0
    outer loop
      vertex 114.7 11.3377 12.8267
      vertex 114.7 5.2 0
      vertex 114.7 11.059 12.9213
    endloop
  endfacet
  facet normal -1 0 0
    outer loop
      vertex 114.7 9.74667 14.4177
      vertex 114.7 5.2 17
      vertex 114.7 9.68925 14.7063
    endloop
  endfacet
  facet normal -1 0 0
    outer loop
      vertex 114.7 9.84127 14.139
      vertex 114.7 5.2 17
      vertex 114.7 9.74667 14.4177
    endloop
  endfacet
  facet normal -1 0 0
    outer loop
      vertex 114.7 9.97144 13.875
      vertex 114.7 5.2 17
      vertex 114.7 9.84127 14.139
    endloop
  endfacet
  facet normal -1 0 0
    outer loop
      vertex 114.7 10.135 13.6303
      vertex 114.7 5.2 17
      vertex 114.7 9.97144 13.875
    endloop
  endfacet
  facet normal -1 0 0
    outer loop
      vertex 114.7 5.2 17
      vertex 114.7 10.135 13.6303
      vertex 114.7 5.2 0
    endloop
  endfacet
  facet normal -1 -0 0
    outer loop
      vertex 114.7 10.329 13.409
      vertex 114.7 5.2 0
      vertex 114.7 10.135 13.6303
    endloop
  endfacet
  facet normal -1 -0 0
    outer loop
      vertex 114.7 10.5503 13.215
      vertex 114.7 5.2 0
      vertex 114.7 10.329 13.409
    endloop
  endfacet
  facet normal -1 -0 0
    outer loop
      vertex 114.7 10.795 13.0514
      vertex 114.7 5.2 0
      vertex 114.7 10.5503 13.215
    endloop
  endfacet
  facet normal -1 -0 0
    outer loop
      vertex 114.7 11.059 12.9213
      vertex 114.7 5.2 0
      vertex 114.7 10.795 13.0514
    endloop
  endfacet
  facet normal -1 0 0
    outer loop
      vertex 114.7 28.1507 15.2937
      vertex 114.7 32.64 17
      vertex 114.7 28.17 15
    endloop
  endfacet
  facet normal -1 0 0
    outer loop
      vertex 114.7 28.0933 15.5823
      vertex 114.7 32.64 17
      vertex 114.7 28.1507 15.2937
    endloop
  endfacet
  facet normal -1 0 0
    outer loop
      vertex 114.7 27.9987 15.861
      vertex 114.7 32.64 17
      vertex 114.7 28.0933 15.5823
    endloop
  endfacet
  facet normal -1 0 0
    outer loop
      vertex 114.7 27.8686 16.125
      vertex 114.7 32.64 17
      vertex 114.7 27.9987 15.861
    endloop
  endfacet
  facet normal -1 0 0
    outer loop
      vertex 114.7 27.705 16.3697
      vertex 114.7 32.64 17
      vertex 114.7 27.8686 16.125
    endloop
  endfacet
  facet normal -1 0 0
    outer loop
      vertex 114.7 27.511 16.591
      vertex 114.7 32.64 17
      vertex 114.7 27.705 16.3697
    endloop
  endfacet
  facet normal -1 0 0
    outer loop
      vertex 114.7 27.2897 16.785
      vertex 114.7 32.64 17
      vertex 114.7 27.511 16.591
    endloop
  endfacet
  facet normal -1 0 0
    outer loop
      vertex 114.7 27.045 16.9486
      vertex 114.7 32.64 17
      vertex 114.7 27.2897 16.785
    endloop
  endfacet
  facet normal -1 -0 0
    outer loop
      vertex 114.7 32.64 17
      vertex 114.7 27.045 16.9486
      vertex 114.7 26.9407 17
    endloop
  endfacet
  facet normal -1 0 0
    outer loop
      vertex 114.7 14.17 15
      vertex 114.7 23.6892 15.2937
      vertex 114.7 23.67 15
    endloop
  endfacet
  facet normal -1 0 0
    outer loop
      vertex 114.7 14.1508 15.2937
      vertex 114.7 23.6892 15.2937
      vertex 114.7 14.17 15
    endloop
  endfacet
  facet normal -1 0 0
    outer loop
      vertex 114.7 23.6892 15.2937
      vertex 114.7 14.1508 15.2937
      vertex 114.7 23.7467 15.5823
    endloop
  endfacet
  facet normal -1 0 0
    outer loop
      vertex 114.7 14.0933 15.5823
      vertex 114.7 23.7467 15.5823
      vertex 114.7 14.1508 15.2937
    endloop
  endfacet
  facet normal -1 0 0
    outer loop
      vertex 114.7 23.7467 15.5823
      vertex 114.7 14.0933 15.5823
      vertex 114.7 23.8413 15.861
    endloop
  endfacet
  facet normal -1 0 0
    outer loop
      vertex 114.7 13.9987 15.861
      vertex 114.7 23.8413 15.861
      vertex 114.7 14.0933 15.5823
    endloop
  endfacet
  facet normal -1 0 0
    outer loop
      vertex 114.7 23.8413 15.861
      vertex 114.7 13.9987 15.861
      vertex 114.7 23.9714 16.125
    endloop
  endfacet
  facet normal -1 0 0
    outer loop
      vertex 114.7 13.8686 16.125
      vertex 114.7 23.9714 16.125
      vertex 114.7 13.9987 15.861
    endloop
  endfacet
  facet normal -1 0 0
    outer loop
      vertex 114.7 23.9714 16.125
      vertex 114.7 13.8686 16.125
      vertex 114.7 24.135 16.3697
    endloop
  endfacet
  facet normal -1 0 0
    outer loop
      vertex 114.7 13.705 16.3697
      vertex 114.7 24.135 16.3697
      vertex 114.7 13.8686 16.125
    endloop
  endfacet
  facet normal -1 0 0
    outer loop
      vertex 114.7 24.135 16.3697
      vertex 114.7 13.705 16.3697
      vertex 114.7 24.329 16.591
    endloop
  endfacet
  facet normal -1 0 0
    outer loop
      vertex 114.7 13.511 16.591
      vertex 114.7 24.329 16.591
      vertex 114.7 13.705 16.3697
    endloop
  endfacet
  facet normal -1 0 0
    outer loop
      vertex 114.7 24.329 16.591
      vertex 114.7 13.511 16.591
      vertex 114.7 24.5503 16.785
    endloop
  endfacet
  facet normal -1 0 0
    outer loop
      vertex 114.7 13.2897 16.785
      vertex 114.7 24.5503 16.785
      vertex 114.7 13.511 16.591
    endloop
  endfacet
  facet normal -1 0 0
    outer loop
      vertex 114.7 24.5503 16.785
      vertex 114.7 13.2897 16.785
      vertex 114.7 24.795 16.9486
    endloop
  endfacet
  facet normal -1 0 0
    outer loop
      vertex 114.7 13.045 16.9486
      vertex 114.7 24.795 16.9486
      vertex 114.7 13.2897 16.785
    endloop
  endfacet
  facet normal -1 0 0
    outer loop
      vertex 114.7 24.795 16.9486
      vertex 114.7 13.045 16.9486
      vertex 114.7 24.8993 17
    endloop
  endfacet
  facet normal -1 -0 0
    outer loop
      vertex 114.7 24.8993 17
      vertex 114.7 13.045 16.9486
      vertex 114.7 12.9407 17
    endloop
  endfacet
  facet normal -1 0 0
    outer loop
      vertex 114.7 9.68925 14.7063
      vertex 114.7 5.2 17
      vertex 114.7 9.67 15
    endloop
  endfacet
  facet normal -1 0 0
    outer loop
      vertex 114.7 9.67 15
      vertex 114.7 5.2 17
      vertex 114.7 9.68925 15.2937
    endloop
  endfacet
  facet normal -1 0 0
    outer loop
      vertex 114.7 10.795 16.9486
      vertex 114.7 5.2 17
      vertex 114.7 10.8993 17
    endloop
  endfacet
  facet normal -1 0 0
    outer loop
      vertex 114.7 10.5503 16.785
      vertex 114.7 5.2 17
      vertex 114.7 10.795 16.9486
    endloop
  endfacet
  facet normal -1 0 0
    outer loop
      vertex 114.7 10.329 16.591
      vertex 114.7 5.2 17
      vertex 114.7 10.5503 16.785
    endloop
  endfacet
  facet normal -1 0 0
    outer loop
      vertex 114.7 10.135 16.3697
      vertex 114.7 5.2 17
      vertex 114.7 10.329 16.591
    endloop
  endfacet
  facet normal -1 0 0
    outer loop
      vertex 114.7 9.97144 16.125
      vertex 114.7 5.2 17
      vertex 114.7 10.135 16.3697
    endloop
  endfacet
  facet normal -1 0 0
    outer loop
      vertex 114.7 9.84127 15.861
      vertex 114.7 5.2 17
      vertex 114.7 9.97144 16.125
    endloop
  endfacet
  facet normal -1 0 0
    outer loop
      vertex 114.7 9.74667 15.5823
      vertex 114.7 5.2 17
      vertex 114.7 9.84127 15.861
    endloop
  endfacet
  facet normal -1 0 0
    outer loop
      vertex 114.7 9.68925 15.2937
      vertex 114.7 5.2 17
      vertex 114.7 9.74667 15.5823
    endloop
  endfacet
  facet normal 0.442204 -0.896915 0
    outer loop
      vertex 3.95 34.8051 0
      vertex 4.24329 34.9497 17
      vertex 3.95 34.8051 17
    endloop
  endfacet
  facet normal 0.442204 -0.896915 0
    outer loop
      vertex 4.24329 34.9497 17
      vertex 3.95 34.8051 0
      vertex 4.24329 34.9497 0
    endloop
  endfacet
  facet normal 0.659325 0.751858 -0
    outer loop
      vertex 3.6781 3.21662 0
      vertex 3.43223 3.43223 17
      vertex 3.6781 3.21662 17
    endloop
  endfacet
  facet normal 0.659325 0.751858 0
    outer loop
      vertex 3.43223 3.43223 17
      vertex 3.6781 3.21662 0
      vertex 3.43223 3.43223 0
    endloop
  endfacet
  facet normal -0.980666 0.195687 0
    outer loop
      vertex 114.615 4.55295 0
      vertex 114.679 4.87368 17
      vertex 114.679 4.87368 0
    endloop
  endfacet
  facet normal -0.980666 0.195687 0
    outer loop
      vertex 114.679 4.87368 17
      vertex 114.615 4.55295 0
      vertex 114.615 4.55295 17
    endloop
  endfacet
  facet normal 0 -1 0
    outer loop
      vertex 5.2 35.14 0
      vertex 112.2 35.14 17
      vertex 5.2 35.14 17
    endloop
  endfacet
  facet normal 0 -1 -0
    outer loop
      vertex 112.2 35.14 17
      vertex 5.2 35.14 0
      vertex 112.2 35.14 0
    endloop
  endfacet
  facet normal 0.946926 0.321452 0
    outer loop
      vertex 2.8903 4.24329 17
      vertex 2.78518 4.55295 0
      vertex 2.78518 4.55295 17
    endloop
  endfacet
  facet normal 0.946926 0.321452 0
    outer loop
      vertex 2.78518 4.55295 0
      vertex 2.8903 4.24329 17
      vertex 2.8903 4.24329 0
    endloop
  endfacet
  facet normal 0 1 -0
    outer loop
      vertex 112.2 2.7 0
      vertex 5.2 2.7 17
      vertex 112.2 2.7 17
    endloop
  endfacet
  facet normal 0 1 0
    outer loop
      vertex 5.2 2.7 17
      vertex 112.2 2.7 0
      vertex 5.2 2.7 0
    endloop
  endfacet
  facet normal -0.752783 0.658268 0
    outer loop
      vertex 113.968 3.43223 0
      vertex 114.183 3.6781 17
      vertex 114.183 3.6781 0
    endloop
  endfacet
  facet normal -0.752783 0.658268 0
    outer loop
      vertex 114.183 3.6781 17
      vertex 113.968 3.43223 0
      vertex 113.968 3.43223 17
    endloop
  endfacet
  facet normal -0.321136 0.947033 0
    outer loop
      vertex 113.157 2.8903 0
      vertex 112.847 2.78518 17
      vertex 113.157 2.8903 17
    endloop
  endfacet
  facet normal -0.321136 0.947033 0
    outer loop
      vertex 112.847 2.78518 17
      vertex 113.157 2.8903 0
      vertex 112.847 2.78518 0
    endloop
  endfacet
  facet normal 0.997859 0.0654088 0
    outer loop
      vertex 2.72139 4.87368 17
      vertex 2.7 5.2 0
      vertex 2.7 5.2 17
    endloop
  endfacet
  facet normal 0.997859 0.0654088 0
    outer loop
      vertex 2.7 5.2 0
      vertex 2.72139 4.87368 17
      vertex 2.72139 4.87368 0
    endloop
  endfacet
  facet normal 0.997858 -0.0654128 0
    outer loop
      vertex 2.7 32.64 17
      vertex 2.72139 32.9663 0
      vertex 2.72139 32.9663 17
    endloop
  endfacet
  facet normal 0.997858 -0.0654128 0
    outer loop
      vertex 2.72139 32.9663 0
      vertex 2.7 32.64 17
      vertex 2.7 32.64 0
    endloop
  endfacet
  facet normal -0.194941 -0.980815 0
    outer loop
      vertex 112.526 35.1186 0
      vertex 112.847 35.0548 17
      vertex 112.526 35.1186 17
    endloop
  endfacet
  facet normal -0.194941 -0.980815 -0
    outer loop
      vertex 112.847 35.0548 17
      vertex 112.526 35.1186 0
      vertex 112.847 35.0548 0
    endloop
  endfacet
  facet normal -0.94705 -0.321086 0
    outer loop
      vertex 114.615 33.287 0
      vertex 114.51 33.5967 17
      vertex 114.51 33.5967 0
    endloop
  endfacet
  facet normal -0.94705 -0.321086 0
    outer loop
      vertex 114.51 33.5967 17
      vertex 114.615 33.287 0
      vertex 114.615 33.287 17
    endloop
  endfacet
  facet normal -0.947038 0.321123 0
    outer loop
      vertex 114.51 4.24329 0
      vertex 114.615 4.55295 17
      vertex 114.615 4.55295 0
    endloop
  endfacet
  facet normal -0.947038 0.321123 0
    outer loop
      vertex 114.615 4.55295 17
      vertex 114.51 4.24329 0
      vertex 114.51 4.24329 17
    endloop
  endfacet
  facet normal -0.555434 0.831561 0
    outer loop
      vertex 113.722 3.21662 0
      vertex 113.45 3.03494 17
      vertex 113.722 3.21662 17
    endloop
  endfacet
  facet normal -0.555434 0.831561 0
    outer loop
      vertex 113.45 3.03494 17
      vertex 113.722 3.21662 0
      vertex 113.45 3.03494 0
    endloop
  endfacet
  facet normal -0.442654 0.896693 0
    outer loop
      vertex 113.45 3.03494 0
      vertex 113.157 2.8903 17
      vertex 113.45 3.03494 17
    endloop
  endfacet
  facet normal -0.442654 0.896693 0
    outer loop
      vertex 113.157 2.8903 17
      vertex 113.45 3.03494 0
      vertex 113.157 2.8903 0
    endloop
  endfacet
  facet normal 1 -0 0
    outer loop
      vertex 2.7 5.2 17
      vertex 2.7 32.64 0
      vertex 2.7 32.64 17
    endloop
  endfacet
  facet normal 1 0 0
    outer loop
      vertex 2.7 32.64 0
      vertex 2.7 5.2 17
      vertex 2.7 5.2 0
    endloop
  endfacet
  facet normal -0.0654727 0.997854 0
    outer loop
      vertex 112.526 2.72139 0
      vertex 112.2 2.7 17
      vertex 112.526 2.72139 17
    endloop
  endfacet
  facet normal -0.0654727 0.997854 0
    outer loop
      vertex 112.2 2.7 17
      vertex 112.526 2.72139 0
      vertex 112.2 2.7 0
    endloop
  endfacet
  facet normal 0.831466 0.555575 0
    outer loop
      vertex 3.21662 3.6781 17
      vertex 3.03494 3.95 0
      vertex 3.03494 3.95 17
    endloop
  endfacet
  facet normal 0.831466 0.555575 0
    outer loop
      vertex 3.03494 3.95 0
      vertex 3.21662 3.6781 17
      vertex 3.21662 3.6781 0
    endloop
  endfacet
  facet normal 0.896866 0.442302 0
    outer loop
      vertex 3.03494 3.95 17
      vertex 2.8903 4.24329 0
      vertex 2.8903 4.24329 17
    endloop
  endfacet
  facet normal 0.896866 0.442302 0
    outer loop
      vertex 2.8903 4.24329 0
      vertex 3.03494 3.95 17
      vertex 3.03494 3.95 0
    endloop
  endfacet
  facet normal -0.997935 -0.0642251 0
    outer loop
      vertex 114.7 32.64 0
      vertex 114.679 32.9663 17
      vertex 114.679 32.9663 0
    endloop
  endfacet
  facet normal -0.997935 -0.0642251 0
    outer loop
      vertex 114.679 32.9663 17
      vertex 114.7 32.64 0
      vertex 114.7 32.64 17
    endloop
  endfacet
  facet normal -0.65911 -0.752046 0
    outer loop
      vertex 113.722 34.6234 0
      vertex 113.968 34.4078 17
      vertex 113.722 34.6234 17
    endloop
  endfacet
  facet normal -0.65911 -0.752046 -0
    outer loop
      vertex 113.968 34.4078 17
      vertex 113.722 34.6234 0
      vertex 113.968 34.4078 0
    endloop
  endfacet
  facet normal -0.831014 0.556251 0
    outer loop
      vertex 114.183 3.6781 0
      vertex 114.365 3.95 17
      vertex 114.365 3.95 0
    endloop
  endfacet
  facet normal -0.831014 0.556251 0
    outer loop
      vertex 114.365 3.95 17
      vertex 114.183 3.6781 0
      vertex 114.183 3.6781 17
    endloop
  endfacet
  facet normal 0.195069 0.980789 -0
    outer loop
      vertex 4.87368 2.72139 0
      vertex 4.55295 2.78518 17
      vertex 4.87368 2.72139 17
    endloop
  endfacet
  facet normal 0.195069 0.980789 0
    outer loop
      vertex 4.55295 2.78518 17
      vertex 4.87368 2.72139 0
      vertex 4.55295 2.78518 0
    endloop
  endfacet
  facet normal -0.896435 -0.443175 0
    outer loop
      vertex 114.51 33.5967 0
      vertex 114.365 33.89 17
      vertex 114.365 33.89 0
    endloop
  endfacet
  facet normal -0.896435 -0.443175 0
    outer loop
      vertex 114.365 33.89 17
      vertex 114.51 33.5967 0
      vertex 114.51 33.5967 17
    endloop
  endfacet
  facet normal 0.555575 0.831466 -0
    outer loop
      vertex 3.95 3.03494 0
      vertex 3.6781 3.21662 17
      vertex 3.95 3.03494 17
    endloop
  endfacet
  facet normal 0.555575 0.831466 0
    outer loop
      vertex 3.6781 3.21662 17
      vertex 3.95 3.03494 0
      vertex 3.6781 3.21662 0
    endloop
  endfacet
  facet normal 0.946938 -0.321415 0
    outer loop
      vertex 2.78518 33.287 17
      vertex 2.8903 33.5967 0
      vertex 2.8903 33.5967 17
    endloop
  endfacet
  facet normal 0.946938 -0.321415 0
    outer loop
      vertex 2.8903 33.5967 0
      vertex 2.78518 33.287 17
      vertex 2.78518 33.287 0
    endloop
  endfacet
  facet normal -0.997936 0.0642212 0
    outer loop
      vertex 114.679 4.87368 0
      vertex 114.7 5.2 17
      vertex 114.7 5.2 0
    endloop
  endfacet
  facet normal -0.997936 0.0642212 0
    outer loop
      vertex 114.7 5.2 17
      vertex 114.679 4.87368 0
      vertex 114.679 4.87368 17
    endloop
  endfacet
  facet normal 0.896872 -0.44229 0
    outer loop
      vertex 2.8903 33.5967 17
      vertex 3.03494 33.89 0
      vertex 3.03494 33.89 17
    endloop
  endfacet
  facet normal 0.896872 -0.44229 0
    outer loop
      vertex 3.03494 33.89 0
      vertex 2.8903 33.5967 17
      vertex 2.8903 33.5967 0
    endloop
  endfacet
  facet normal -0.896429 0.443187 0
    outer loop
      vertex 114.365 3.95 0
      vertex 114.51 4.24329 17
      vertex 114.51 4.24329 0
    endloop
  endfacet
  facet normal -0.896429 0.443187 0
    outer loop
      vertex 114.51 4.24329 17
      vertex 114.365 3.95 0
      vertex 114.365 3.95 17
    endloop
  endfacet
  facet normal -0.321081 -0.947052 0
    outer loop
      vertex 112.847 35.0548 0
      vertex 113.157 34.9497 17
      vertex 112.847 35.0548 17
    endloop
  endfacet
  facet normal -0.321081 -0.947052 -0
    outer loop
      vertex 113.157 34.9497 17
      vertex 112.847 35.0548 0
      vertex 113.157 34.9497 0
    endloop
  endfacet
  facet normal 0.0654392 -0.997857 0
    outer loop
      vertex 4.87368 35.1186 0
      vertex 5.2 35.14 17
      vertex 4.87368 35.1186 17
    endloop
  endfacet
  facet normal 0.0654392 -0.997857 0
    outer loop
      vertex 5.2 35.14 17
      vertex 4.87368 35.1186 0
      vertex 5.2 35.14 0
    endloop
  endfacet
  facet normal -0.194911 0.980821 0
    outer loop
      vertex 112.847 2.78518 0
      vertex 112.526 2.72139 17
      vertex 112.847 2.78518 17
    endloop
  endfacet
  facet normal -0.194911 0.980821 0
    outer loop
      vertex 112.526 2.72139 17
      vertex 112.847 2.78518 0
      vertex 112.526 2.72139 0
    endloop
  endfacet
  facet normal -0.980663 -0.195704 0
    outer loop
      vertex 114.679 32.9663 0
      vertex 114.615 33.287 17
      vertex 114.615 33.287 0
    endloop
  endfacet
  facet normal -0.980663 -0.195704 0
    outer loop
      vertex 114.615 33.287 17
      vertex 114.679 32.9663 0
      vertex 114.679 32.9663 17
    endloop
  endfacet
  facet normal -0.659128 0.752031 0
    outer loop
      vertex 113.968 3.43223 0
      vertex 113.722 3.21662 17
      vertex 113.968 3.43223 17
    endloop
  endfacet
  facet normal -0.659128 0.752031 0
    outer loop
      vertex 113.722 3.21662 17
      vertex 113.968 3.43223 0
      vertex 113.722 3.21662 0
    endloop
  endfacet
  facet normal 0.321452 0.946926 -0
    outer loop
      vertex 4.55295 2.78518 0
      vertex 4.24329 2.8903 17
      vertex 4.55295 2.78518 17
    endloop
  endfacet
  facet normal 0.321452 0.946926 0
    outer loop
      vertex 4.24329 2.8903 17
      vertex 4.55295 2.78518 0
      vertex 4.24329 2.8903 0
    endloop
  endfacet
  facet normal 0.0654088 0.997859 -0
    outer loop
      vertex 5.2 2.7 0
      vertex 4.87368 2.72139 17
      vertex 5.2 2.7 17
    endloop
  endfacet
  facet normal 0.0654088 0.997859 0
    outer loop
      vertex 4.87368 2.72139 17
      vertex 5.2 2.7 0
      vertex 4.87368 2.72139 0
    endloop
  endfacet
  facet normal -0.442556 -0.896741 0
    outer loop
      vertex 113.157 34.9497 0
      vertex 113.45 34.8051 17
      vertex 113.157 34.9497 17
    endloop
  endfacet
  facet normal -0.442556 -0.896741 -0
    outer loop
      vertex 113.45 34.8051 17
      vertex 113.157 34.9497 0
      vertex 113.45 34.8051 0
    endloop
  endfacet
  facet normal 0.751858 0.659325 0
    outer loop
      vertex 3.43223 3.43223 17
      vertex 3.21662 3.6781 0
      vertex 3.21662 3.6781 17
    endloop
  endfacet
  facet normal 0.751858 0.659325 0
    outer loop
      vertex 3.21662 3.6781 0
      vertex 3.43223 3.43223 17
      vertex 3.43223 3.43223 0
    endloop
  endfacet
  facet normal 0.555617 -0.831438 0
    outer loop
      vertex 3.6781 34.6234 0
      vertex 3.95 34.8051 17
      vertex 3.6781 34.6234 17
    endloop
  endfacet
  facet normal 0.555617 -0.831438 0
    outer loop
      vertex 3.95 34.8051 17
      vertex 3.6781 34.6234 0
      vertex 3.95 34.8051 0
    endloop
  endfacet
  facet normal -0.0655032 -0.997852 0
    outer loop
      vertex 112.2 35.14 0
      vertex 112.526 35.1186 17
      vertex 112.2 35.14 17
    endloop
  endfacet
  facet normal -0.0655032 -0.997852 -0
    outer loop
      vertex 112.526 35.1186 17
      vertex 112.2 35.14 0
      vertex 112.526 35.1186 0
    endloop
  endfacet
  facet normal -0.831014 -0.556251 0
    outer loop
      vertex 114.365 33.89 0
      vertex 114.183 34.1619 17
      vertex 114.183 34.1619 0
    endloop
  endfacet
  facet normal -0.831014 -0.556251 0
    outer loop
      vertex 114.183 34.1619 17
      vertex 114.365 33.89 0
      vertex 114.365 33.89 17
    endloop
  endfacet
  facet normal 0.831466 -0.555575 0
    outer loop
      vertex 3.03494 33.89 17
      vertex 3.21662 34.1619 0
      vertex 3.21662 34.1619 17
    endloop
  endfacet
  facet normal 0.831466 -0.555575 0
    outer loop
      vertex 3.21662 34.1619 0
      vertex 3.03494 33.89 17
      vertex 3.03494 33.89 0
    endloop
  endfacet
  facet normal 0.980786 -0.195087 0
    outer loop
      vertex 2.72139 32.9663 17
      vertex 2.78518 33.287 0
      vertex 2.78518 33.287 17
    endloop
  endfacet
  facet normal 0.980786 -0.195087 0
    outer loop
      vertex 2.78518 33.287 0
      vertex 2.72139 32.9663 17
      vertex 2.72139 32.9663 0
    endloop
  endfacet
  facet normal 0.321397 -0.946944 0
    outer loop
      vertex 4.24329 34.9497 0
      vertex 4.55295 35.0548 17
      vertex 4.24329 34.9497 17
    endloop
  endfacet
  facet normal 0.321397 -0.946944 0
    outer loop
      vertex 4.55295 35.0548 17
      vertex 4.24329 34.9497 0
      vertex 4.55295 35.0548 0
    endloop
  endfacet
  facet normal 0.659307 -0.751873 0
    outer loop
      vertex 3.43223 34.4078 0
      vertex 3.6781 34.6234 17
      vertex 3.43223 34.4078 17
    endloop
  endfacet
  facet normal 0.659307 -0.751873 0
    outer loop
      vertex 3.6781 34.6234 17
      vertex 3.43223 34.4078 0
      vertex 3.6781 34.6234 0
    endloop
  endfacet
  facet normal 0.442302 0.896866 -0
    outer loop
      vertex 4.24329 2.8903 0
      vertex 3.95 3.03494 17
      vertex 4.24329 2.8903 17
    endloop
  endfacet
  facet normal 0.442302 0.896866 0
    outer loop
      vertex 3.95 3.03494 17
      vertex 4.24329 2.8903 0
      vertex 3.95 3.03494 0
    endloop
  endfacet
  facet normal 0 0 -1
    outer loop
      vertex 114.7 5.2 17
      vertex 112.68 5.69979 17
      vertex 112.7 6 17
    endloop
  endfacet
  facet normal 0 0 -1
    outer loop
      vertex 113.157 2.8903 17
      vertex 112.622 5.40472 17
      vertex 112.68 5.69979 17
    endloop
  endfacet
  facet normal 0 0 -1
    outer loop
      vertex 112.026 4.37366 17
      vertex 112.847 2.78518 17
      vertex 112.526 2.72139 17
    endloop
  endfacet
  facet normal 0 0 -1
    outer loop
      vertex 113.157 2.8903 17
      vertex 112.525 5.11983 17
      vertex 112.622 5.40472 17
    endloop
  endfacet
  facet normal 0 0 -1
    outer loop
      vertex 113.157 2.8903 17
      vertex 112.392 4.85 17
      vertex 112.525 5.11983 17
    endloop
  endfacet
  facet normal 0 0 -1
    outer loop
      vertex 113.157 2.8903 17
      vertex 112.225 4.59985 17
      vertex 112.392 4.85 17
    endloop
  endfacet
  facet normal 0 0 -1
    outer loop
      vertex 111.8 4.17529 17
      vertex 112.526 2.72139 17
      vertex 112.2 2.7 17
    endloop
  endfacet
  facet normal 0 0 -1
    outer loop
      vertex 113.157 2.8903 17
      vertex 112.026 4.37366 17
      vertex 112.225 4.59985 17
    endloop
  endfacet
  facet normal 0 0 -1
    outer loop
      vertex 112.526 2.72139 17
      vertex 111.8 4.17529 17
      vertex 112.026 4.37366 17
    endloop
  endfacet
  facet normal 0 0 -1
    outer loop
      vertex 112.2 2.7 17
      vertex 111.55 4.00814 17
      vertex 111.8 4.17529 17
    endloop
  endfacet
  facet normal 0 0 -1
    outer loop
      vertex 112.2 2.7 17
      vertex 111.28 3.87508 17
      vertex 111.55 4.00814 17
    endloop
  endfacet
  facet normal 0 0 -1
    outer loop
      vertex 112.2 2.7 17
      vertex 110.995 3.77837 17
      vertex 111.28 3.87508 17
    endloop
  endfacet
  facet normal 0 0 -1
    outer loop
      vertex 112.2 2.7 17
      vertex 110.7 3.71968 17
      vertex 110.995 3.77837 17
    endloop
  endfacet
  facet normal 0 0 -1
    outer loop
      vertex 112.2 2.7 17
      vertex 110.4 3.7 17
      vertex 110.7 3.71968 17
    endloop
  endfacet
  facet normal 0 0 -1
    outer loop
      vertex 112.2 2.7 17
      vertex 110.1 3.71968 17
      vertex 110.4 3.7 17
    endloop
  endfacet
  facet normal 0 0 -1
    outer loop
      vertex 112.2 2.7 17
      vertex 109.805 3.77837 17
      vertex 110.1 3.71968 17
    endloop
  endfacet
  facet normal 0 0 -1
    outer loop
      vertex 112.2 2.7 17
      vertex 109.52 3.87508 17
      vertex 109.805 3.77837 17
    endloop
  endfacet
  facet normal -0 0 -1
    outer loop
      vertex 108.178 31.2447 17
      vertex 35.9487 19.7032 17
      vertex 108.12 31.5398 17
    endloop
  endfacet
  facet normal 0 0 -1
    outer loop
      vertex 35.5433 16.6239 17
      vertex 108.1 6 17
      vertex 108.12 5.69979 17
    endloop
  endfacet
  facet normal 0 0 -1
    outer loop
      vertex 35.1962 15.92 17
      vertex 108.12 5.69979 17
      vertex 108.178 5.40472 17
    endloop
  endfacet
  facet normal 0 0 -1
    outer loop
      vertex 34.7601 15.2674 17
      vertex 108.178 5.40472 17
      vertex 108.275 5.11983 17
    endloop
  endfacet
  facet normal 0 0 -1
    outer loop
      vertex 34.7601 15.2674 17
      vertex 108.275 5.11983 17
      vertex 108.408 4.85 17
    endloop
  endfacet
  facet normal 0 0 -1
    outer loop
      vertex 34.2426 14.6774 17
      vertex 108.408 4.85 17
      vertex 108.575 4.59985 17
    endloop
  endfacet
  facet normal 0 0 -1
    outer loop
      vertex 33.6526 14.1599 17
      vertex 108.575 4.59985 17
      vertex 108.774 4.37366 17
    endloop
  endfacet
  facet normal 0 0 -1
    outer loop
      vertex 33 13.7238 17
      vertex 108.774 4.37366 17
      vertex 109 4.17529 17
    endloop
  endfacet
  facet normal 0 0 -1
    outer loop
      vertex 32.2961 13.3767 17
      vertex 109 4.17529 17
      vertex 109.25 4.00814 17
    endloop
  endfacet
  facet normal 0 0 -1
    outer loop
      vertex 8.15 4.00814 17
      vertex 109.25 4.00814 17
      vertex 109.52 3.87508 17
    endloop
  endfacet
  facet normal 0 0 -1
    outer loop
      vertex 7.88017 3.87508 17
      vertex 109.52 3.87508 17
      vertex 112.2 2.7 17
    endloop
  endfacet
  facet normal 0 0 -1
    outer loop
      vertex 108.12 6.30021 17
      vertex 35.9487 18.1368 17
      vertex 36 18.92 17
    endloop
  endfacet
  facet normal 0 0 -1
    outer loop
      vertex 108.12 6.30021 17
      vertex 35.7956 17.3671 17
      vertex 35.9487 18.1368 17
    endloop
  endfacet
  facet normal 0 0 -1
    outer loop
      vertex 108.1 6 17
      vertex 35.5433 16.6239 17
      vertex 35.7956 17.3671 17
    endloop
  endfacet
  facet normal 0 0 -1
    outer loop
      vertex 108.12 5.69979 17
      vertex 35.1962 15.92 17
      vertex 35.5433 16.6239 17
    endloop
  endfacet
  facet normal 0 0 -1
    outer loop
      vertex 108.178 5.40472 17
      vertex 34.7601 15.2674 17
      vertex 35.1962 15.92 17
    endloop
  endfacet
  facet normal 0 0 -1
    outer loop
      vertex 108.408 4.85 17
      vertex 34.2426 14.6774 17
      vertex 34.7601 15.2674 17
    endloop
  endfacet
  facet normal 0 0 -1
    outer loop
      vertex 108.575 4.59985 17
      vertex 33.6526 14.1599 17
      vertex 34.2426 14.6774 17
    endloop
  endfacet
  facet normal 0 0 -1
    outer loop
      vertex 108.774 4.37366 17
      vertex 33 13.7238 17
      vertex 33.6526 14.1599 17
    endloop
  endfacet
  facet normal 0 0 -1
    outer loop
      vertex 109 4.17529 17
      vertex 32.2961 13.3767 17
      vertex 33 13.7238 17
    endloop
  endfacet
  facet normal 0 0 -1
    outer loop
      vertex 109.25 4.00814 17
      vertex 31.5529 13.1244 17
      vertex 32.2961 13.3767 17
    endloop
  endfacet
  facet normal 0 0 -1
    outer loop
      vertex 109.25 4.00814 17
      vertex 8.15 4.00814 17
      vertex 31.5529 13.1244 17
    endloop
  endfacet
  facet normal 0 0 -1
    outer loop
      vertex 31.5529 13.1244 17
      vertex 8.15 4.00814 17
      vertex 30.7832 12.9713 17
    endloop
  endfacet
  facet normal 0 -0 -1
    outer loop
      vertex 8.40015 4.17529 17
      vertex 30.7832 12.9713 17
      vertex 8.15 4.00814 17
    endloop
  endfacet
  facet normal 0 0 -1
    outer loop
      vertex 17.5778 18.5806 17
      vertex 24 18.92 17
      vertex 24.0513 18.1368 17
    endloop
  endfacet
  facet normal 0 0 -1
    outer loop
      vertex 17.5114 18.2471 17
      vertex 24.0513 18.1368 17
      vertex 24.2044 17.3671 17
    endloop
  endfacet
  facet normal 0 0 -1
    outer loop
      vertex 17.2517 17.62 17
      vertex 24.2044 17.3671 17
      vertex 24.4567 16.6239 17
    endloop
  endfacet
  facet normal 0 0 -1
    outer loop
      vertex 17.0627 17.3372 17
      vertex 24.4567 16.6239 17
      vertex 24.8038 15.92 17
    endloop
  endfacet
  facet normal 0 0 -1
    outer loop
      vertex 16.5828 16.8573 17
      vertex 24.8038 15.92 17
      vertex 25.2399 15.2674 17
    endloop
  endfacet
  facet normal 0 0 -1
    outer loop
      vertex 16.3 16.6683 17
      vertex 25.2399 15.2674 17
      vertex 25.7574 14.6774 17
    endloop
  endfacet
  facet normal 0 0 -1
    outer loop
      vertex 9.28032 6.30021 17
      vertex 25.7574 14.6774 17
      vertex 26.3474 14.1599 17
    endloop
  endfacet
  facet normal 0 0 -1
    outer loop
      vertex 9.28032 5.69979 17
      vertex 26.3474 14.1599 17
      vertex 27 13.7238 17
    endloop
  endfacet
  facet normal -0 0 -1
    outer loop
      vertex 24 18.92 17
      vertex 17.5778 18.5806 17
      vertex 17.6 18.92 17
    endloop
  endfacet
  facet normal 0 0 -1
    outer loop
      vertex 24.0513 18.1368 17
      vertex 17.5114 18.2471 17
      vertex 17.5778 18.5806 17
    endloop
  endfacet
  facet normal 0 0 -1
    outer loop
      vertex 9.22163 5.40472 17
      vertex 27 13.7238 17
      vertex 27.7039 13.3767 17
    endloop
  endfacet
  facet normal 0 0 -1
    outer loop
      vertex 24.2044 17.3671 17
      vertex 17.4021 17.925 17
      vertex 17.5114 18.2471 17
    endloop
  endfacet
  facet normal 0 0 -1
    outer loop
      vertex 24.2044 17.3671 17
      vertex 17.2517 17.62 17
      vertex 17.4021 17.925 17
    endloop
  endfacet
  facet normal 0 0 -1
    outer loop
      vertex 24.4567 16.6239 17
      vertex 17.0627 17.3372 17
      vertex 17.2517 17.62 17
    endloop
  endfacet
  facet normal 0 0 -1
    outer loop
      vertex 24.8038 15.92 17
      vertex 16.8385 17.0815 17
      vertex 17.0627 17.3372 17
    endloop
  endfacet
  facet normal 0 0 -1
    outer loop
      vertex 24.8038 15.92 17
      vertex 16.5828 16.8573 17
      vertex 16.8385 17.0815 17
    endloop
  endfacet
  facet normal 0 0 -1
    outer loop
      vertex 9.12492 5.11983 17
      vertex 27.7039 13.3767 17
      vertex 28.4471 13.1244 17
    endloop
  endfacet
  facet normal 0 0 -1
    outer loop
      vertex 25.2399 15.2674 17
      vertex 16.3 16.6683 17
      vertex 16.5828 16.8573 17
    endloop
  endfacet
  facet normal 0 0 -1
    outer loop
      vertex 25.7574 14.6774 17
      vertex 15.995 16.5179 17
      vertex 16.3 16.6683 17
    endloop
  endfacet
  facet normal 0 0 -1
    outer loop
      vertex 26.3474 14.1599 17
      vertex 9.3 6 17
      vertex 9.28032 6.30021 17
    endloop
  endfacet
  facet normal -0 0 -1
    outer loop
      vertex 25.7574 14.6774 17
      vertex 9.28032 6.30021 17
      vertex 15.995 16.5179 17
    endloop
  endfacet
  facet normal 0 0 -1
    outer loop
      vertex 15.995 16.5179 17
      vertex 9.28032 6.30021 17
      vertex 15.6729 16.4086 17
    endloop
  endfacet
  facet normal 0 0 -1
    outer loop
      vertex 15.6729 16.4086 17
      vertex 9.22163 6.59528 17
      vertex 15.3394 16.3422 17
    endloop
  endfacet
  facet normal 0 0 -1
    outer loop
      vertex 9.12492 6.88017 17
      vertex 15.3394 16.3422 17
      vertex 9.22163 6.59528 17
    endloop
  endfacet
  facet normal 0 0 -1
    outer loop
      vertex 8.15 7.99186 17
      vertex 13.7 16.6683 17
      vertex 8.40015 7.82471 17
    endloop
  endfacet
  facet normal -0 0 -1
    outer loop
      vertex 14.005 16.5179 17
      vertex 8.40015 7.82471 17
      vertex 13.7 16.6683 17
    endloop
  endfacet
  facet normal 0 0 -1
    outer loop
      vertex 8.40015 7.82471 17
      vertex 14.005 16.5179 17
      vertex 8.62634 7.62634 17
    endloop
  endfacet
  facet normal -0 0 -1
    outer loop
      vertex 14.3271 16.4086 17
      vertex 8.62634 7.62634 17
      vertex 14.005 16.5179 17
    endloop
  endfacet
  facet normal 0 0 -1
    outer loop
      vertex 8.62634 7.62634 17
      vertex 14.3271 16.4086 17
      vertex 8.82471 7.40015 17
    endloop
  endfacet
  facet normal -0 0 -1
    outer loop
      vertex 14.6606 16.3422 17
      vertex 8.82471 7.40015 17
      vertex 14.3271 16.4086 17
    endloop
  endfacet
  facet normal 0 0 -1
    outer loop
      vertex 8.82471 7.40015 17
      vertex 14.6606 16.3422 17
      vertex 8.99186 7.15 17
    endloop
  endfacet
  facet normal -0 0 -1
    outer loop
      vertex 15 16.32 17
      vertex 8.99186 7.15 17
      vertex 14.6606 16.3422 17
    endloop
  endfacet
  facet normal 0 0 -1
    outer loop
      vertex 8.99186 7.15 17
      vertex 15 16.32 17
      vertex 9.12492 6.88017 17
    endloop
  endfacet
  facet normal 0 0 -1
    outer loop
      vertex 15.3394 16.3422 17
      vertex 9.12492 6.88017 17
      vertex 15 16.32 17
    endloop
  endfacet
  facet normal 0 0 -1
    outer loop
      vertex 9.22163 6.59528 17
      vertex 15.6729 16.4086 17
      vertex 9.28032 6.30021 17
    endloop
  endfacet
  facet normal 0 0 -1
    outer loop
      vertex 8.99186 4.85 17
      vertex 28.4471 13.1244 17
      vertex 29.2168 12.9713 17
    endloop
  endfacet
  facet normal 0 0 -1
    outer loop
      vertex 30.7832 12.9713 17
      vertex 8.40015 4.17529 17
      vertex 30 12.92 17
    endloop
  endfacet
  facet normal 0 0 -1
    outer loop
      vertex 26.3474 14.1599 17
      vertex 9.28032 5.69979 17
      vertex 9.3 6 17
    endloop
  endfacet
  facet normal 0 0 -1
    outer loop
      vertex 27 13.7238 17
      vertex 9.22163 5.40472 17
      vertex 9.28032 5.69979 17
    endloop
  endfacet
  facet normal 0 0 -1
    outer loop
      vertex 27.7039 13.3767 17
      vertex 9.12492 5.11983 17
      vertex 9.22163 5.40472 17
    endloop
  endfacet
  facet normal 0 0 -1
    outer loop
      vertex 28.4471 13.1244 17
      vertex 8.99186 4.85 17
      vertex 9.12492 5.11983 17
    endloop
  endfacet
  facet normal 0 0 -1
    outer loop
      vertex 29.2168 12.9713 17
      vertex 8.82471 4.59985 17
      vertex 8.99186 4.85 17
    endloop
  endfacet
  facet normal 0 0 -1
    outer loop
      vertex 29.2168 12.9713 17
      vertex 8.62634 4.37366 17
      vertex 8.82471 4.59985 17
    endloop
  endfacet
  facet normal -0 0 -1
    outer loop
      vertex 30 12.92 17
      vertex 8.62634 4.37366 17
      vertex 29.2168 12.9713 17
    endloop
  endfacet
  facet normal 0 -0 -1
    outer loop
      vertex 8.62634 4.37366 17
      vertex 30 12.92 17
      vertex 8.40015 4.17529 17
    endloop
  endfacet
  facet normal 0 0 -1
    outer loop
      vertex 109.52 3.87508 17
      vertex 7.88017 3.87508 17
      vertex 8.15 4.00814 17
    endloop
  endfacet
  facet normal 0 0 -1
    outer loop
      vertex 5.2 2.7 17
      vertex 7.88017 3.87508 17
      vertex 112.2 2.7 17
    endloop
  endfacet
  facet normal 0 0 -1
    outer loop
      vertex 7.88017 3.87508 17
      vertex 5.2 2.7 17
      vertex 7.59528 3.77837 17
    endloop
  endfacet
  facet normal 0 0 -1
    outer loop
      vertex 7.59528 3.77837 17
      vertex 5.2 2.7 17
      vertex 7.30021 3.71968 17
    endloop
  endfacet
  facet normal 0 0 -1
    outer loop
      vertex 7.30021 3.71968 17
      vertex 5.2 2.7 17
      vertex 7 3.7 17
    endloop
  endfacet
  facet normal 0 0 -1
    outer loop
      vertex 5.2 2.7 17
      vertex 6.69979 3.71968 17
      vertex 7 3.7 17
    endloop
  endfacet
  facet normal 0 0 -1
    outer loop
      vertex 5.2 2.7 17
      vertex 6.40472 3.77837 17
      vertex 6.69979 3.71968 17
    endloop
  endfacet
  facet normal 0 0 -1
    outer loop
      vertex 5.2 2.7 17
      vertex 6.11983 3.87508 17
      vertex 6.40472 3.77837 17
    endloop
  endfacet
  facet normal 0 0 -1
    outer loop
      vertex 5.2 2.7 17
      vertex 5.85 4.00814 17
      vertex 6.11983 3.87508 17
    endloop
  endfacet
  facet normal 0 0 -1
    outer loop
      vertex 5.2 2.7 17
      vertex 5.59985 4.17529 17
      vertex 5.85 4.00814 17
    endloop
  endfacet
  facet normal 0 0 -1
    outer loop
      vertex 4.87368 2.72139 17
      vertex 5.59985 4.17529 17
      vertex 5.2 2.7 17
    endloop
  endfacet
  facet normal -0 0 -1
    outer loop
      vertex 5.59985 4.17529 17
      vertex 4.87368 2.72139 17
      vertex 5.37366 4.37366 17
    endloop
  endfacet
  facet normal 0 0 -1
    outer loop
      vertex 4.55295 2.78518 17
      vertex 5.37366 4.37366 17
      vertex 4.87368 2.72139 17
    endloop
  endfacet
  facet normal 0 0 -1
    outer loop
      vertex 4.24329 2.8903 17
      vertex 5.37366 4.37366 17
      vertex 4.55295 2.78518 17
    endloop
  endfacet
  facet normal -0 0 -1
    outer loop
      vertex 5.37366 4.37366 17
      vertex 4.24329 2.8903 17
      vertex 5.17529 4.59985 17
    endloop
  endfacet
  facet normal 0 0 -1
    outer loop
      vertex 3.95 3.03494 17
      vertex 5.17529 4.59985 17
      vertex 4.24329 2.8903 17
    endloop
  endfacet
  facet normal 0 0 -1
    outer loop
      vertex 3.6781 3.21662 17
      vertex 5.17529 4.59985 17
      vertex 3.95 3.03494 17
    endloop
  endfacet
  facet normal 0 0 -1
    outer loop
      vertex 3.43223 3.43223 17
      vertex 5.17529 4.59985 17
      vertex 3.6781 3.21662 17
    endloop
  endfacet
  facet normal 0 0 -1
    outer loop
      vertex 3.21662 3.6781 17
      vertex 5.00814 4.85 17
      vertex 3.43223 3.43223 17
    endloop
  endfacet
  facet normal -0 0 -1
    outer loop
      vertex 5.17529 4.59985 17
      vertex 3.43223 3.43223 17
      vertex 5.00814 4.85 17
    endloop
  endfacet
  facet normal 0 0 -1
    outer loop
      vertex 112.68 5.69979 17
      vertex 114.7 5.2 17
      vertex 114.679 4.87368 17
    endloop
  endfacet
  facet normal 0 0 -1
    outer loop
      vertex 112.68 5.69979 17
      vertex 114.679 4.87368 17
      vertex 114.615 4.55295 17
    endloop
  endfacet
  facet normal 0 0 -1
    outer loop
      vertex 112.68 5.69979 17
      vertex 114.615 4.55295 17
      vertex 114.51 4.24329 17
    endloop
  endfacet
  facet normal 0 0 -1
    outer loop
      vertex 112.68 5.69979 17
      vertex 114.51 4.24329 17
      vertex 114.365 3.95 17
    endloop
  endfacet
  facet normal 0 0 -1
    outer loop
      vertex 112.68 5.69979 17
      vertex 114.365 3.95 17
      vertex 114.183 3.6781 17
    endloop
  endfacet
  facet normal 0 0 -1
    outer loop
      vertex 112.68 5.69979 17
      vertex 114.183 3.6781 17
      vertex 113.968 3.43223 17
    endloop
  endfacet
  facet normal 0 0 -1
    outer loop
      vertex 112.68 5.69979 17
      vertex 113.968 3.43223 17
      vertex 113.722 3.21662 17
    endloop
  endfacet
  facet normal 0 0 -1
    outer loop
      vertex 112.68 5.69979 17
      vertex 113.722 3.21662 17
      vertex 113.45 3.03494 17
    endloop
  endfacet
  facet normal 0 0 -1
    outer loop
      vertex 112.68 5.69979 17
      vertex 113.45 3.03494 17
      vertex 113.157 2.8903 17
    endloop
  endfacet
  facet normal 0 0 -1
    outer loop
      vertex 112.026 4.37366 17
      vertex 113.157 2.8903 17
      vertex 112.847 2.78518 17
    endloop
  endfacet
  facet normal 0 0 -1
    outer loop
      vertex 114.7 5.2 17
      vertex 112.7 6 17
      vertex 112.68 6.30021 17
    endloop
  endfacet
  facet normal 0 0 -1
    outer loop
      vertex 114.7 5.2 17
      vertex 112.68 6.30021 17
      vertex 112.622 6.59528 17
    endloop
  endfacet
  facet normal 0 0 -1
    outer loop
      vertex 114.7 5.2 17
      vertex 112.622 6.59528 17
      vertex 112.525 6.88017 17
    endloop
  endfacet
  facet normal 0 0 -1
    outer loop
      vertex 114.7 5.2 17
      vertex 112.525 6.88017 17
      vertex 114.7 10.8993 17
    endloop
  endfacet
  facet normal 0 0 -1
    outer loop
      vertex 112.392 7.15 17
      vertex 114.7 10.8993 17
      vertex 112.525 6.88017 17
    endloop
  endfacet
  facet normal 0 0 -1
    outer loop
      vertex 109.805 8.22163 17
      vertex 112.4 12.9407 17
      vertex 112.4 10.8993 17
    endloop
  endfacet
  facet normal 0 0 -1
    outer loop
      vertex 109 7.82471 17
      vertex 112.4 12.9407 17
      vertex 109.25 7.99186 17
    endloop
  endfacet
  facet normal 0 0 -1
    outer loop
      vertex 112.026 7.62634 17
      vertex 114.7 10.8993 17
      vertex 112.225 7.40015 17
    endloop
  endfacet
  facet normal 0 0 -1
    outer loop
      vertex 112.225 7.40015 17
      vertex 114.7 10.8993 17
      vertex 112.392 7.15 17
    endloop
  endfacet
  facet normal 0 0 -1
    outer loop
      vertex 112.4 12.9407 17
      vertex 114.7 24.8993 17
      vertex 114.7 12.9407 17
    endloop
  endfacet
  facet normal -0 0 -1
    outer loop
      vertex 114.7 24.8993 17
      vertex 112.4 12.9407 17
      vertex 112.4 24.8993 17
    endloop
  endfacet
  facet normal 0 0 -1
    outer loop
      vertex 112.525 30.9598 17
      vertex 114.7 32.64 17
      vertex 114.7 26.9407 17
    endloop
  endfacet
  facet normal 0 -0 -1
    outer loop
      vertex 112.622 31.2447 17
      vertex 114.7 32.64 17
      vertex 112.525 30.9598 17
    endloop
  endfacet
  facet normal 0 -0 -1
    outer loop
      vertex 112.7 31.84 17
      vertex 114.7 32.64 17
      vertex 112.68 31.5398 17
    endloop
  endfacet
  facet normal 0 0 -1
    outer loop
      vertex 112.68 32.1402 17
      vertex 114.7 32.64 17
      vertex 112.7 31.84 17
    endloop
  endfacet
  facet normal 0 0 -1
    outer loop
      vertex 112.622 32.4353 17
      vertex 114.7 32.64 17
      vertex 112.68 32.1402 17
    endloop
  endfacet
  facet normal -0 0 -1
    outer loop
      vertex 114.679 32.9663 17
      vertex 112.622 32.4353 17
      vertex 114.615 33.287 17
    endloop
  endfacet
  facet normal 0 0 -1
    outer loop
      vertex 112.525 32.7202 17
      vertex 114.615 33.287 17
      vertex 112.622 32.4353 17
    endloop
  endfacet
  facet normal -0 0 -1
    outer loop
      vertex 114.51 33.5967 17
      vertex 112.525 32.7202 17
      vertex 114.365 33.89 17
    endloop
  endfacet
  facet normal 0 0 -1
    outer loop
      vertex 112.392 32.99 17
      vertex 114.365 33.89 17
      vertex 112.525 32.7202 17
    endloop
  endfacet
  facet normal -0 0 -1
    outer loop
      vertex 114.365 33.89 17
      vertex 112.392 32.99 17
      vertex 114.183 34.1619 17
    endloop
  endfacet
  facet normal -0 0 -1
    outer loop
      vertex 114.183 34.1619 17
      vertex 112.392 32.99 17
      vertex 113.968 34.4078 17
    endloop
  endfacet
  facet normal -0 0 -1
    outer loop
      vertex 114.615 33.287 17
      vertex 112.525 32.7202 17
      vertex 114.51 33.5967 17
    endloop
  endfacet
  facet normal -0 0 -1
    outer loop
      vertex 114.7 32.64 17
      vertex 112.622 32.4353 17
      vertex 114.679 32.9663 17
    endloop
  endfacet
  facet normal 0 -0 -1
    outer loop
      vertex 112.68 31.5398 17
      vertex 114.7 32.64 17
      vertex 112.622 31.2447 17
    endloop
  endfacet
  facet normal 0 0 -1
    outer loop
      vertex 112.026 30.2137 17
      vertex 114.7 26.9407 17
      vertex 112.4 26.9407 17
    endloop
  endfacet
  facet normal 0 0 -1
    outer loop
      vertex 114.7 26.9407 17
      vertex 112.392 30.69 17
      vertex 112.525 30.9598 17
    endloop
  endfacet
  facet normal -0 0 -1
    outer loop
      vertex 114.7 10.8993 17
      vertex 112.026 7.62634 17
      vertex 112.4 10.8993 17
    endloop
  endfacet
  facet normal 0 0 -1
    outer loop
      vertex 111.8 7.82471 17
      vertex 112.4 10.8993 17
      vertex 112.026 7.62634 17
    endloop
  endfacet
  facet normal 0 0 -1
    outer loop
      vertex 114.7 26.9407 17
      vertex 112.225 30.4398 17
      vertex 112.392 30.69 17
    endloop
  endfacet
  facet normal 0 0 -1
    outer loop
      vertex 111.55 7.99186 17
      vertex 112.4 10.8993 17
      vertex 111.8 7.82471 17
    endloop
  endfacet
  facet normal 0 0 -1
    outer loop
      vertex 114.7 26.9407 17
      vertex 112.026 30.2137 17
      vertex 112.225 30.4398 17
    endloop
  endfacet
  facet normal 0 0 -1
    outer loop
      vertex 111.28 8.12492 17
      vertex 112.4 10.8993 17
      vertex 111.55 7.99186 17
    endloop
  endfacet
  facet normal 0 0 -1
    outer loop
      vertex 112.4 26.9407 17
      vertex 111.8 30.0153 17
      vertex 112.026 30.2137 17
    endloop
  endfacet
  facet normal 0 0 -1
    outer loop
      vertex 110.995 8.22163 17
      vertex 112.4 10.8993 17
      vertex 111.28 8.12492 17
    endloop
  endfacet
  facet normal 0 0 -1
    outer loop
      vertex 112.4 26.9407 17
      vertex 111.55 29.8481 17
      vertex 111.8 30.0153 17
    endloop
  endfacet
  facet normal 0 0 -1
    outer loop
      vertex 110.7 8.28032 17
      vertex 112.4 10.8993 17
      vertex 110.995 8.22163 17
    endloop
  endfacet
  facet normal 0 0 -1
    outer loop
      vertex 112.4 26.9407 17
      vertex 111.28 29.7151 17
      vertex 111.55 29.8481 17
    endloop
  endfacet
  facet normal 0 0 -1
    outer loop
      vertex 110.4 8.3 17
      vertex 112.4 10.8993 17
      vertex 110.7 8.28032 17
    endloop
  endfacet
  facet normal 0 0 -1
    outer loop
      vertex 112.4 26.9407 17
      vertex 110.995 29.6184 17
      vertex 111.28 29.7151 17
    endloop
  endfacet
  facet normal 0 0 -1
    outer loop
      vertex 110.1 8.28032 17
      vertex 112.4 10.8993 17
      vertex 110.4 8.3 17
    endloop
  endfacet
  facet normal 0 0 -1
    outer loop
      vertex 112.4 26.9407 17
      vertex 110.7 29.5597 17
      vertex 110.995 29.6184 17
    endloop
  endfacet
  facet normal 0 0 -1
    outer loop
      vertex 109.805 8.22163 17
      vertex 112.4 10.8993 17
      vertex 110.1 8.28032 17
    endloop
  endfacet
  facet normal 0 0 -1
    outer loop
      vertex 112.4 26.9407 17
      vertex 110.4 29.54 17
      vertex 110.7 29.5597 17
    endloop
  endfacet
  facet normal 0 0 -1
    outer loop
      vertex 112.4 12.9407 17
      vertex 109.805 8.22163 17
      vertex 109.52 8.12492 17
    endloop
  endfacet
  facet normal 0 0 -1
    outer loop
      vertex 112.4 26.9407 17
      vertex 110.1 29.5597 17
      vertex 110.4 29.54 17
    endloop
  endfacet
  facet normal 0 0 -1
    outer loop
      vertex 112.4 12.9407 17
      vertex 109.52 8.12492 17
      vertex 109.25 7.99186 17
    endloop
  endfacet
  facet normal 0 0 -1
    outer loop
      vertex 112.4 26.9407 17
      vertex 109.805 29.6184 17
      vertex 110.1 29.5597 17
    endloop
  endfacet
  facet normal 0 0 -1
    outer loop
      vertex 108.774 7.62634 17
      vertex 112.4 12.9407 17
      vertex 109 7.82471 17
    endloop
  endfacet
  facet normal 0 0 -1
    outer loop
      vertex 112.4 24.8993 17
      vertex 109.805 29.6184 17
      vertex 112.4 26.9407 17
    endloop
  endfacet
  facet normal -0 -0 -1
    outer loop
      vertex 109.52 29.7151 17
      vertex 112.4 24.8993 17
      vertex 109.25 29.8481 17
    endloop
  endfacet
  facet normal -0 -0 -1
    outer loop
      vertex 109.805 29.6184 17
      vertex 112.4 24.8993 17
      vertex 109.52 29.7151 17
    endloop
  endfacet
  facet normal -0 0 -1
    outer loop
      vertex 112.4 12.9407 17
      vertex 108.774 7.62634 17
      vertex 112.4 24.8993 17
    endloop
  endfacet
  facet normal 0 0 -1
    outer loop
      vertex 112.4 24.8993 17
      vertex 109 30.0153 17
      vertex 109.25 29.8481 17
    endloop
  endfacet
  facet normal 0 0 -1
    outer loop
      vertex 108.774 30.2137 17
      vertex 112.4 24.8993 17
      vertex 108.774 7.62634 17
    endloop
  endfacet
  facet normal 0 0 -1
    outer loop
      vertex 112.4 24.8993 17
      vertex 108.774 30.2137 17
      vertex 109 30.0153 17
    endloop
  endfacet
  facet normal 0 0 -1
    outer loop
      vertex 108.575 7.40015 17
      vertex 108.774 30.2137 17
      vertex 108.774 7.62634 17
    endloop
  endfacet
  facet normal 0 0 -1
    outer loop
      vertex 108.575 7.40015 17
      vertex 108.575 30.4398 17
      vertex 108.774 30.2137 17
    endloop
  endfacet
  facet normal 0 0 -1
    outer loop
      vertex 108.408 7.15 17
      vertex 108.575 30.4398 17
      vertex 108.575 7.40015 17
    endloop
  endfacet
  facet normal 0 0 -1
    outer loop
      vertex 108.408 7.15 17
      vertex 108.408 30.69 17
      vertex 108.575 30.4398 17
    endloop
  endfacet
  facet normal 0 0 -1
    outer loop
      vertex 108.275 6.88017 17
      vertex 108.408 30.69 17
      vertex 108.408 7.15 17
    endloop
  endfacet
  facet normal 0 0 -1
    outer loop
      vertex 108.275 6.88017 17
      vertex 108.275 30.9598 17
      vertex 108.408 30.69 17
    endloop
  endfacet
  facet normal 0 0 -1
    outer loop
      vertex 108.178 6.59528 17
      vertex 108.275 30.9598 17
      vertex 108.275 6.88017 17
    endloop
  endfacet
  facet normal 0 0 -1
    outer loop
      vertex 108.178 6.59528 17
      vertex 108.178 31.2447 17
      vertex 108.275 30.9598 17
    endloop
  endfacet
  facet normal 0 0 -1
    outer loop
      vertex 36 18.92 17
      vertex 108.178 6.59528 17
      vertex 108.12 6.30021 17
    endloop
  endfacet
  facet normal 0 0 -1
    outer loop
      vertex 108.178 6.59528 17
      vertex 36 18.92 17
      vertex 108.178 31.2447 17
    endloop
  endfacet
  facet normal 0 0 -1
    outer loop
      vertex 35.7956 17.3671 17
      vertex 108.12 6.30021 17
      vertex 108.1 6 17
    endloop
  endfacet
  facet normal 0 0 -1
    outer loop
      vertex 35.9487 19.7032 17
      vertex 108.178 31.2447 17
      vertex 36 18.92 17
    endloop
  endfacet
  facet normal 0 0 -1
    outer loop
      vertex 112.225 33.2402 17
      vertex 113.968 34.4078 17
      vertex 112.392 32.99 17
    endloop
  endfacet
  facet normal -0 0 -1
    outer loop
      vertex 113.968 34.4078 17
      vertex 112.225 33.2402 17
      vertex 113.722 34.6234 17
    endloop
  endfacet
  facet normal -0 0 -1
    outer loop
      vertex 113.722 34.6234 17
      vertex 112.225 33.2402 17
      vertex 113.45 34.8051 17
    endloop
  endfacet
  facet normal -0 0 -1
    outer loop
      vertex 113.45 34.8051 17
      vertex 112.225 33.2402 17
      vertex 113.157 34.9497 17
    endloop
  endfacet
  facet normal 0 0 -1
    outer loop
      vertex 112.026 33.4663 17
      vertex 113.157 34.9497 17
      vertex 112.225 33.2402 17
    endloop
  endfacet
  facet normal -0 0 -1
    outer loop
      vertex 113.157 34.9497 17
      vertex 112.026 33.4663 17
      vertex 112.847 35.0548 17
    endloop
  endfacet
  facet normal -0 0 -1
    outer loop
      vertex 112.847 35.0548 17
      vertex 112.026 33.4663 17
      vertex 112.526 35.1186 17
    endloop
  endfacet
  facet normal 0 0 -1
    outer loop
      vertex 111.8 33.6647 17
      vertex 112.526 35.1186 17
      vertex 112.026 33.4663 17
    endloop
  endfacet
  facet normal -0 0 -1
    outer loop
      vertex 112.526 35.1186 17
      vertex 111.8 33.6647 17
      vertex 112.2 35.14 17
    endloop
  endfacet
  facet normal 0 0 -1
    outer loop
      vertex 111.55 33.8319 17
      vertex 112.2 35.14 17
      vertex 111.8 33.6647 17
    endloop
  endfacet
  facet normal 0 0 -1
    outer loop
      vertex 111.28 33.9649 17
      vertex 112.2 35.14 17
      vertex 111.55 33.8319 17
    endloop
  endfacet
  facet normal 0 0 -1
    outer loop
      vertex 110.995 34.0616 17
      vertex 112.2 35.14 17
      vertex 111.28 33.9649 17
    endloop
  endfacet
  facet normal 0 0 -1
    outer loop
      vertex 110.7 34.1203 17
      vertex 112.2 35.14 17
      vertex 110.995 34.0616 17
    endloop
  endfacet
  facet normal 0 0 -1
    outer loop
      vertex 110.4 34.14 17
      vertex 112.2 35.14 17
      vertex 110.7 34.1203 17
    endloop
  endfacet
  facet normal 0 0 -1
    outer loop
      vertex 110.1 34.1203 17
      vertex 112.2 35.14 17
      vertex 110.4 34.14 17
    endloop
  endfacet
  facet normal 0 0 -1
    outer loop
      vertex 109.805 34.0616 17
      vertex 112.2 35.14 17
      vertex 110.1 34.1203 17
    endloop
  endfacet
  facet normal 0 0 -1
    outer loop
      vertex 109.52 33.9649 17
      vertex 112.2 35.14 17
      vertex 109.805 34.0616 17
    endloop
  endfacet
  facet normal 0 0 -1
    outer loop
      vertex 35.7956 20.4729 17
      vertex 108.12 31.5398 17
      vertex 35.9487 19.7032 17
    endloop
  endfacet
  facet normal -0 0 -1
    outer loop
      vertex 108.12 31.5398 17
      vertex 35.7956 20.4729 17
      vertex 108.1 31.84 17
    endloop
  endfacet
  facet normal 0 0 -1
    outer loop
      vertex 35.5433 21.2161 17
      vertex 108.1 31.84 17
      vertex 35.7956 20.4729 17
    endloop
  endfacet
  facet normal -0 0 -1
    outer loop
      vertex 108.1 31.84 17
      vertex 35.5433 21.2161 17
      vertex 108.12 32.1402 17
    endloop
  endfacet
  facet normal 0 0 -1
    outer loop
      vertex 35.1962 21.92 17
      vertex 108.12 32.1402 17
      vertex 35.5433 21.2161 17
    endloop
  endfacet
  facet normal -0 0 -1
    outer loop
      vertex 108.12 32.1402 17
      vertex 35.1962 21.92 17
      vertex 108.178 32.4353 17
    endloop
  endfacet
  facet normal 0 0 -1
    outer loop
      vertex 34.7601 22.5726 17
      vertex 108.178 32.4353 17
      vertex 35.1962 21.92 17
    endloop
  endfacet
  facet normal -0 0 -1
    outer loop
      vertex 108.178 32.4353 17
      vertex 34.7601 22.5726 17
      vertex 108.275 32.7202 17
    endloop
  endfacet
  facet normal -0 0 -1
    outer loop
      vertex 108.275 32.7202 17
      vertex 34.7601 22.5726 17
      vertex 108.408 32.99 17
    endloop
  endfacet
  facet normal 0 0 -1
    outer loop
      vertex 34.2426 23.1626 17
      vertex 108.408 32.99 17
      vertex 34.7601 22.5726 17
    endloop
  endfacet
  facet normal -0 0 -1
    outer loop
      vertex 108.408 32.99 17
      vertex 34.2426 23.1626 17
      vertex 108.575 33.2402 17
    endloop
  endfacet
  facet normal 0 0 -1
    outer loop
      vertex 33.6526 23.6801 17
      vertex 108.575 33.2402 17
      vertex 34.2426 23.1626 17
    endloop
  endfacet
  facet normal -0 0 -1
    outer loop
      vertex 108.575 33.2402 17
      vertex 33.6526 23.6801 17
      vertex 108.774 33.4663 17
    endloop
  endfacet
  facet normal 0 0 -1
    outer loop
      vertex 33 24.1162 17
      vertex 108.774 33.4663 17
      vertex 33.6526 23.6801 17
    endloop
  endfacet
  facet normal -0 0 -1
    outer loop
      vertex 108.774 33.4663 17
      vertex 33 24.1162 17
      vertex 109 33.6647 17
    endloop
  endfacet
  facet normal 0 0 -1
    outer loop
      vertex 32.2961 24.4633 17
      vertex 109 33.6647 17
      vertex 33 24.1162 17
    endloop
  endfacet
  facet normal -0 0 -1
    outer loop
      vertex 109 33.6647 17
      vertex 32.2961 24.4633 17
      vertex 109.25 33.8319 17
    endloop
  endfacet
  facet normal 0 0 -1
    outer loop
      vertex 31.5529 24.7156 17
      vertex 109.25 33.8319 17
      vertex 32.2961 24.4633 17
    endloop
  endfacet
  facet normal 0 0 -1
    outer loop
      vertex 8.15 33.8319 17
      vertex 109.25 33.8319 17
      vertex 31.5529 24.7156 17
    endloop
  endfacet
  facet normal 0 0 -1
    outer loop
      vertex 109.25 33.8319 17
      vertex 8.15 33.8319 17
      vertex 109.52 33.9649 17
    endloop
  endfacet
  facet normal 0 0 -1
    outer loop
      vertex 8.15 33.8319 17
      vertex 31.5529 24.7156 17
      vertex 30.7832 24.8687 17
    endloop
  endfacet
  facet normal 0 0 -1
    outer loop
      vertex 8.40015 33.6647 17
      vertex 30.7832 24.8687 17
      vertex 30 24.92 17
    endloop
  endfacet
  facet normal 0 0 -1
    outer loop
      vertex 8.62634 33.4663 17
      vertex 30 24.92 17
      vertex 29.2168 24.8687 17
    endloop
  endfacet
  facet normal 0 0 -1
    outer loop
      vertex 17.5778 19.2594 17
      vertex 24 18.92 17
      vertex 17.6 18.92 17
    endloop
  endfacet
  facet normal 0 0 -1
    outer loop
      vertex 24 18.92 17
      vertex 17.5778 19.2594 17
      vertex 24.0513 19.7032 17
    endloop
  endfacet
  facet normal 0 0 -1
    outer loop
      vertex 17.5114 19.5929 17
      vertex 24.0513 19.7032 17
      vertex 17.5778 19.2594 17
    endloop
  endfacet
  facet normal -0 0 -1
    outer loop
      vertex 24.0513 19.7032 17
      vertex 17.5114 19.5929 17
      vertex 24.2044 20.4729 17
    endloop
  endfacet
  facet normal 0 0 -1
    outer loop
      vertex 17.4021 19.915 17
      vertex 24.2044 20.4729 17
      vertex 17.5114 19.5929 17
    endloop
  endfacet
  facet normal 0 0 -1
    outer loop
      vertex 17.2517 20.22 17
      vertex 24.2044 20.4729 17
      vertex 17.4021 19.915 17
    endloop
  endfacet
  facet normal -0 0 -1
    outer loop
      vertex 24.2044 20.4729 17
      vertex 17.2517 20.22 17
      vertex 24.4567 21.2161 17
    endloop
  endfacet
  facet normal 0 0 -1
    outer loop
      vertex 17.0627 20.5028 17
      vertex 24.4567 21.2161 17
      vertex 17.2517 20.22 17
    endloop
  endfacet
  facet normal -0 0 -1
    outer loop
      vertex 24.4567 21.2161 17
      vertex 17.0627 20.5028 17
      vertex 24.8038 21.92 17
    endloop
  endfacet
  facet normal 0 0 -1
    outer loop
      vertex 16.8385 20.7585 17
      vertex 24.8038 21.92 17
      vertex 17.0627 20.5028 17
    endloop
  endfacet
  facet normal 0 0 -1
    outer loop
      vertex 16.5828 20.9827 17
      vertex 24.8038 21.92 17
      vertex 16.8385 20.7585 17
    endloop
  endfacet
  facet normal -0 0 -1
    outer loop
      vertex 24.8038 21.92 17
      vertex 16.5828 20.9827 17
      vertex 25.2399 22.5726 17
    endloop
  endfacet
  facet normal 0 0 -1
    outer loop
      vertex 16.3 21.1717 17
      vertex 25.2399 22.5726 17
      vertex 16.5828 20.9827 17
    endloop
  endfacet
  facet normal -0 0 -1
    outer loop
      vertex 25.2399 22.5726 17
      vertex 16.3 21.1717 17
      vertex 25.7574 23.1626 17
    endloop
  endfacet
  facet normal 0 0 -1
    outer loop
      vertex 15.995 21.3221 17
      vertex 25.7574 23.1626 17
      vertex 16.3 21.1717 17
    endloop
  endfacet
  facet normal 0 0 -1
    outer loop
      vertex 9.28032 31.5398 17
      vertex 25.7574 23.1626 17
      vertex 15.995 21.3221 17
    endloop
  endfacet
  facet normal 0 0 -1
    outer loop
      vertex 25.7574 23.1626 17
      vertex 9.28032 31.5398 17
      vertex 26.3474 23.6801 17
    endloop
  endfacet
  facet normal 0 -0 -1
    outer loop
      vertex 9.3 31.84 17
      vertex 26.3474 23.6801 17
      vertex 9.28032 31.5398 17
    endloop
  endfacet
  facet normal 0 0 -1
    outer loop
      vertex 26.3474 23.6801 17
      vertex 9.28032 32.1402 17
      vertex 27 24.1162 17
    endloop
  endfacet
  facet normal 0 0 -1
    outer loop
      vertex 9.28032 31.5398 17
      vertex 15.995 21.3221 17
      vertex 15.6729 21.4314 17
    endloop
  endfacet
  facet normal 0 0 -1
    outer loop
      vertex 9.28032 31.5398 17
      vertex 15.6729 21.4314 17
      vertex 15.3394 21.4978 17
    endloop
  endfacet
  facet normal 0 0 -1
    outer loop
      vertex 9.28032 31.5398 17
      vertex 15.3394 21.4978 17
      vertex 15 21.52 17
    endloop
  endfacet
  facet normal 0 0 -1
    outer loop
      vertex 9.28032 31.5398 17
      vertex 15 21.52 17
      vertex 14.6606 21.4978 17
    endloop
  endfacet
  facet normal 0 0 -1
    outer loop
      vertex 9.28032 31.5398 17
      vertex 14.6606 21.4978 17
      vertex 14.3271 21.4314 17
    endloop
  endfacet
  facet normal -0 0 -1
    outer loop
      vertex 13.7 16.6683 17
      vertex 8.15 7.99186 17
      vertex 13.4172 16.8573 17
    endloop
  endfacet
  facet normal 0 0 -1
    outer loop
      vertex 7.88017 8.12492 17
      vertex 13.4172 16.8573 17
      vertex 8.15 7.99186 17
    endloop
  endfacet
  facet normal -0 0 -1
    outer loop
      vertex 13.4172 16.8573 17
      vertex 7.88017 8.12492 17
      vertex 13.1615 17.0815 17
    endloop
  endfacet
  facet normal 0 0 -1
    outer loop
      vertex 9.28032 31.5398 17
      vertex 12.5979 19.915 17
      vertex 12.4886 19.5929 17
    endloop
  endfacet
  facet normal 0 0 -1
    outer loop
      vertex 9.28032 31.5398 17
      vertex 12.7483 20.22 17
      vertex 12.5979 19.915 17
    endloop
  endfacet
  facet normal 0 0 -1
    outer loop
      vertex 9.28032 31.5398 17
      vertex 12.9373 20.5028 17
      vertex 12.7483 20.22 17
    endloop
  endfacet
  facet normal 0 0 -1
    outer loop
      vertex 9.28032 31.5398 17
      vertex 13.1615 20.7585 17
      vertex 12.9373 20.5028 17
    endloop
  endfacet
  facet normal 0 0 -1
    outer loop
      vertex 9.28032 31.5398 17
      vertex 13.4172 20.9827 17
      vertex 13.1615 20.7585 17
    endloop
  endfacet
  facet normal 0 0 -1
    outer loop
      vertex 9.28032 31.5398 17
      vertex 13.7 21.1717 17
      vertex 13.4172 20.9827 17
    endloop
  endfacet
  facet normal 0 0 -1
    outer loop
      vertex 9.28032 31.5398 17
      vertex 14.005 21.3221 17
      vertex 13.7 21.1717 17
    endloop
  endfacet
  facet normal 0 0 -1
    outer loop
      vertex 9.28032 31.5398 17
      vertex 14.3271 21.4314 17
      vertex 14.005 21.3221 17
    endloop
  endfacet
  facet normal 0 0 -1
    outer loop
      vertex 9.28032 32.1402 17
      vertex 26.3474 23.6801 17
      vertex 9.3 31.84 17
    endloop
  endfacet
  facet normal 0 0 -1
    outer loop
      vertex 27 24.1162 17
      vertex 9.22163 32.4353 17
      vertex 27.7039 24.4633 17
    endloop
  endfacet
  facet normal 0 0 -1
    outer loop
      vertex 9.12492 32.7202 17
      vertex 27.7039 24.4633 17
      vertex 9.22163 32.4353 17
    endloop
  endfacet
  facet normal 0 0 -1
    outer loop
      vertex 27.7039 24.4633 17
      vertex 9.12492 32.7202 17
      vertex 28.4471 24.7156 17
    endloop
  endfacet
  facet normal 0 0 -1
    outer loop
      vertex 8.99186 32.99 17
      vertex 28.4471 24.7156 17
      vertex 9.12492 32.7202 17
    endloop
  endfacet
  facet normal 0 0 -1
    outer loop
      vertex 28.4471 24.7156 17
      vertex 8.99186 32.99 17
      vertex 29.2168 24.8687 17
    endloop
  endfacet
  facet normal 0 0 -1
    outer loop
      vertex 8.82471 33.2402 17
      vertex 29.2168 24.8687 17
      vertex 8.99186 32.99 17
    endloop
  endfacet
  facet normal 0 0 -1
    outer loop
      vertex 8.62634 33.4663 17
      vertex 29.2168 24.8687 17
      vertex 8.82471 33.2402 17
    endloop
  endfacet
  facet normal 0 0 -1
    outer loop
      vertex 30 24.92 17
      vertex 8.62634 33.4663 17
      vertex 8.40015 33.6647 17
    endloop
  endfacet
  facet normal 0 0 -1
    outer loop
      vertex 30.7832 24.8687 17
      vertex 8.40015 33.6647 17
      vertex 8.15 33.8319 17
    endloop
  endfacet
  facet normal 0 0 -1
    outer loop
      vertex 7.88017 33.9649 17
      vertex 109.52 33.9649 17
      vertex 8.15 33.8319 17
    endloop
  endfacet
  facet normal 0 0 -1
    outer loop
      vertex 109.52 33.9649 17
      vertex 7.88017 33.9649 17
      vertex 112.2 35.14 17
    endloop
  endfacet
  facet normal 0 0 -1
    outer loop
      vertex 5.2 35.14 17
      vertex 7.88017 33.9649 17
      vertex 7.59528 34.0616 17
    endloop
  endfacet
  facet normal 0 0 -1
    outer loop
      vertex 5.2 35.14 17
      vertex 7.59528 34.0616 17
      vertex 7.30021 34.1203 17
    endloop
  endfacet
  facet normal 0 0 -1
    outer loop
      vertex 5.2 35.14 17
      vertex 7.30021 34.1203 17
      vertex 7 34.14 17
    endloop
  endfacet
  facet normal 0 0 -1
    outer loop
      vertex 7.88017 33.9649 17
      vertex 5.2 35.14 17
      vertex 112.2 35.14 17
    endloop
  endfacet
  facet normal 0 0 -1
    outer loop
      vertex 6.69979 34.1203 17
      vertex 5.2 35.14 17
      vertex 7 34.14 17
    endloop
  endfacet
  facet normal 0 0 -1
    outer loop
      vertex 6.40472 34.0616 17
      vertex 5.2 35.14 17
      vertex 6.69979 34.1203 17
    endloop
  endfacet
  facet normal 0 0 -1
    outer loop
      vertex 6.11983 33.9649 17
      vertex 5.2 35.14 17
      vertex 6.40472 34.0616 17
    endloop
  endfacet
  facet normal 0 0 -1
    outer loop
      vertex 5.85 33.8319 17
      vertex 5.2 35.14 17
      vertex 6.11983 33.9649 17
    endloop
  endfacet
  facet normal 0 0 -1
    outer loop
      vertex 5.59985 33.6647 17
      vertex 5.2 35.14 17
      vertex 5.85 33.8319 17
    endloop
  endfacet
  facet normal 0 0 -1
    outer loop
      vertex 4.87368 35.1186 17
      vertex 5.59985 33.6647 17
      vertex 5.37366 33.4663 17
    endloop
  endfacet
  facet normal 0 0 -1
    outer loop
      vertex 4.24329 34.9497 17
      vertex 5.37366 33.4663 17
      vertex 5.17529 33.2402 17
    endloop
  endfacet
  facet normal 0 0 -1
    outer loop
      vertex 3.43223 34.4078 17
      vertex 5.17529 33.2402 17
      vertex 5.00814 32.99 17
    endloop
  endfacet
  facet normal 0 0 -1
    outer loop
      vertex 3.03494 33.89 17
      vertex 5.00814 32.99 17
      vertex 4.87508 32.7202 17
    endloop
  endfacet
  facet normal 0 0 -1
    outer loop
      vertex 5.59985 33.6647 17
      vertex 4.87368 35.1186 17
      vertex 5.2 35.14 17
    endloop
  endfacet
  facet normal 0 0 -1
    outer loop
      vertex 2.78518 33.287 17
      vertex 4.87508 32.7202 17
      vertex 4.77837 32.4353 17
    endloop
  endfacet
  facet normal 0 0 -1
    outer loop
      vertex 2.7 32.64 17
      vertex 4.77837 32.4353 17
      vertex 4.71968 32.1402 17
    endloop
  endfacet
  facet normal 0 0 -1
    outer loop
      vertex 2.7 32.64 17
      vertex 4.71968 32.1402 17
      vertex 4.7 31.84 17
    endloop
  endfacet
  facet normal 0 0 -1
    outer loop
      vertex 5.37366 33.4663 17
      vertex 4.55295 35.0548 17
      vertex 4.87368 35.1186 17
    endloop
  endfacet
  facet normal -0 0 -1
    outer loop
      vertex 4.7 6 17
      vertex 2.7 5.2 17
      vertex 4.7 31.84 17
    endloop
  endfacet
  facet normal 0 0 -1
    outer loop
      vertex 3.03494 3.95 17
      vertex 5.00814 4.85 17
      vertex 3.21662 3.6781 17
    endloop
  endfacet
  facet normal 0 0 -1
    outer loop
      vertex 2.7 32.64 17
      vertex 4.7 31.84 17
      vertex 2.7 5.2 17
    endloop
  endfacet
  facet normal -0 0 -1
    outer loop
      vertex 5.00814 4.85 17
      vertex 3.03494 3.95 17
      vertex 4.87508 5.11983 17
    endloop
  endfacet
  facet normal 0 0 -1
    outer loop
      vertex 4.77837 32.4353 17
      vertex 2.7 32.64 17
      vertex 2.72139 32.9663 17
    endloop
  endfacet
  facet normal 0 0 -1
    outer loop
      vertex 2.8903 4.24329 17
      vertex 4.87508 5.11983 17
      vertex 3.03494 3.95 17
    endloop
  endfacet
  facet normal 0 0 -1
    outer loop
      vertex 5.37366 33.4663 17
      vertex 4.24329 34.9497 17
      vertex 4.55295 35.0548 17
    endloop
  endfacet
  facet normal 0 0 -1
    outer loop
      vertex 2.78518 4.55295 17
      vertex 4.87508 5.11983 17
      vertex 2.8903 4.24329 17
    endloop
  endfacet
  facet normal 0 0 -1
    outer loop
      vertex 5.17529 33.2402 17
      vertex 3.95 34.8051 17
      vertex 4.24329 34.9497 17
    endloop
  endfacet
  facet normal -0 0 -1
    outer loop
      vertex 4.87508 5.11983 17
      vertex 2.78518 4.55295 17
      vertex 4.77837 5.40472 17
    endloop
  endfacet
  facet normal 0 0 -1
    outer loop
      vertex 5.17529 33.2402 17
      vertex 3.6781 34.6234 17
      vertex 3.95 34.8051 17
    endloop
  endfacet
  facet normal 0 0 -1
    outer loop
      vertex 2.72139 4.87368 17
      vertex 4.77837 5.40472 17
      vertex 2.78518 4.55295 17
    endloop
  endfacet
  facet normal 0 0 -1
    outer loop
      vertex 5.17529 33.2402 17
      vertex 3.43223 34.4078 17
      vertex 3.6781 34.6234 17
    endloop
  endfacet
  facet normal 0 0 -1
    outer loop
      vertex 2.7 5.2 17
      vertex 4.77837 5.40472 17
      vertex 2.72139 4.87368 17
    endloop
  endfacet
  facet normal 0 0 -1
    outer loop
      vertex 5.00814 32.99 17
      vertex 3.21662 34.1619 17
      vertex 3.43223 34.4078 17
    endloop
  endfacet
  facet normal -0 0 -1
    outer loop
      vertex 4.77837 5.40472 17
      vertex 2.7 5.2 17
      vertex 4.71968 5.69979 17
    endloop
  endfacet
  facet normal 0 0 -1
    outer loop
      vertex 5.00814 32.99 17
      vertex 3.03494 33.89 17
      vertex 3.21662 34.1619 17
    endloop
  endfacet
  facet normal -0 0 -1
    outer loop
      vertex 4.71968 5.69979 17
      vertex 2.7 5.2 17
      vertex 4.7 6 17
    endloop
  endfacet
  facet normal 0 0 -1
    outer loop
      vertex 4.87508 32.7202 17
      vertex 2.8903 33.5967 17
      vertex 3.03494 33.89 17
    endloop
  endfacet
  facet normal 0 0 -1
    outer loop
      vertex 4.87508 32.7202 17
      vertex 2.78518 33.287 17
      vertex 2.8903 33.5967 17
    endloop
  endfacet
  facet normal 0 0 -1
    outer loop
      vertex 4.77837 32.4353 17
      vertex 2.72139 32.9663 17
      vertex 2.78518 33.287 17
    endloop
  endfacet
  facet normal 0 0 -1
    outer loop
      vertex 7.59528 8.22163 17
      vertex 13.1615 17.0815 17
      vertex 7.88017 8.12492 17
    endloop
  endfacet
  facet normal 0 0 -1
    outer loop
      vertex 9.22163 32.4353 17
      vertex 27 24.1162 17
      vertex 9.28032 32.1402 17
    endloop
  endfacet
  facet normal -0 0 -1
    outer loop
      vertex 13.1615 17.0815 17
      vertex 7.59528 8.22163 17
      vertex 12.9373 17.3372 17
    endloop
  endfacet
  facet normal 0 0 -1
    outer loop
      vertex 12.4886 19.5929 17
      vertex 9.22163 31.2447 17
      vertex 9.28032 31.5398 17
    endloop
  endfacet
  facet normal 0 0 -1
    outer loop
      vertex 7.30021 8.28032 17
      vertex 12.9373 17.3372 17
      vertex 7.59528 8.22163 17
    endloop
  endfacet
  facet normal 0 0 -1
    outer loop
      vertex 12.4886 19.5929 17
      vertex 9.12492 30.9598 17
      vertex 9.22163 31.2447 17
    endloop
  endfacet
  facet normal -0 0 -1
    outer loop
      vertex 12.9373 17.3372 17
      vertex 7.30021 8.28032 17
      vertex 12.7483 17.62 17
    endloop
  endfacet
  facet normal 0 0 -1
    outer loop
      vertex 12.4886 19.5929 17
      vertex 8.99186 30.69 17
      vertex 9.12492 30.9598 17
    endloop
  endfacet
  facet normal 0 0 -1
    outer loop
      vertex 7 8.3 17
      vertex 12.7483 17.62 17
      vertex 7.30021 8.28032 17
    endloop
  endfacet
  facet normal 0 0 -1
    outer loop
      vertex 12.4886 19.5929 17
      vertex 8.82471 30.4398 17
      vertex 8.99186 30.69 17
    endloop
  endfacet
  facet normal -0 0 -1
    outer loop
      vertex 12.7483 17.62 17
      vertex 7 8.3 17
      vertex 12.5979 17.925 17
    endloop
  endfacet
  facet normal 0 0 -1
    outer loop
      vertex 12.4886 19.5929 17
      vertex 8.62634 30.2137 17
      vertex 8.82471 30.4398 17
    endloop
  endfacet
  facet normal 0 0 -1
    outer loop
      vertex 6.69979 8.28032 17
      vertex 12.5979 17.925 17
      vertex 7 8.3 17
    endloop
  endfacet
  facet normal 0 0 -1
    outer loop
      vertex 12.4886 19.5929 17
      vertex 8.40015 30.0153 17
      vertex 8.62634 30.2137 17
    endloop
  endfacet
  facet normal -0 0 -1
    outer loop
      vertex 12.5979 17.925 17
      vertex 6.69979 8.28032 17
      vertex 12.4886 18.2471 17
    endloop
  endfacet
  facet normal 0 0 -1
    outer loop
      vertex 12.4886 19.5929 17
      vertex 8.15 29.8481 17
      vertex 8.40015 30.0153 17
    endloop
  endfacet
  facet normal 0 0 -1
    outer loop
      vertex 6.40472 8.22163 17
      vertex 12.4886 18.2471 17
      vertex 6.69979 8.28032 17
    endloop
  endfacet
  facet normal 0 0 -1
    outer loop
      vertex 12.4886 19.5929 17
      vertex 7.88017 29.7151 17
      vertex 8.15 29.8481 17
    endloop
  endfacet
  facet normal -0 0 -1
    outer loop
      vertex 12.4886 18.2471 17
      vertex 6.40472 8.22163 17
      vertex 12.4222 18.5806 17
    endloop
  endfacet
  facet normal 0 0 -1
    outer loop
      vertex 12.4886 19.5929 17
      vertex 7.59528 29.6184 17
      vertex 7.88017 29.7151 17
    endloop
  endfacet
  facet normal 0 0 -1
    outer loop
      vertex 6.11983 8.12492 17
      vertex 12.4222 18.5806 17
      vertex 6.40472 8.22163 17
    endloop
  endfacet
  facet normal 0 0 -1
    outer loop
      vertex 12.4886 19.5929 17
      vertex 7.30021 29.5597 17
      vertex 7.59528 29.6184 17
    endloop
  endfacet
  facet normal -0 0 -1
    outer loop
      vertex 12.4222 18.5806 17
      vertex 6.11983 8.12492 17
      vertex 12.4 18.92 17
    endloop
  endfacet
  facet normal 0 0 -1
    outer loop
      vertex 12.4886 19.5929 17
      vertex 7 29.54 17
      vertex 7.30021 29.5597 17
    endloop
  endfacet
  facet normal 0 0 -1
    outer loop
      vertex 5.85 7.99186 17
      vertex 12.4 18.92 17
      vertex 6.11983 8.12492 17
    endloop
  endfacet
  facet normal 0 0 -1
    outer loop
      vertex 12.4886 19.5929 17
      vertex 6.69979 29.5597 17
      vertex 7 29.54 17
    endloop
  endfacet
  facet normal 0 0 -1
    outer loop
      vertex 5.85 29.8481 17
      vertex 12.4 18.92 17
      vertex 5.85 7.99186 17
    endloop
  endfacet
  facet normal 0 0 -1
    outer loop
      vertex 12.4886 19.5929 17
      vertex 6.40472 29.6184 17
      vertex 6.69979 29.5597 17
    endloop
  endfacet
  facet normal -0 -0 -1
    outer loop
      vertex 6.11983 29.7151 17
      vertex 12.4 18.92 17
      vertex 5.85 29.8481 17
    endloop
  endfacet
  facet normal 0 0 -1
    outer loop
      vertex 12.4222 19.2594 17
      vertex 6.40472 29.6184 17
      vertex 12.4886 19.5929 17
    endloop
  endfacet
  facet normal 0 0 -1
    outer loop
      vertex 12.4 18.92 17
      vertex 6.11983 29.7151 17
      vertex 12.4222 19.2594 17
    endloop
  endfacet
  facet normal -0 -0 -1
    outer loop
      vertex 6.40472 29.6184 17
      vertex 12.4222 19.2594 17
      vertex 6.11983 29.7151 17
    endloop
  endfacet
  facet normal 0 0 -1
    outer loop
      vertex 5.59985 7.82471 17
      vertex 5.85 29.8481 17
      vertex 5.85 7.99186 17
    endloop
  endfacet
  facet normal 0 0 -1
    outer loop
      vertex 5.59985 7.82471 17
      vertex 5.59985 30.0153 17
      vertex 5.85 29.8481 17
    endloop
  endfacet
  facet normal 0 0 -1
    outer loop
      vertex 5.37366 7.62634 17
      vertex 5.59985 30.0153 17
      vertex 5.59985 7.82471 17
    endloop
  endfacet
  facet normal 0 0 -1
    outer loop
      vertex 5.37366 7.62634 17
      vertex 5.37366 30.2137 17
      vertex 5.59985 30.0153 17
    endloop
  endfacet
  facet normal 0 0 -1
    outer loop
      vertex 5.17529 7.40015 17
      vertex 5.37366 30.2137 17
      vertex 5.37366 7.62634 17
    endloop
  endfacet
  facet normal 0 0 -1
    outer loop
      vertex 5.17529 7.40015 17
      vertex 5.17529 30.4398 17
      vertex 5.37366 30.2137 17
    endloop
  endfacet
  facet normal 0 0 -1
    outer loop
      vertex 5.00814 7.15 17
      vertex 5.17529 30.4398 17
      vertex 5.17529 7.40015 17
    endloop
  endfacet
  facet normal 0 0 -1
    outer loop
      vertex 5.00814 7.15 17
      vertex 5.00814 30.69 17
      vertex 5.17529 30.4398 17
    endloop
  endfacet
  facet normal 0 0 -1
    outer loop
      vertex 4.87508 6.88017 17
      vertex 5.00814 30.69 17
      vertex 5.00814 7.15 17
    endloop
  endfacet
  facet normal 0 0 -1
    outer loop
      vertex 4.87508 6.88017 17
      vertex 4.87508 30.9598 17
      vertex 5.00814 30.69 17
    endloop
  endfacet
  facet normal 0 0 -1
    outer loop
      vertex 4.77837 6.59528 17
      vertex 4.87508 30.9598 17
      vertex 4.87508 6.88017 17
    endloop
  endfacet
  facet normal 0 0 -1
    outer loop
      vertex 4.77837 6.59528 17
      vertex 4.77837 31.2447 17
      vertex 4.87508 30.9598 17
    endloop
  endfacet
  facet normal 0 0 -1
    outer loop
      vertex 4.71968 6.30021 17
      vertex 4.77837 31.2447 17
      vertex 4.77837 6.59528 17
    endloop
  endfacet
  facet normal 0 0 -1
    outer loop
      vertex 4.71968 6.30021 17
      vertex 4.71968 31.5398 17
      vertex 4.77837 31.2447 17
    endloop
  endfacet
  facet normal 0 0 -1
    outer loop
      vertex 4.7 6 17
      vertex 4.71968 31.5398 17
      vertex 4.71968 6.30021 17
    endloop
  endfacet
  facet normal -0 0 -1
    outer loop
      vertex 4.71968 31.5398 17
      vertex 4.7 6 17
      vertex 4.7 31.84 17
    endloop
  endfacet
  facet normal -0.065428 0.997857 0
    outer loop
      vertex 7.15663 4.81027 18.8
      vertex 7 4.8 19.2
      vertex 7.15663 4.81027 19.2
    endloop
  endfacet
  facet normal -0.065428 0.997857 0
    outer loop
      vertex 7 4.8 19.2
      vertex 7.15663 4.81027 18.8
      vertex 7 4.8 18.8
    endloop
  endfacet
  facet normal -0.980788 -0.195075 0
    outer loop
      vertex 8.18973 6.15663 18.8
      vertex 8.15911 6.31058 19.2
      vertex 8.15911 6.31058 18.8
    endloop
  endfacet
  facet normal -0.980788 -0.195075 0
    outer loop
      vertex 8.15911 6.31058 19.2
      vertex 8.18973 6.15663 18.8
      vertex 8.18973 6.15663 19.2
    endloop
  endfacet
  facet normal -0.997857 -0.065428 0
    outer loop
      vertex 8.2 6 18.8
      vertex 8.18973 6.15663 19.2
      vertex 8.18973 6.15663 18.8
    endloop
  endfacet
  facet normal -0.997857 -0.065428 0
    outer loop
      vertex 8.18973 6.15663 19.2
      vertex 8.2 6 18.8
      vertex 8.2 6 19.2
    endloop
  endfacet
  facet normal -0.946923 -0.32146 0
    outer loop
      vertex 8.15911 6.31058 18.8
      vertex 8.10865 6.45922 19.2
      vertex 8.10865 6.45922 18.8
    endloop
  endfacet
  facet normal -0.946923 -0.32146 0
    outer loop
      vertex 8.10865 6.45922 19.2
      vertex 8.15911 6.31058 18.8
      vertex 8.15911 6.31058 19.2
    endloop
  endfacet
  facet normal -0.065428 -0.997857 0
    outer loop
      vertex 7 7.2 18.8
      vertex 7.15663 7.18973 19.2
      vertex 7 7.2 19.2
    endloop
  endfacet
  facet normal -0.065428 -0.997857 -0
    outer loop
      vertex 7.15663 7.18973 19.2
      vertex 7 7.2 18.8
      vertex 7.15663 7.18973 18.8
    endloop
  endfacet
  facet normal 0.659307 0.751874 -0
    outer loop
      vertex 6.26949 5.04798 18.8
      vertex 6.15147 5.15147 19.2
      vertex 6.26949 5.04798 19.2
    endloop
  endfacet
  facet normal 0.659307 0.751874 0
    outer loop
      vertex 6.15147 5.15147 19.2
      vertex 6.26949 5.04798 18.8
      vertex 6.15147 5.15147 18.8
    endloop
  endfacet
  facet normal 0.997857 0.065428 0
    outer loop
      vertex 5.81027 5.84337 19.2
      vertex 5.8 6 18.8
      vertex 5.8 6 19.2
    endloop
  endfacet
  facet normal 0.997857 0.065428 0
    outer loop
      vertex 5.8 6 18.8
      vertex 5.81027 5.84337 19.2
      vertex 5.81027 5.84337 18.8
    endloop
  endfacet
  facet normal 0.659307 -0.751874 0
    outer loop
      vertex 6.15147 6.84853 18.8
      vertex 6.26949 6.95202 19.2
      vertex 6.15147 6.84853 19.2
    endloop
  endfacet
  facet normal 0.659307 -0.751874 0
    outer loop
      vertex 6.26949 6.95202 19.2
      vertex 6.15147 6.84853 18.8
      vertex 6.26949 6.95202 18.8
    endloop
  endfacet
  facet normal -0.751874 -0.659307 0
    outer loop
      vertex 7.95202 6.73051 18.8
      vertex 7.84853 6.84853 19.2
      vertex 7.84853 6.84853 18.8
    endloop
  endfacet
  facet normal -0.751874 -0.659307 0
    outer loop
      vertex 7.84853 6.84853 19.2
      vertex 7.95202 6.73051 18.8
      vertex 7.95202 6.73051 19.2
    endloop
  endfacet
  facet normal -0.997857 0.065428 0
    outer loop
      vertex 8.18973 5.84337 18.8
      vertex 8.2 6 19.2
      vertex 8.2 6 18.8
    endloop
  endfacet
  facet normal -0.997857 0.065428 0
    outer loop
      vertex 8.2 6 19.2
      vertex 8.18973 5.84337 18.8
      vertex 8.18973 5.84337 19.2
    endloop
  endfacet
  facet normal -0.442263 -0.896885 0
    outer loop
      vertex 7.45922 7.10865 18.8
      vertex 7.6 7.03923 19.2
      vertex 7.45922 7.10865 19.2
    endloop
  endfacet
  facet normal -0.442263 -0.896885 -0
    outer loop
      vertex 7.6 7.03923 19.2
      vertex 7.45922 7.10865 18.8
      vertex 7.6 7.03923 18.8
    endloop
  endfacet
  facet normal -0.896885 0.442263 0
    outer loop
      vertex 8.03923 5.4 18.8
      vertex 8.10865 5.54078 19.2
      vertex 8.10865 5.54078 18.8
    endloop
  endfacet
  facet normal -0.896885 0.442263 0
    outer loop
      vertex 8.10865 5.54078 19.2
      vertex 8.03923 5.4 18.8
      vertex 8.03923 5.4 19.2
    endloop
  endfacet
  facet normal 0.32146 0.946923 -0
    outer loop
      vertex 6.68942 4.84089 18.8
      vertex 6.54078 4.89135 19.2
      vertex 6.68942 4.84089 19.2
    endloop
  endfacet
  facet normal 0.32146 0.946923 0
    outer loop
      vertex 6.54078 4.89135 19.2
      vertex 6.68942 4.84089 18.8
      vertex 6.54078 4.89135 18.8
    endloop
  endfacet
  facet normal -0.831452 -0.555597 0
    outer loop
      vertex 8.03923 6.6 18.8
      vertex 7.95202 6.73051 19.2
      vertex 7.95202 6.73051 18.8
    endloop
  endfacet
  facet normal -0.831452 -0.555597 0
    outer loop
      vertex 7.95202 6.73051 19.2
      vertex 8.03923 6.6 18.8
      vertex 8.03923 6.6 19.2
    endloop
  endfacet
  facet normal -0.896885 -0.442263 0
    outer loop
      vertex 8.10865 6.45922 18.8
      vertex 8.03923 6.6 19.2
      vertex 8.03923 6.6 18.8
    endloop
  endfacet
  facet normal -0.896885 -0.442263 0
    outer loop
      vertex 8.03923 6.6 19.2
      vertex 8.10865 6.45922 18.8
      vertex 8.10865 6.45922 19.2
    endloop
  endfacet
  facet normal 0.831452 0.555597 0
    outer loop
      vertex 6.04798 5.26949 19.2
      vertex 5.96077 5.4 18.8
      vertex 5.96077 5.4 19.2
    endloop
  endfacet
  facet normal 0.831452 0.555597 0
    outer loop
      vertex 5.96077 5.4 18.8
      vertex 6.04798 5.26949 19.2
      vertex 6.04798 5.26949 18.8
    endloop
  endfacet
  facet normal -0.442263 0.896885 0
    outer loop
      vertex 7.6 4.96077 18.8
      vertex 7.45922 4.89135 19.2
      vertex 7.6 4.96077 19.2
    endloop
  endfacet
  facet normal -0.442263 0.896885 0
    outer loop
      vertex 7.45922 4.89135 19.2
      vertex 7.6 4.96077 18.8
      vertex 7.45922 4.89135 18.8
    endloop
  endfacet
  facet normal 0.997857 -0.065428 0
    outer loop
      vertex 5.8 6 19.2
      vertex 5.81027 6.15663 18.8
      vertex 5.81027 6.15663 19.2
    endloop
  endfacet
  facet normal 0.997857 -0.065428 0
    outer loop
      vertex 5.81027 6.15663 18.8
      vertex 5.8 6 19.2
      vertex 5.8 6 18.8
    endloop
  endfacet
  facet normal 0.442263 -0.896885 0
    outer loop
      vertex 6.4 7.03923 18.8
      vertex 6.54078 7.10865 19.2
      vertex 6.4 7.03923 19.2
    endloop
  endfacet
  facet normal 0.442263 -0.896885 0
    outer loop
      vertex 6.54078 7.10865 19.2
      vertex 6.4 7.03923 18.8
      vertex 6.54078 7.10865 18.8
    endloop
  endfacet
  facet normal -0.195075 -0.980788 0
    outer loop
      vertex 7.15663 7.18973 18.8
      vertex 7.31058 7.15911 19.2
      vertex 7.15663 7.18973 19.2
    endloop
  endfacet
  facet normal -0.195075 -0.980788 -0
    outer loop
      vertex 7.31058 7.15911 19.2
      vertex 7.15663 7.18973 18.8
      vertex 7.31058 7.15911 18.8
    endloop
  endfacet
  facet normal 0.751874 -0.659307 0
    outer loop
      vertex 6.04798 6.73051 19.2
      vertex 6.15147 6.84853 18.8
      vertex 6.15147 6.84853 19.2
    endloop
  endfacet
  facet normal 0.751874 -0.659307 0
    outer loop
      vertex 6.15147 6.84853 18.8
      vertex 6.04798 6.73051 19.2
      vertex 6.04798 6.73051 18.8
    endloop
  endfacet
  facet normal -0.946923 0.32146 0
    outer loop
      vertex 8.10865 5.54078 18.8
      vertex 8.15911 5.68942 19.2
      vertex 8.15911 5.68942 18.8
    endloop
  endfacet
  facet normal -0.946923 0.32146 0
    outer loop
      vertex 8.15911 5.68942 19.2
      vertex 8.10865 5.54078 18.8
      vertex 8.10865 5.54078 19.2
    endloop
  endfacet
  facet normal 0.980788 -0.195075 0
    outer loop
      vertex 5.81027 6.15663 19.2
      vertex 5.84089 6.31058 18.8
      vertex 5.84089 6.31058 19.2
    endloop
  endfacet
  facet normal 0.980788 -0.195075 0
    outer loop
      vertex 5.84089 6.31058 18.8
      vertex 5.81027 6.15663 19.2
      vertex 5.81027 6.15663 18.8
    endloop
  endfacet
  facet normal 0.442263 0.896885 -0
    outer loop
      vertex 6.54078 4.89135 18.8
      vertex 6.4 4.96077 19.2
      vertex 6.54078 4.89135 19.2
    endloop
  endfacet
  facet normal 0.442263 0.896885 0
    outer loop
      vertex 6.4 4.96077 19.2
      vertex 6.54078 4.89135 18.8
      vertex 6.4 4.96077 18.8
    endloop
  endfacet
  facet normal 0.555597 -0.831452 0
    outer loop
      vertex 6.26949 6.95202 18.8
      vertex 6.4 7.03923 19.2
      vertex 6.26949 6.95202 19.2
    endloop
  endfacet
  facet normal 0.555597 -0.831452 0
    outer loop
      vertex 6.4 7.03923 19.2
      vertex 6.26949 6.95202 18.8
      vertex 6.4 7.03923 18.8
    endloop
  endfacet
  facet normal -0.659307 0.751874 0
    outer loop
      vertex 7.84853 5.15147 18.8
      vertex 7.73051 5.04798 19.2
      vertex 7.84853 5.15147 19.2
    endloop
  endfacet
  facet normal -0.659307 0.751874 0
    outer loop
      vertex 7.73051 5.04798 19.2
      vertex 7.84853 5.15147 18.8
      vertex 7.73051 5.04798 18.8
    endloop
  endfacet
  facet normal 0.32146 -0.946923 0
    outer loop
      vertex 6.54078 7.10865 18.8
      vertex 6.68942 7.15911 19.2
      vertex 6.54078 7.10865 19.2
    endloop
  endfacet
  facet normal 0.32146 -0.946923 0
    outer loop
      vertex 6.68942 7.15911 19.2
      vertex 6.54078 7.10865 18.8
      vertex 6.68942 7.15911 18.8
    endloop
  endfacet
  facet normal -0.831452 0.555597 0
    outer loop
      vertex 7.95202 5.26949 18.8
      vertex 8.03923 5.4 19.2
      vertex 8.03923 5.4 18.8
    endloop
  endfacet
  facet normal -0.831452 0.555597 0
    outer loop
      vertex 8.03923 5.4 19.2
      vertex 7.95202 5.26949 18.8
      vertex 7.95202 5.26949 19.2
    endloop
  endfacet
  facet normal -0.555597 0.831452 0
    outer loop
      vertex 7.73051 5.04798 18.8
      vertex 7.6 4.96077 19.2
      vertex 7.73051 5.04798 19.2
    endloop
  endfacet
  facet normal -0.555597 0.831452 0
    outer loop
      vertex 7.6 4.96077 19.2
      vertex 7.73051 5.04798 18.8
      vertex 7.6 4.96077 18.8
    endloop
  endfacet
  facet normal -0.751874 0.659307 0
    outer loop
      vertex 7.84853 5.15147 18.8
      vertex 7.95202 5.26949 19.2
      vertex 7.95202 5.26949 18.8
    endloop
  endfacet
  facet normal -0.751874 0.659307 0
    outer loop
      vertex 7.95202 5.26949 19.2
      vertex 7.84853 5.15147 18.8
      vertex 7.84853 5.15147 19.2
    endloop
  endfacet
  facet normal -0.980788 0.195075 0
    outer loop
      vertex 8.15911 5.68942 18.8
      vertex 8.18973 5.84337 19.2
      vertex 8.18973 5.84337 18.8
    endloop
  endfacet
  facet normal -0.980788 0.195075 0
    outer loop
      vertex 8.18973 5.84337 19.2
      vertex 8.15911 5.68942 18.8
      vertex 8.15911 5.68942 19.2
    endloop
  endfacet
  facet normal 0.065428 -0.997857 0
    outer loop
      vertex 6.84337 7.18973 18.8
      vertex 7 7.2 19.2
      vertex 6.84337 7.18973 19.2
    endloop
  endfacet
  facet normal 0.065428 -0.997857 0
    outer loop
      vertex 7 7.2 19.2
      vertex 6.84337 7.18973 18.8
      vertex 7 7.2 18.8
    endloop
  endfacet
  facet normal 0.896885 0.442263 0
    outer loop
      vertex 5.96077 5.4 19.2
      vertex 5.89135 5.54078 18.8
      vertex 5.89135 5.54078 19.2
    endloop
  endfacet
  facet normal 0.896885 0.442263 0
    outer loop
      vertex 5.89135 5.54078 18.8
      vertex 5.96077 5.4 19.2
      vertex 5.96077 5.4 18.8
    endloop
  endfacet
  facet normal 0.555597 0.831452 -0
    outer loop
      vertex 6.4 4.96077 18.8
      vertex 6.26949 5.04798 19.2
      vertex 6.4 4.96077 19.2
    endloop
  endfacet
  facet normal 0.555597 0.831452 0
    outer loop
      vertex 6.26949 5.04798 19.2
      vertex 6.4 4.96077 18.8
      vertex 6.26949 5.04798 18.8
    endloop
  endfacet
  facet normal 0.896885 -0.442263 0
    outer loop
      vertex 5.89135 6.45922 19.2
      vertex 5.96077 6.6 18.8
      vertex 5.96077 6.6 19.2
    endloop
  endfacet
  facet normal 0.896885 -0.442263 0
    outer loop
      vertex 5.96077 6.6 18.8
      vertex 5.89135 6.45922 19.2
      vertex 5.89135 6.45922 18.8
    endloop
  endfacet
  facet normal -0.555597 -0.831452 0
    outer loop
      vertex 7.6 7.03923 18.8
      vertex 7.73051 6.95202 19.2
      vertex 7.6 7.03923 19.2
    endloop
  endfacet
  facet normal -0.555597 -0.831452 -0
    outer loop
      vertex 7.73051 6.95202 19.2
      vertex 7.6 7.03923 18.8
      vertex 7.73051 6.95202 18.8
    endloop
  endfacet
  facet normal 0.980788 0.195075 0
    outer loop
      vertex 5.84089 5.68942 19.2
      vertex 5.81027 5.84337 18.8
      vertex 5.81027 5.84337 19.2
    endloop
  endfacet
  facet normal 0.980788 0.195075 0
    outer loop
      vertex 5.81027 5.84337 18.8
      vertex 5.84089 5.68942 19.2
      vertex 5.84089 5.68942 18.8
    endloop
  endfacet
  facet normal -0.32146 0.946923 0
    outer loop
      vertex 7.45922 4.89135 18.8
      vertex 7.31058 4.84089 19.2
      vertex 7.45922 4.89135 19.2
    endloop
  endfacet
  facet normal -0.32146 0.946923 0
    outer loop
      vertex 7.31058 4.84089 19.2
      vertex 7.45922 4.89135 18.8
      vertex 7.31058 4.84089 18.8
    endloop
  endfacet
  facet normal -0.659307 -0.751874 0
    outer loop
      vertex 7.73051 6.95202 18.8
      vertex 7.84853 6.84853 19.2
      vertex 7.73051 6.95202 19.2
    endloop
  endfacet
  facet normal -0.659307 -0.751874 -0
    outer loop
      vertex 7.84853 6.84853 19.2
      vertex 7.73051 6.95202 18.8
      vertex 7.84853 6.84853 18.8
    endloop
  endfacet
  facet normal -0.195075 0.980788 0
    outer loop
      vertex 7.31058 4.84089 18.8
      vertex 7.15663 4.81027 19.2
      vertex 7.31058 4.84089 19.2
    endloop
  endfacet
  facet normal -0.195075 0.980788 0
    outer loop
      vertex 7.15663 4.81027 19.2
      vertex 7.31058 4.84089 18.8
      vertex 7.15663 4.81027 18.8
    endloop
  endfacet
  facet normal 0.946923 -0.32146 0
    outer loop
      vertex 5.84089 6.31058 19.2
      vertex 5.89135 6.45922 18.8
      vertex 5.89135 6.45922 19.2
    endloop
  endfacet
  facet normal 0.946923 -0.32146 0
    outer loop
      vertex 5.89135 6.45922 18.8
      vertex 5.84089 6.31058 19.2
      vertex 5.84089 6.31058 18.8
    endloop
  endfacet
  facet normal 0.195075 -0.980788 0
    outer loop
      vertex 6.68942 7.15911 18.8
      vertex 6.84337 7.18973 19.2
      vertex 6.68942 7.15911 19.2
    endloop
  endfacet
  facet normal 0.195075 -0.980788 0
    outer loop
      vertex 6.84337 7.18973 19.2
      vertex 6.68942 7.15911 18.8
      vertex 6.84337 7.18973 18.8
    endloop
  endfacet
  facet normal 0.065428 0.997857 -0
    outer loop
      vertex 7 4.8 18.8
      vertex 6.84337 4.81027 19.2
      vertex 7 4.8 19.2
    endloop
  endfacet
  facet normal 0.065428 0.997857 0
    outer loop
      vertex 6.84337 4.81027 19.2
      vertex 7 4.8 18.8
      vertex 6.84337 4.81027 18.8
    endloop
  endfacet
  facet normal 0.946923 0.32146 0
    outer loop
      vertex 5.89135 5.54078 19.2
      vertex 5.84089 5.68942 18.8
      vertex 5.84089 5.68942 19.2
    endloop
  endfacet
  facet normal 0.946923 0.32146 0
    outer loop
      vertex 5.84089 5.68942 18.8
      vertex 5.89135 5.54078 19.2
      vertex 5.89135 5.54078 18.8
    endloop
  endfacet
  facet normal 0.751874 0.659307 0
    outer loop
      vertex 6.15147 5.15147 19.2
      vertex 6.04798 5.26949 18.8
      vertex 6.04798 5.26949 19.2
    endloop
  endfacet
  facet normal 0.751874 0.659307 0
    outer loop
      vertex 6.04798 5.26949 18.8
      vertex 6.15147 5.15147 19.2
      vertex 6.15147 5.15147 18.8
    endloop
  endfacet
  facet normal 0.195075 0.980788 -0
    outer loop
      vertex 6.84337 4.81027 18.8
      vertex 6.68942 4.84089 19.2
      vertex 6.84337 4.81027 19.2
    endloop
  endfacet
  facet normal 0.195075 0.980788 0
    outer loop
      vertex 6.68942 4.84089 19.2
      vertex 6.84337 4.81027 18.8
      vertex 6.68942 4.84089 18.8
    endloop
  endfacet
  facet normal -0.32146 -0.946923 0
    outer loop
      vertex 7.31058 7.15911 18.8
      vertex 7.45922 7.10865 19.2
      vertex 7.31058 7.15911 19.2
    endloop
  endfacet
  facet normal -0.32146 -0.946923 -0
    outer loop
      vertex 7.45922 7.10865 19.2
      vertex 7.31058 7.15911 18.8
      vertex 7.45922 7.10865 18.8
    endloop
  endfacet
  facet normal 0.831452 -0.555597 0
    outer loop
      vertex 5.96077 6.6 19.2
      vertex 6.04798 6.73051 18.8
      vertex 6.04798 6.73051 19.2
    endloop
  endfacet
  facet normal 0.831452 -0.555597 0
    outer loop
      vertex 6.04798 6.73051 18.8
      vertex 5.96077 6.6 19.2
      vertex 5.96077 6.6 18.8
    endloop
  endfacet
  facet normal -0.19508 -0.980787 0
    outer loop
      vertex 7.30021 8.28032 17
      vertex 7.59528 8.22163 18.8
      vertex 7.30021 8.28032 18.8
    endloop
  endfacet
  facet normal -0.19508 -0.980787 -0
    outer loop
      vertex 7.59528 8.22163 18.8
      vertex 7.30021 8.28032 17
      vertex 7.59528 8.22163 17
    endloop
  endfacet
  facet normal -0.980787 -0.19508 0
    outer loop
      vertex 9.28032 6.30021 17
      vertex 9.22163 6.59528 18.8
      vertex 9.22163 6.59528 17
    endloop
  endfacet
  facet normal -0.980787 -0.19508 0
    outer loop
      vertex 9.22163 6.59528 18.8
      vertex 9.28032 6.30021 17
      vertex 9.28032 6.30021 18.8
    endloop
  endfacet
  facet normal -0.997858 -0.0654137 0
    outer loop
      vertex 9.3 6 17
      vertex 9.28032 6.30021 18.8
      vertex 9.28032 6.30021 17
    endloop
  endfacet
  facet normal -0.997858 -0.0654137 0
    outer loop
      vertex 9.28032 6.30021 18.8
      vertex 9.3 6 17
      vertex 9.3 6 18.8
    endloop
  endfacet
  facet normal -0.946927 -0.321448 0
    outer loop
      vertex 9.22163 6.59528 17
      vertex 9.12492 6.88017 18.8
      vertex 9.12492 6.88017 17
    endloop
  endfacet
  facet normal -0.946927 -0.321448 0
    outer loop
      vertex 9.12492 6.88017 18.8
      vertex 9.22163 6.59528 17
      vertex 9.22163 6.59528 18.8
    endloop
  endfacet
  facet normal -0.831462 -0.555582 0
    outer loop
      vertex 8.99186 7.15 17
      vertex 8.82471 7.40015 18.8
      vertex 8.82471 7.40015 17
    endloop
  endfacet
  facet normal -0.831462 -0.555582 0
    outer loop
      vertex 8.82471 7.40015 18.8
      vertex 8.99186 7.15 17
      vertex 8.99186 7.15 18.8
    endloop
  endfacet
  facet normal -0.321448 -0.946927 0
    outer loop
      vertex 7.59528 8.22163 17
      vertex 7.88017 8.12492 18.8
      vertex 7.59528 8.22163 18.8
    endloop
  endfacet
  facet normal -0.321448 -0.946927 -0
    outer loop
      vertex 7.88017 8.12492 18.8
      vertex 7.59528 8.22163 17
      vertex 7.88017 8.12492 17
    endloop
  endfacet
  facet normal 0.980787 0.19508 0
    outer loop
      vertex 4.77837 5.40472 18.8
      vertex 4.71968 5.69979 17
      vertex 4.71968 5.69979 18.8
    endloop
  endfacet
  facet normal 0.980787 0.19508 0
    outer loop
      vertex 4.71968 5.69979 17
      vertex 4.77837 5.40472 18.8
      vertex 4.77837 5.40472 17
    endloop
  endfacet
  facet normal -0.997858 0.0654137 0
    outer loop
      vertex 9.28032 5.69979 17
      vertex 9.3 6 18.8
      vertex 9.3 6 17
    endloop
  endfacet
  facet normal -0.997858 0.0654137 0
    outer loop
      vertex 9.3 6 18.8
      vertex 9.28032 5.69979 17
      vertex 9.28032 5.69979 18.8
    endloop
  endfacet
  facet normal 0.997858 0.0654137 0
    outer loop
      vertex 4.71968 5.69979 18.8
      vertex 4.7 6 17
      vertex 4.7 6 18.8
    endloop
  endfacet
  facet normal 0.997858 0.0654137 0
    outer loop
      vertex 4.7 6 17
      vertex 4.71968 5.69979 18.8
      vertex 4.71968 5.69979 17
    endloop
  endfacet
  facet normal 0.321448 0.946927 -0
    outer loop
      vertex 6.40472 3.77837 17
      vertex 6.11983 3.87508 18.8
      vertex 6.40472 3.77837 18.8
    endloop
  endfacet
  facet normal 0.321448 0.946927 0
    outer loop
      vertex 6.11983 3.87508 18.8
      vertex 6.40472 3.77837 17
      vertex 6.11983 3.87508 17
    endloop
  endfacet
  facet normal -0.89688 -0.442274 0
    outer loop
      vertex 9.12492 6.88017 17
      vertex 8.99186 7.15 18.8
      vertex 8.99186 7.15 17
    endloop
  endfacet
  facet normal -0.89688 -0.442274 0
    outer loop
      vertex 8.99186 7.15 18.8
      vertex 9.12492 6.88017 17
      vertex 9.12492 6.88017 18.8
    endloop
  endfacet
  facet normal -0.751829 -0.659358 0
    outer loop
      vertex 8.82471 7.40015 17
      vertex 8.62634 7.62634 18.8
      vertex 8.62634 7.62634 17
    endloop
  endfacet
  facet normal -0.751829 -0.659358 0
    outer loop
      vertex 8.62634 7.62634 18.8
      vertex 8.82471 7.40015 17
      vertex 8.82471 7.40015 18.8
    endloop
  endfacet
  facet normal -0.946927 0.321448 0
    outer loop
      vertex 9.12492 5.11983 17
      vertex 9.22163 5.40472 18.8
      vertex 9.22163 5.40472 17
    endloop
  endfacet
  facet normal -0.946927 0.321448 0
    outer loop
      vertex 9.22163 5.40472 18.8
      vertex 9.12492 5.11983 17
      vertex 9.12492 5.11983 18.8
    endloop
  endfacet
  facet normal 0.751829 0.659358 0
    outer loop
      vertex 5.37366 4.37366 18.8
      vertex 5.17529 4.59985 17
      vertex 5.17529 4.59985 18.8
    endloop
  endfacet
  facet normal 0.751829 0.659358 0
    outer loop
      vertex 5.17529 4.59985 17
      vertex 5.37366 4.37366 18.8
      vertex 5.37366 4.37366 17
    endloop
  endfacet
  facet normal -0.980787 0.19508 0
    outer loop
      vertex 9.22163 5.40472 17
      vertex 9.28032 5.69979 18.8
      vertex 9.28032 5.69979 17
    endloop
  endfacet
  facet normal -0.980787 0.19508 0
    outer loop
      vertex 9.28032 5.69979 18.8
      vertex 9.22163 5.40472 17
      vertex 9.22163 5.40472 18.8
    endloop
  endfacet
  facet normal -0.0654137 0.997858 0
    outer loop
      vertex 7.30021 3.71968 17
      vertex 7 3.7 18.8
      vertex 7.30021 3.71968 18.8
    endloop
  endfacet
  facet normal -0.0654137 0.997858 0
    outer loop
      vertex 7 3.7 18.8
      vertex 7.30021 3.71968 17
      vertex 7 3.7 17
    endloop
  endfacet
  facet normal 0.946927 0.321448 0
    outer loop
      vertex 4.87508 5.11983 18.8
      vertex 4.77837 5.40472 17
      vertex 4.77837 5.40472 18.8
    endloop
  endfacet
  facet normal 0.946927 0.321448 0
    outer loop
      vertex 4.77837 5.40472 17
      vertex 4.87508 5.11983 18.8
      vertex 4.87508 5.11983 17
    endloop
  endfacet
  facet normal -0.831462 0.555582 0
    outer loop
      vertex 8.82471 4.59985 17
      vertex 8.99186 4.85 18.8
      vertex 8.99186 4.85 17
    endloop
  endfacet
  facet normal -0.831462 0.555582 0
    outer loop
      vertex 8.99186 4.85 18.8
      vertex 8.82471 4.59985 17
      vertex 8.82471 4.59985 18.8
    endloop
  endfacet
  facet normal -0.442274 -0.89688 0
    outer loop
      vertex 7.88017 8.12492 17
      vertex 8.15 7.99186 18.8
      vertex 7.88017 8.12492 18.8
    endloop
  endfacet
  facet normal -0.442274 -0.89688 -0
    outer loop
      vertex 8.15 7.99186 18.8
      vertex 7.88017 8.12492 17
      vertex 8.15 7.99186 17
    endloop
  endfacet
  facet normal 0.442274 -0.89688 0
    outer loop
      vertex 5.85 7.99186 17
      vertex 6.11983 8.12492 18.8
      vertex 5.85 7.99186 18.8
    endloop
  endfacet
  facet normal 0.442274 -0.89688 0
    outer loop
      vertex 6.11983 8.12492 18.8
      vertex 5.85 7.99186 17
      vertex 6.11983 8.12492 17
    endloop
  endfacet
  facet normal -0.442274 0.89688 0
    outer loop
      vertex 8.15 4.00814 17
      vertex 7.88017 3.87508 18.8
      vertex 8.15 4.00814 18.8
    endloop
  endfacet
  facet normal -0.442274 0.89688 0
    outer loop
      vertex 7.88017 3.87508 18.8
      vertex 8.15 4.00814 17
      vertex 7.88017 3.87508 17
    endloop
  endfacet
  facet normal -0.321448 0.946927 0
    outer loop
      vertex 7.88017 3.87508 17
      vertex 7.59528 3.77837 18.8
      vertex 7.88017 3.87508 18.8
    endloop
  endfacet
  facet normal -0.321448 0.946927 0
    outer loop
      vertex 7.59528 3.77837 18.8
      vertex 7.88017 3.87508 17
      vertex 7.59528 3.77837 17
    endloop
  endfacet
  facet normal 0.19508 0.980787 -0
    outer loop
      vertex 6.69979 3.71968 17
      vertex 6.40472 3.77837 18.8
      vertex 6.69979 3.71968 18.8
    endloop
  endfacet
  facet normal 0.19508 0.980787 0
    outer loop
      vertex 6.40472 3.77837 18.8
      vertex 6.69979 3.71968 17
      vertex 6.40472 3.77837 17
    endloop
  endfacet
  facet normal 0.946927 -0.321448 0
    outer loop
      vertex 4.77837 6.59528 18.8
      vertex 4.87508 6.88017 17
      vertex 4.87508 6.88017 18.8
    endloop
  endfacet
  facet normal 0.946927 -0.321448 0
    outer loop
      vertex 4.87508 6.88017 17
      vertex 4.77837 6.59528 18.8
      vertex 4.77837 6.59528 17
    endloop
  endfacet
  facet normal 0.19508 -0.980787 0
    outer loop
      vertex 6.40472 8.22163 17
      vertex 6.69979 8.28032 18.8
      vertex 6.40472 8.22163 18.8
    endloop
  endfacet
  facet normal 0.19508 -0.980787 0
    outer loop
      vertex 6.69979 8.28032 18.8
      vertex 6.40472 8.22163 17
      vertex 6.69979 8.28032 17
    endloop
  endfacet
  facet normal 0.555582 -0.831462 0
    outer loop
      vertex 5.59985 7.82471 17
      vertex 5.85 7.99186 18.8
      vertex 5.59985 7.82471 18.8
    endloop
  endfacet
  facet normal 0.555582 -0.831462 0
    outer loop
      vertex 5.85 7.99186 18.8
      vertex 5.59985 7.82471 17
      vertex 5.85 7.99186 17
    endloop
  endfacet
  facet normal -0.555582 0.831462 0
    outer loop
      vertex 8.40015 4.17529 17
      vertex 8.15 4.00814 18.8
      vertex 8.40015 4.17529 18.8
    endloop
  endfacet
  facet normal -0.555582 0.831462 0
    outer loop
      vertex 8.15 4.00814 18.8
      vertex 8.40015 4.17529 17
      vertex 8.15 4.00814 17
    endloop
  endfacet
  facet normal -0.19508 0.980787 0
    outer loop
      vertex 7.59528 3.77837 17
      vertex 7.30021 3.71968 18.8
      vertex 7.59528 3.77837 18.8
    endloop
  endfacet
  facet normal -0.19508 0.980787 0
    outer loop
      vertex 7.30021 3.71968 18.8
      vertex 7.59528 3.77837 17
      vertex 7.30021 3.71968 17
    endloop
  endfacet
  facet normal 0.89688 -0.442274 0
    outer loop
      vertex 4.87508 6.88017 18.8
      vertex 5.00814 7.15 17
      vertex 5.00814 7.15 18.8
    endloop
  endfacet
  facet normal 0.89688 -0.442274 0
    outer loop
      vertex 5.00814 7.15 17
      vertex 4.87508 6.88017 18.8
      vertex 4.87508 6.88017 17
    endloop
  endfacet
  facet normal -0.659358 -0.751829 0
    outer loop
      vertex 8.40015 7.82471 17
      vertex 8.62634 7.62634 18.8
      vertex 8.40015 7.82471 18.8
    endloop
  endfacet
  facet normal -0.659358 -0.751829 -0
    outer loop
      vertex 8.62634 7.62634 18.8
      vertex 8.40015 7.82471 17
      vertex 8.62634 7.62634 17
    endloop
  endfacet
  facet normal 0.831462 -0.555582 0
    outer loop
      vertex 5.00814 7.15 18.8
      vertex 5.17529 7.40015 17
      vertex 5.17529 7.40015 18.8
    endloop
  endfacet
  facet normal 0.831462 -0.555582 0
    outer loop
      vertex 5.17529 7.40015 17
      vertex 5.00814 7.15 18.8
      vertex 5.00814 7.15 17
    endloop
  endfacet
  facet normal 0.0654137 0.997858 -0
    outer loop
      vertex 7 3.7 17
      vertex 6.69979 3.71968 18.8
      vertex 7 3.7 18.8
    endloop
  endfacet
  facet normal 0.0654137 0.997858 0
    outer loop
      vertex 6.69979 3.71968 18.8
      vertex 7 3.7 17
      vertex 6.69979 3.71968 17
    endloop
  endfacet
  facet normal 0.659358 -0.751829 0
    outer loop
      vertex 5.37366 7.62634 17
      vertex 5.59985 7.82471 18.8
      vertex 5.37366 7.62634 18.8
    endloop
  endfacet
  facet normal 0.659358 -0.751829 0
    outer loop
      vertex 5.59985 7.82471 18.8
      vertex 5.37366 7.62634 17
      vertex 5.59985 7.82471 17
    endloop
  endfacet
  facet normal 0.659358 0.751829 -0
    outer loop
      vertex 5.59985 4.17529 17
      vertex 5.37366 4.37366 18.8
      vertex 5.59985 4.17529 18.8
    endloop
  endfacet
  facet normal 0.659358 0.751829 0
    outer loop
      vertex 5.37366 4.37366 18.8
      vertex 5.59985 4.17529 17
      vertex 5.37366 4.37366 17
    endloop
  endfacet
  facet normal 0.751829 -0.659358 0
    outer loop
      vertex 5.17529 7.40015 18.8
      vertex 5.37366 7.62634 17
      vertex 5.37366 7.62634 18.8
    endloop
  endfacet
  facet normal 0.751829 -0.659358 0
    outer loop
      vertex 5.37366 7.62634 17
      vertex 5.17529 7.40015 18.8
      vertex 5.17529 7.40015 17
    endloop
  endfacet
  facet normal -0.751829 0.659358 0
    outer loop
      vertex 8.62634 4.37366 17
      vertex 8.82471 4.59985 18.8
      vertex 8.82471 4.59985 17
    endloop
  endfacet
  facet normal -0.751829 0.659358 0
    outer loop
      vertex 8.82471 4.59985 18.8
      vertex 8.62634 4.37366 17
      vertex 8.62634 4.37366 18.8
    endloop
  endfacet
  facet normal -0.89688 0.442274 0
    outer loop
      vertex 8.99186 4.85 17
      vertex 9.12492 5.11983 18.8
      vertex 9.12492 5.11983 17
    endloop
  endfacet
  facet normal -0.89688 0.442274 0
    outer loop
      vertex 9.12492 5.11983 18.8
      vertex 8.99186 4.85 17
      vertex 8.99186 4.85 18.8
    endloop
  endfacet
  facet normal 0.555582 0.831462 -0
    outer loop
      vertex 5.85 4.00814 17
      vertex 5.59985 4.17529 18.8
      vertex 5.85 4.00814 18.8
    endloop
  endfacet
  facet normal 0.555582 0.831462 0
    outer loop
      vertex 5.59985 4.17529 18.8
      vertex 5.85 4.00814 17
      vertex 5.59985 4.17529 17
    endloop
  endfacet
  facet normal 0.980787 -0.19508 0
    outer loop
      vertex 4.71968 6.30021 18.8
      vertex 4.77837 6.59528 17
      vertex 4.77837 6.59528 18.8
    endloop
  endfacet
  facet normal 0.980787 -0.19508 0
    outer loop
      vertex 4.77837 6.59528 17
      vertex 4.71968 6.30021 18.8
      vertex 4.71968 6.30021 17
    endloop
  endfacet
  facet normal -0.0654137 -0.997858 0
    outer loop
      vertex 7 8.3 17
      vertex 7.30021 8.28032 18.8
      vertex 7 8.3 18.8
    endloop
  endfacet
  facet normal -0.0654137 -0.997858 -0
    outer loop
      vertex 7.30021 8.28032 18.8
      vertex 7 8.3 17
      vertex 7.30021 8.28032 17
    endloop
  endfacet
  facet normal -0.555582 -0.831462 0
    outer loop
      vertex 8.15 7.99186 17
      vertex 8.40015 7.82471 18.8
      vertex 8.15 7.99186 18.8
    endloop
  endfacet
  facet normal -0.555582 -0.831462 -0
    outer loop
      vertex 8.40015 7.82471 18.8
      vertex 8.15 7.99186 17
      vertex 8.40015 7.82471 17
    endloop
  endfacet
  facet normal 0.321448 -0.946927 0
    outer loop
      vertex 6.11983 8.12492 17
      vertex 6.40472 8.22163 18.8
      vertex 6.11983 8.12492 18.8
    endloop
  endfacet
  facet normal 0.321448 -0.946927 0
    outer loop
      vertex 6.40472 8.22163 18.8
      vertex 6.11983 8.12492 17
      vertex 6.40472 8.22163 17
    endloop
  endfacet
  facet normal 0.0654137 -0.997858 0
    outer loop
      vertex 6.69979 8.28032 17
      vertex 7 8.3 18.8
      vertex 6.69979 8.28032 18.8
    endloop
  endfacet
  facet normal 0.0654137 -0.997858 0
    outer loop
      vertex 7 8.3 18.8
      vertex 6.69979 8.28032 17
      vertex 7 8.3 17
    endloop
  endfacet
  facet normal 0.997858 -0.0654137 0
    outer loop
      vertex 4.7 6 18.8
      vertex 4.71968 6.30021 17
      vertex 4.71968 6.30021 18.8
    endloop
  endfacet
  facet normal 0.997858 -0.0654137 0
    outer loop
      vertex 4.71968 6.30021 17
      vertex 4.7 6 18.8
      vertex 4.7 6 17
    endloop
  endfacet
  facet normal 0 0 -1
    outer loop
      vertex 8.2 6 18.8
      vertex 9.3 6 18.8
      vertex 9.28032 5.69979 18.8
    endloop
  endfacet
  facet normal 0 0 -1
    outer loop
      vertex 8.18973 5.84337 18.8
      vertex 9.28032 5.69979 18.8
      vertex 9.22163 5.40472 18.8
    endloop
  endfacet
  facet normal 0 0 -1
    outer loop
      vertex 9.3 6 18.8
      vertex 8.2 6 18.8
      vertex 9.28032 6.30021 18.8
    endloop
  endfacet
  facet normal 0 0 -1
    outer loop
      vertex 8.15911 5.68942 18.8
      vertex 9.22163 5.40472 18.8
      vertex 9.12492 5.11983 18.8
    endloop
  endfacet
  facet normal 0 0 -1
    outer loop
      vertex 8.18973 6.15663 18.8
      vertex 9.28032 6.30021 18.8
      vertex 8.2 6 18.8
    endloop
  endfacet
  facet normal 0 0 -1
    outer loop
      vertex 8.10865 5.54078 18.8
      vertex 9.12492 5.11983 18.8
      vertex 8.99186 4.85 18.8
    endloop
  endfacet
  facet normal -0 0 -1
    outer loop
      vertex 9.28032 6.30021 18.8
      vertex 8.18973 6.15663 18.8
      vertex 9.22163 6.59528 18.8
    endloop
  endfacet
  facet normal 0 0 -1
    outer loop
      vertex 8.03923 5.4 18.8
      vertex 8.99186 4.85 18.8
      vertex 8.82471 4.59985 18.8
    endloop
  endfacet
  facet normal 0 0 -1
    outer loop
      vertex 8.15911 6.31058 18.8
      vertex 9.22163 6.59528 18.8
      vertex 8.18973 6.15663 18.8
    endloop
  endfacet
  facet normal 0 0 -1
    outer loop
      vertex 7.95202 5.26949 18.8
      vertex 8.82471 4.59985 18.8
      vertex 8.62634 4.37366 18.8
    endloop
  endfacet
  facet normal -0 0 -1
    outer loop
      vertex 9.22163 6.59528 18.8
      vertex 8.15911 6.31058 18.8
      vertex 9.12492 6.88017 18.8
    endloop
  endfacet
  facet normal 0 0 -1
    outer loop
      vertex 7.84853 5.15147 18.8
      vertex 8.62634 4.37366 18.8
      vertex 8.40015 4.17529 18.8
    endloop
  endfacet
  facet normal 0 0 -1
    outer loop
      vertex 8.10865 6.45922 18.8
      vertex 9.12492 6.88017 18.8
      vertex 8.15911 6.31058 18.8
    endloop
  endfacet
  facet normal -0 0 -1
    outer loop
      vertex 9.12492 6.88017 18.8
      vertex 8.10865 6.45922 18.8
      vertex 8.99186 7.15 18.8
    endloop
  endfacet
  facet normal 0 0 -1
    outer loop
      vertex 9.28032 5.69979 18.8
      vertex 8.18973 5.84337 18.8
      vertex 8.2 6 18.8
    endloop
  endfacet
  facet normal 0 0 -1
    outer loop
      vertex 9.22163 5.40472 18.8
      vertex 8.15911 5.68942 18.8
      vertex 8.18973 5.84337 18.8
    endloop
  endfacet
  facet normal 0 0 -1
    outer loop
      vertex 7.73051 5.04798 18.8
      vertex 8.40015 4.17529 18.8
      vertex 8.15 4.00814 18.8
    endloop
  endfacet
  facet normal 0 0 -1
    outer loop
      vertex 9.12492 5.11983 18.8
      vertex 8.10865 5.54078 18.8
      vertex 8.15911 5.68942 18.8
    endloop
  endfacet
  facet normal 0 0 -1
    outer loop
      vertex 8.99186 4.85 18.8
      vertex 8.03923 5.4 18.8
      vertex 8.10865 5.54078 18.8
    endloop
  endfacet
  facet normal 0 0 -1
    outer loop
      vertex 8.82471 4.59985 18.8
      vertex 7.95202 5.26949 18.8
      vertex 8.03923 5.4 18.8
    endloop
  endfacet
  facet normal 0 0 -1
    outer loop
      vertex 7.6 4.96077 18.8
      vertex 8.15 4.00814 18.8
      vertex 7.88017 3.87508 18.8
    endloop
  endfacet
  facet normal 0 0 -1
    outer loop
      vertex 8.62634 4.37366 18.8
      vertex 7.84853 5.15147 18.8
      vertex 7.95202 5.26949 18.8
    endloop
  endfacet
  facet normal 0 0 -1
    outer loop
      vertex 8.40015 4.17529 18.8
      vertex 7.73051 5.04798 18.8
      vertex 7.84853 5.15147 18.8
    endloop
  endfacet
  facet normal 0 0 -1
    outer loop
      vertex 8.15 4.00814 18.8
      vertex 7.6 4.96077 18.8
      vertex 7.73051 5.04798 18.8
    endloop
  endfacet
  facet normal 0 0 -1
    outer loop
      vertex 7.45922 4.89135 18.8
      vertex 7.88017 3.87508 18.8
      vertex 7.59528 3.77837 18.8
    endloop
  endfacet
  facet normal 0 0 -1
    outer loop
      vertex 7.88017 3.87508 18.8
      vertex 7.45922 4.89135 18.8
      vertex 7.6 4.96077 18.8
    endloop
  endfacet
  facet normal 0 0 -1
    outer loop
      vertex 7.59528 3.77837 18.8
      vertex 7.31058 4.84089 18.8
      vertex 7.45922 4.89135 18.8
    endloop
  endfacet
  facet normal 0 0 -1
    outer loop
      vertex 7.30021 3.71968 18.8
      vertex 7.31058 4.84089 18.8
      vertex 7.59528 3.77837 18.8
    endloop
  endfacet
  facet normal 0 0 -1
    outer loop
      vertex 7.30021 3.71968 18.8
      vertex 7.15663 4.81027 18.8
      vertex 7.31058 4.84089 18.8
    endloop
  endfacet
  facet normal 0 0 -1
    outer loop
      vertex 7 3.7 18.8
      vertex 7.15663 4.81027 18.8
      vertex 7.30021 3.71968 18.8
    endloop
  endfacet
  facet normal 0 0 -1
    outer loop
      vertex 7 3.7 18.8
      vertex 7 4.8 18.8
      vertex 7.15663 4.81027 18.8
    endloop
  endfacet
  facet normal 0 0 -1
    outer loop
      vertex 7 3.7 18.8
      vertex 6.84337 4.81027 18.8
      vertex 7 4.8 18.8
    endloop
  endfacet
  facet normal 0 0 -1
    outer loop
      vertex 6.69979 3.71968 18.8
      vertex 6.84337 4.81027 18.8
      vertex 7 3.7 18.8
    endloop
  endfacet
  facet normal 0 0 -1
    outer loop
      vertex 6.69979 3.71968 18.8
      vertex 6.68942 4.84089 18.8
      vertex 6.84337 4.81027 18.8
    endloop
  endfacet
  facet normal 0 0 -1
    outer loop
      vertex 6.40472 3.77837 18.8
      vertex 6.68942 4.84089 18.8
      vertex 6.69979 3.71968 18.8
    endloop
  endfacet
  facet normal -0 0 -1
    outer loop
      vertex 6.68942 4.84089 18.8
      vertex 6.40472 3.77837 18.8
      vertex 6.54078 4.89135 18.8
    endloop
  endfacet
  facet normal 0 0 -1
    outer loop
      vertex 6.11983 3.87508 18.8
      vertex 6.54078 4.89135 18.8
      vertex 6.40472 3.77837 18.8
    endloop
  endfacet
  facet normal -0 0 -1
    outer loop
      vertex 6.54078 4.89135 18.8
      vertex 6.11983 3.87508 18.8
      vertex 6.4 4.96077 18.8
    endloop
  endfacet
  facet normal 0 0 -1
    outer loop
      vertex 5.85 4.00814 18.8
      vertex 6.4 4.96077 18.8
      vertex 6.11983 3.87508 18.8
    endloop
  endfacet
  facet normal -0 0 -1
    outer loop
      vertex 6.4 4.96077 18.8
      vertex 5.85 4.00814 18.8
      vertex 6.26949 5.04798 18.8
    endloop
  endfacet
  facet normal 0 0 -1
    outer loop
      vertex 5.59985 4.17529 18.8
      vertex 6.26949 5.04798 18.8
      vertex 5.85 4.00814 18.8
    endloop
  endfacet
  facet normal -0 0 -1
    outer loop
      vertex 6.26949 5.04798 18.8
      vertex 5.59985 4.17529 18.8
      vertex 6.15147 5.15147 18.8
    endloop
  endfacet
  facet normal 0 0 -1
    outer loop
      vertex 5.37366 4.37366 18.8
      vertex 6.15147 5.15147 18.8
      vertex 5.59985 4.17529 18.8
    endloop
  endfacet
  facet normal -0 0 -1
    outer loop
      vertex 6.15147 5.15147 18.8
      vertex 5.37366 4.37366 18.8
      vertex 6.04798 5.26949 18.8
    endloop
  endfacet
  facet normal 0 0 -1
    outer loop
      vertex 5.17529 4.59985 18.8
      vertex 6.04798 5.26949 18.8
      vertex 5.37366 4.37366 18.8
    endloop
  endfacet
  facet normal -0 0 -1
    outer loop
      vertex 6.04798 5.26949 18.8
      vertex 5.17529 4.59985 18.8
      vertex 5.96077 5.4 18.8
    endloop
  endfacet
  facet normal 0 0 -1
    outer loop
      vertex 5.00814 4.85 18.8
      vertex 5.96077 5.4 18.8
      vertex 5.17529 4.59985 18.8
    endloop
  endfacet
  facet normal -0 0 -1
    outer loop
      vertex 5.96077 5.4 18.8
      vertex 5.00814 4.85 18.8
      vertex 5.89135 5.54078 18.8
    endloop
  endfacet
  facet normal 0 0 -1
    outer loop
      vertex 8.03923 6.6 18.8
      vertex 8.99186 7.15 18.8
      vertex 8.10865 6.45922 18.8
    endloop
  endfacet
  facet normal -0 0 -1
    outer loop
      vertex 8.99186 7.15 18.8
      vertex 8.03923 6.6 18.8
      vertex 8.82471 7.40015 18.8
    endloop
  endfacet
  facet normal 0 0 -1
    outer loop
      vertex 7.95202 6.73051 18.8
      vertex 8.82471 7.40015 18.8
      vertex 8.03923 6.6 18.8
    endloop
  endfacet
  facet normal -0 0 -1
    outer loop
      vertex 8.82471 7.40015 18.8
      vertex 7.95202 6.73051 18.8
      vertex 8.62634 7.62634 18.8
    endloop
  endfacet
  facet normal 0 0 -1
    outer loop
      vertex 7.84853 6.84853 18.8
      vertex 8.62634 7.62634 18.8
      vertex 7.95202 6.73051 18.8
    endloop
  endfacet
  facet normal -0 0 -1
    outer loop
      vertex 8.62634 7.62634 18.8
      vertex 7.84853 6.84853 18.8
      vertex 8.40015 7.82471 18.8
    endloop
  endfacet
  facet normal 0 0 -1
    outer loop
      vertex 7.73051 6.95202 18.8
      vertex 8.40015 7.82471 18.8
      vertex 7.84853 6.84853 18.8
    endloop
  endfacet
  facet normal -0 0 -1
    outer loop
      vertex 8.40015 7.82471 18.8
      vertex 7.73051 6.95202 18.8
      vertex 8.15 7.99186 18.8
    endloop
  endfacet
  facet normal 0 0 -1
    outer loop
      vertex 7.6 7.03923 18.8
      vertex 8.15 7.99186 18.8
      vertex 7.73051 6.95202 18.8
    endloop
  endfacet
  facet normal -0 0 -1
    outer loop
      vertex 8.15 7.99186 18.8
      vertex 7.6 7.03923 18.8
      vertex 7.88017 8.12492 18.8
    endloop
  endfacet
  facet normal 0 0 -1
    outer loop
      vertex 7.45922 7.10865 18.8
      vertex 7.88017 8.12492 18.8
      vertex 7.6 7.03923 18.8
    endloop
  endfacet
  facet normal -0 0 -1
    outer loop
      vertex 7.88017 8.12492 18.8
      vertex 7.45922 7.10865 18.8
      vertex 7.59528 8.22163 18.8
    endloop
  endfacet
  facet normal 0 0 -1
    outer loop
      vertex 7.31058 7.15911 18.8
      vertex 7.59528 8.22163 18.8
      vertex 7.45922 7.10865 18.8
    endloop
  endfacet
  facet normal 0 0 -1
    outer loop
      vertex 7.31058 7.15911 18.8
      vertex 7.30021 8.28032 18.8
      vertex 7.59528 8.22163 18.8
    endloop
  endfacet
  facet normal 0 0 -1
    outer loop
      vertex 7.15663 7.18973 18.8
      vertex 7.30021 8.28032 18.8
      vertex 7.31058 7.15911 18.8
    endloop
  endfacet
  facet normal 0 0 -1
    outer loop
      vertex 7 7.2 18.8
      vertex 7.30021 8.28032 18.8
      vertex 7.15663 7.18973 18.8
    endloop
  endfacet
  facet normal 0 0 -1
    outer loop
      vertex 7 7.2 18.8
      vertex 7 8.3 18.8
      vertex 7.30021 8.28032 18.8
    endloop
  endfacet
  facet normal 0 0 -1
    outer loop
      vertex 6.84337 7.18973 18.8
      vertex 7 8.3 18.8
      vertex 7 7.2 18.8
    endloop
  endfacet
  facet normal 0 0 -1
    outer loop
      vertex 6.84337 7.18973 18.8
      vertex 6.69979 8.28032 18.8
      vertex 7 8.3 18.8
    endloop
  endfacet
  facet normal 0 0 -1
    outer loop
      vertex 6.68942 7.15911 18.8
      vertex 6.69979 8.28032 18.8
      vertex 6.84337 7.18973 18.8
    endloop
  endfacet
  facet normal 0 0 -1
    outer loop
      vertex 6.40472 8.22163 18.8
      vertex 6.68942 7.15911 18.8
      vertex 6.54078 7.10865 18.8
    endloop
  endfacet
  facet normal 0 0 -1
    outer loop
      vertex 6.68942 7.15911 18.8
      vertex 6.40472 8.22163 18.8
      vertex 6.69979 8.28032 18.8
    endloop
  endfacet
  facet normal 0 0 -1
    outer loop
      vertex 6.11983 8.12492 18.8
      vertex 6.54078 7.10865 18.8
      vertex 6.4 7.03923 18.8
    endloop
  endfacet
  facet normal 0 0 -1
    outer loop
      vertex 5.85 7.99186 18.8
      vertex 6.4 7.03923 18.8
      vertex 6.26949 6.95202 18.8
    endloop
  endfacet
  facet normal 0 0 -1
    outer loop
      vertex 5.59985 7.82471 18.8
      vertex 6.26949 6.95202 18.8
      vertex 6.15147 6.84853 18.8
    endloop
  endfacet
  facet normal 0 0 -1
    outer loop
      vertex 6.54078 7.10865 18.8
      vertex 6.11983 8.12492 18.8
      vertex 6.40472 8.22163 18.8
    endloop
  endfacet
  facet normal 0 0 -1
    outer loop
      vertex 5.37366 7.62634 18.8
      vertex 6.15147 6.84853 18.8
      vertex 6.04798 6.73051 18.8
    endloop
  endfacet
  facet normal 0 0 -1
    outer loop
      vertex 5.17529 7.40015 18.8
      vertex 6.04798 6.73051 18.8
      vertex 5.96077 6.6 18.8
    endloop
  endfacet
  facet normal 0 0 -1
    outer loop
      vertex 5.00814 7.15 18.8
      vertex 5.96077 6.6 18.8
      vertex 5.89135 6.45922 18.8
    endloop
  endfacet
  facet normal 0 0 -1
    outer loop
      vertex 6.4 7.03923 18.8
      vertex 5.85 7.99186 18.8
      vertex 6.11983 8.12492 18.8
    endloop
  endfacet
  facet normal 0 0 -1
    outer loop
      vertex 4.87508 6.88017 18.8
      vertex 5.89135 6.45922 18.8
      vertex 5.84089 6.31058 18.8
    endloop
  endfacet
  facet normal 0 0 -1
    outer loop
      vertex 4.77837 6.59528 18.8
      vertex 5.84089 6.31058 18.8
      vertex 5.81027 6.15663 18.8
    endloop
  endfacet
  facet normal 0 0 -1
    outer loop
      vertex 4.71968 6.30021 18.8
      vertex 5.81027 6.15663 18.8
      vertex 5.8 6 18.8
    endloop
  endfacet
  facet normal 0 0 -1
    outer loop
      vertex 4.87508 5.11983 18.8
      vertex 5.89135 5.54078 18.8
      vertex 5.00814 4.85 18.8
    endloop
  endfacet
  facet normal 0 0 -1
    outer loop
      vertex 6.26949 6.95202 18.8
      vertex 5.59985 7.82471 18.8
      vertex 5.85 7.99186 18.8
    endloop
  endfacet
  facet normal -0 0 -1
    outer loop
      vertex 5.89135 5.54078 18.8
      vertex 4.87508 5.11983 18.8
      vertex 5.84089 5.68942 18.8
    endloop
  endfacet
  facet normal 0 0 -1
    outer loop
      vertex 6.15147 6.84853 18.8
      vertex 5.37366 7.62634 18.8
      vertex 5.59985 7.82471 18.8
    endloop
  endfacet
  facet normal 0 0 -1
    outer loop
      vertex 4.77837 5.40472 18.8
      vertex 5.84089 5.68942 18.8
      vertex 4.87508 5.11983 18.8
    endloop
  endfacet
  facet normal 0 0 -1
    outer loop
      vertex 6.04798 6.73051 18.8
      vertex 5.17529 7.40015 18.8
      vertex 5.37366 7.62634 18.8
    endloop
  endfacet
  facet normal -0 0 -1
    outer loop
      vertex 5.84089 5.68942 18.8
      vertex 4.77837 5.40472 18.8
      vertex 5.81027 5.84337 18.8
    endloop
  endfacet
  facet normal 0 0 -1
    outer loop
      vertex 5.96077 6.6 18.8
      vertex 5.00814 7.15 18.8
      vertex 5.17529 7.40015 18.8
    endloop
  endfacet
  facet normal 0 0 -1
    outer loop
      vertex 4.71968 5.69979 18.8
      vertex 5.81027 5.84337 18.8
      vertex 4.77837 5.40472 18.8
    endloop
  endfacet
  facet normal 0 0 -1
    outer loop
      vertex 5.89135 6.45922 18.8
      vertex 4.87508 6.88017 18.8
      vertex 5.00814 7.15 18.8
    endloop
  endfacet
  facet normal -0 0 -1
    outer loop
      vertex 5.81027 5.84337 18.8
      vertex 4.71968 5.69979 18.8
      vertex 5.8 6 18.8
    endloop
  endfacet
  facet normal 0 0 -1
    outer loop
      vertex 5.84089 6.31058 18.8
      vertex 4.77837 6.59528 18.8
      vertex 4.87508 6.88017 18.8
    endloop
  endfacet
  facet normal 0 0 -1
    outer loop
      vertex 4.7 6 18.8
      vertex 5.8 6 18.8
      vertex 4.71968 5.69979 18.8
    endloop
  endfacet
  facet normal 0 0 -1
    outer loop
      vertex 5.81027 6.15663 18.8
      vertex 4.71968 6.30021 18.8
      vertex 4.77837 6.59528 18.8
    endloop
  endfacet
  facet normal 0 0 -1
    outer loop
      vertex 5.8 6 18.8
      vertex 4.7 6 18.8
      vertex 4.71968 6.30021 18.8
    endloop
  endfacet
  facet normal 0.89688 0.442274 0
    outer loop
      vertex 5.00814 4.85 18.8
      vertex 4.87508 5.11983 17
      vertex 4.87508 5.11983 18.8
    endloop
  endfacet
  facet normal 0.89688 0.442274 0
    outer loop
      vertex 4.87508 5.11983 17
      vertex 5.00814 4.85 18.8
      vertex 5.00814 4.85 17
    endloop
  endfacet
  facet normal 0.442274 0.89688 -0
    outer loop
      vertex 6.11983 3.87508 17
      vertex 5.85 4.00814 18.8
      vertex 6.11983 3.87508 18.8
    endloop
  endfacet
  facet normal 0.442274 0.89688 0
    outer loop
      vertex 5.85 4.00814 18.8
      vertex 6.11983 3.87508 17
      vertex 5.85 4.00814 17
    endloop
  endfacet
  facet normal -0.659358 0.751829 0
    outer loop
      vertex 8.62634 4.37366 17
      vertex 8.40015 4.17529 18.8
      vertex 8.62634 4.37366 18.8
    endloop
  endfacet
  facet normal -0.659358 0.751829 0
    outer loop
      vertex 8.40015 4.17529 18.8
      vertex 8.62634 4.37366 17
      vertex 8.40015 4.17529 17
    endloop
  endfacet
  facet normal 0.831462 0.555582 0
    outer loop
      vertex 5.17529 4.59985 18.8
      vertex 5.00814 4.85 17
      vertex 5.00814 4.85 18.8
    endloop
  endfacet
  facet normal 0.831462 0.555582 0
    outer loop
      vertex 5.00814 4.85 17
      vertex 5.17529 4.59985 18.8
      vertex 5.17529 4.59985 17
    endloop
  endfacet
  facet normal -0.0656183 0.997845 0
    outer loop
      vertex 7.15663 30.6503 18.8
      vertex 7 30.64 19.2
      vertex 7.15663 30.6503 19.2
    endloop
  endfacet
  facet normal -0.0656183 0.997845 0
    outer loop
      vertex 7 30.64 19.2
      vertex 7.15663 30.6503 18.8
      vertex 7 30.64 18.8
    endloop
  endfacet
  facet normal -0.980801 -0.195014 0
    outer loop
      vertex 8.18973 31.9966 18.8
      vertex 8.15911 32.1506 19.2
      vertex 8.15911 32.1506 18.8
    endloop
  endfacet
  facet normal -0.980801 -0.195014 0
    outer loop
      vertex 8.15911 32.1506 19.2
      vertex 8.18973 31.9966 18.8
      vertex 8.18973 31.9966 19.2
    endloop
  endfacet
  facet normal -0.997856 -0.0654405 0
    outer loop
      vertex 8.2 31.84 18.8
      vertex 8.18973 31.9966 19.2
      vertex 8.18973 31.9966 18.8
    endloop
  endfacet
  facet normal -0.997856 -0.0654405 0
    outer loop
      vertex 8.18973 31.9966 19.2
      vertex 8.2 31.84 18.8
      vertex 8.2 31.84 19.2
    endloop
  endfacet
  facet normal -0.946897 -0.321537 0
    outer loop
      vertex 8.15911 32.1506 18.8
      vertex 8.10865 32.2992 19.2
      vertex 8.10865 32.2992 18.8
    endloop
  endfacet
  facet normal -0.946897 -0.321537 0
    outer loop
      vertex 8.10865 32.2992 19.2
      vertex 8.15911 32.1506 18.8
      vertex 8.15911 32.1506 19.2
    endloop
  endfacet
  facet normal -0.0656183 -0.997845 0
    outer loop
      vertex 7 33.04 18.8
      vertex 7.15663 33.0297 19.2
      vertex 7 33.04 19.2
    endloop
  endfacet
  facet normal -0.0656183 -0.997845 -0
    outer loop
      vertex 7.15663 33.0297 19.2
      vertex 7 33.04 18.8
      vertex 7.15663 33.0297 18.8
    endloop
  endfacet
  facet normal 0.659343 0.751842 -0
    outer loop
      vertex 6.26949 30.888 18.8
      vertex 6.15147 30.9915 19.2
      vertex 6.26949 30.888 19.2
    endloop
  endfacet
  facet normal 0.659343 0.751842 0
    outer loop
      vertex 6.15147 30.9915 19.2
      vertex 6.26949 30.888 18.8
      vertex 6.15147 30.9915 18.8
    endloop
  endfacet
  facet normal 0.997856 0.0654405 0
    outer loop
      vertex 5.81027 31.6834 19.2
      vertex 5.8 31.84 18.8
      vertex 5.8 31.84 19.2
    endloop
  endfacet
  facet normal 0.997856 0.0654405 0
    outer loop
      vertex 5.8 31.84 18.8
      vertex 5.81027 31.6834 19.2
      vertex 5.81027 31.6834 18.8
    endloop
  endfacet
  facet normal 0.659343 -0.751842 0
    outer loop
      vertex 6.15147 32.6885 18.8
      vertex 6.26949 32.792 19.2
      vertex 6.15147 32.6885 19.2
    endloop
  endfacet
  facet normal 0.659343 -0.751842 0
    outer loop
      vertex 6.26949 32.792 19.2
      vertex 6.15147 32.6885 18.8
      vertex 6.26949 32.792 18.8
    endloop
  endfacet
  facet normal -0.751818 -0.65937 0
    outer loop
      vertex 7.95202 32.5705 18.8
      vertex 7.84853 32.6885 19.2
      vertex 7.84853 32.6885 18.8
    endloop
  endfacet
  facet normal -0.751818 -0.65937 0
    outer loop
      vertex 7.84853 32.6885 19.2
      vertex 7.95202 32.5705 18.8
      vertex 7.95202 32.5705 19.2
    endloop
  endfacet
  facet normal -0.997856 0.0654405 0
    outer loop
      vertex 8.18973 31.6834 18.8
      vertex 8.2 31.84 19.2
      vertex 8.2 31.84 18.8
    endloop
  endfacet
  facet normal -0.997856 0.0654405 0
    outer loop
      vertex 8.2 31.84 19.2
      vertex 8.18973 31.6834 18.8
      vertex 8.18973 31.6834 19.2
    endloop
  endfacet
  facet normal -0.442673 -0.896683 0
    outer loop
      vertex 7.45922 32.9487 18.8
      vertex 7.6 32.8792 19.2
      vertex 7.45922 32.9487 19.2
    endloop
  endfacet
  facet normal -0.442673 -0.896683 -0
    outer loop
      vertex 7.6 32.8792 19.2
      vertex 7.45922 32.9487 18.8
      vertex 7.6 32.8792 18.8
    endloop
  endfacet
  facet normal -0.89691 0.442212 0
    outer loop
      vertex 8.03923 31.24 18.8
      vertex 8.10865 31.3808 19.2
      vertex 8.10865 31.3808 18.8
    endloop
  endfacet
  facet normal -0.89691 0.442212 0
    outer loop
      vertex 8.10865 31.3808 19.2
      vertex 8.03923 31.24 18.8
      vertex 8.03923 31.24 19.2
    endloop
  endfacet
  facet normal 0.321117 0.94704 -0
    outer loop
      vertex 6.68942 30.6809 18.8
      vertex 6.54078 30.7313 19.2
      vertex 6.68942 30.6809 19.2
    endloop
  endfacet
  facet normal 0.321117 0.94704 0
    outer loop
      vertex 6.54078 30.7313 19.2
      vertex 6.68942 30.6809 18.8
      vertex 6.54078 30.7313 18.8
    endloop
  endfacet
  facet normal -0.831432 -0.555626 0
    outer loop
      vertex 8.03923 32.44 18.8
      vertex 7.95202 32.5705 19.2
      vertex 7.95202 32.5705 18.8
    endloop
  endfacet
  facet normal -0.831432 -0.555626 0
    outer loop
      vertex 7.95202 32.5705 19.2
      vertex 8.03923 32.44 18.8
      vertex 8.03923 32.44 19.2
    endloop
  endfacet
  facet normal -0.89691 -0.442212 0
    outer loop
      vertex 8.10865 32.2992 18.8
      vertex 8.03923 32.44 19.2
      vertex 8.03923 32.44 18.8
    endloop
  endfacet
  facet normal -0.89691 -0.442212 0
    outer loop
      vertex 8.03923 32.44 19.2
      vertex 8.10865 32.2992 18.8
      vertex 8.10865 32.2992 19.2
    endloop
  endfacet
  facet normal 0.831432 0.555626 0
    outer loop
      vertex 6.04798 31.1095 19.2
      vertex 5.96077 31.24 18.8
      vertex 5.96077 31.24 19.2
    endloop
  endfacet
  facet normal 0.831432 0.555626 0
    outer loop
      vertex 5.96077 31.24 18.8
      vertex 6.04798 31.1095 19.2
      vertex 6.04798 31.1095 18.8
    endloop
  endfacet
  facet normal -0.442673 0.896683 0
    outer loop
      vertex 7.6 30.8008 18.8
      vertex 7.45922 30.7313 19.2
      vertex 7.6 30.8008 19.2
    endloop
  endfacet
  facet normal -0.442673 0.896683 0
    outer loop
      vertex 7.45922 30.7313 19.2
      vertex 7.6 30.8008 18.8
      vertex 7.45922 30.7313 18.8
    endloop
  endfacet
  facet normal 0.442673 -0.896683 0
    outer loop
      vertex 6.4 32.8792 18.8
      vertex 6.54078 32.9487 19.2
      vertex 6.4 32.8792 19.2
    endloop
  endfacet
  facet normal 0.442673 -0.896683 0
    outer loop
      vertex 6.54078 32.9487 19.2
      vertex 6.4 32.8792 18.8
      vertex 6.54078 32.9487 18.8
    endloop
  endfacet
  facet normal 0.997856 -0.0654405 0
    outer loop
      vertex 5.8 31.84 19.2
      vertex 5.81027 31.9966 18.8
      vertex 5.81027 31.9966 19.2
    endloop
  endfacet
  facet normal 0.997856 -0.0654405 0
    outer loop
      vertex 5.81027 31.9966 18.8
      vertex 5.8 31.84 19.2
      vertex 5.8 31.84 18.8
    endloop
  endfacet
  facet normal -0.194952 -0.980813 0
    outer loop
      vertex 7.15663 33.0297 18.8
      vertex 7.31058 32.9991 19.2
      vertex 7.15663 33.0297 19.2
    endloop
  endfacet
  facet normal -0.194952 -0.980813 -0
    outer loop
      vertex 7.31058 32.9991 19.2
      vertex 7.15663 33.0297 18.8
      vertex 7.31058 32.9991 18.8
    endloop
  endfacet
  facet normal 0.751818 -0.65937 0
    outer loop
      vertex 6.04798 32.5705 19.2
      vertex 6.15147 32.6885 18.8
      vertex 6.15147 32.6885 19.2
    endloop
  endfacet
  facet normal 0.751818 -0.65937 0
    outer loop
      vertex 6.15147 32.6885 18.8
      vertex 6.04798 32.5705 19.2
      vertex 6.04798 32.5705 18.8
    endloop
  endfacet
  facet normal -0.946897 0.321537 0
    outer loop
      vertex 8.10865 31.3808 18.8
      vertex 8.15911 31.5294 19.2
      vertex 8.15911 31.5294 18.8
    endloop
  endfacet
  facet normal -0.946897 0.321537 0
    outer loop
      vertex 8.15911 31.5294 19.2
      vertex 8.10865 31.3808 18.8
      vertex 8.10865 31.3808 19.2
    endloop
  endfacet
  facet normal 0.980801 -0.195014 0
    outer loop
      vertex 5.81027 31.9966 19.2
      vertex 5.84089 32.1506 18.8
      vertex 5.84089 32.1506 19.2
    endloop
  endfacet
  facet normal 0.980801 -0.195014 0
    outer loop
      vertex 5.84089 32.1506 18.8
      vertex 5.81027 31.9966 19.2
      vertex 5.81027 31.9966 18.8
    endloop
  endfacet
  facet normal 0.442673 0.896683 -0
    outer loop
      vertex 6.54078 30.7313 18.8
      vertex 6.4 30.8008 19.2
      vertex 6.54078 30.7313 19.2
    endloop
  endfacet
  facet normal 0.442673 0.896683 0
    outer loop
      vertex 6.4 30.8008 19.2
      vertex 6.54078 30.7313 18.8
      vertex 6.4 30.8008 18.8
    endloop
  endfacet
  facet normal 0.555553 -0.831481 0
    outer loop
      vertex 6.26949 32.792 18.8
      vertex 6.4 32.8792 19.2
      vertex 6.26949 32.792 19.2
    endloop
  endfacet
  facet normal 0.555553 -0.831481 0
    outer loop
      vertex 6.4 32.8792 19.2
      vertex 6.26949 32.792 18.8
      vertex 6.4 32.8792 18.8
    endloop
  endfacet
  facet normal -0.659343 0.751842 0
    outer loop
      vertex 7.84853 30.9915 18.8
      vertex 7.73051 30.888 19.2
      vertex 7.84853 30.9915 19.2
    endloop
  endfacet
  facet normal -0.659343 0.751842 0
    outer loop
      vertex 7.73051 30.888 19.2
      vertex 7.84853 30.9915 18.8
      vertex 7.73051 30.888 18.8
    endloop
  endfacet
  facet normal 0.321117 -0.94704 0
    outer loop
      vertex 6.54078 32.9487 18.8
      vertex 6.68942 32.9991 19.2
      vertex 6.54078 32.9487 19.2
    endloop
  endfacet
  facet normal 0.321117 -0.94704 0
    outer loop
      vertex 6.68942 32.9991 19.2
      vertex 6.54078 32.9487 18.8
      vertex 6.68942 32.9991 18.8
    endloop
  endfacet
  facet normal -0.831432 0.555626 0
    outer loop
      vertex 7.95202 31.1095 18.8
      vertex 8.03923 31.24 19.2
      vertex 8.03923 31.24 18.8
    endloop
  endfacet
  facet normal -0.831432 0.555626 0
    outer loop
      vertex 8.03923 31.24 19.2
      vertex 7.95202 31.1095 18.8
      vertex 7.95202 31.1095 19.2
    endloop
  endfacet
  facet normal -0.555553 0.831481 0
    outer loop
      vertex 7.73051 30.888 18.8
      vertex 7.6 30.8008 19.2
      vertex 7.73051 30.888 19.2
    endloop
  endfacet
  facet normal -0.555553 0.831481 0
    outer loop
      vertex 7.6 30.8008 19.2
      vertex 7.73051 30.888 18.8
      vertex 7.6 30.8008 18.8
    endloop
  endfacet
  facet normal -0.751818 0.65937 0
    outer loop
      vertex 7.84853 30.9915 18.8
      vertex 7.95202 31.1095 19.2
      vertex 7.95202 31.1095 18.8
    endloop
  endfacet
  facet normal -0.751818 0.65937 0
    outer loop
      vertex 7.95202 31.1095 19.2
      vertex 7.84853 30.9915 18.8
      vertex 7.84853 30.9915 19.2
    endloop
  endfacet
  facet normal -0.980801 0.195014 0
    outer loop
      vertex 8.15911 31.5294 18.8
      vertex 8.18973 31.6834 19.2
      vertex 8.18973 31.6834 18.8
    endloop
  endfacet
  facet normal -0.980801 0.195014 0
    outer loop
      vertex 8.18973 31.6834 19.2
      vertex 8.15911 31.5294 18.8
      vertex 8.15911 31.5294 19.2
    endloop
  endfacet
  facet normal 0.0656183 -0.997845 0
    outer loop
      vertex 6.84337 33.0297 18.8
      vertex 7 33.04 19.2
      vertex 6.84337 33.0297 19.2
    endloop
  endfacet
  facet normal 0.0656183 -0.997845 0
    outer loop
      vertex 7 33.04 19.2
      vertex 6.84337 33.0297 18.8
      vertex 7 33.04 18.8
    endloop
  endfacet
  facet normal 0.89691 0.442212 0
    outer loop
      vertex 5.96077 31.24 19.2
      vertex 5.89135 31.3808 18.8
      vertex 5.89135 31.3808 19.2
    endloop
  endfacet
  facet normal 0.89691 0.442212 0
    outer loop
      vertex 5.89135 31.3808 18.8
      vertex 5.96077 31.24 19.2
      vertex 5.96077 31.24 18.8
    endloop
  endfacet
  facet normal 0.89691 -0.442212 0
    outer loop
      vertex 5.89135 32.2992 19.2
      vertex 5.96077 32.44 18.8
      vertex 5.96077 32.44 19.2
    endloop
  endfacet
  facet normal 0.89691 -0.442212 0
    outer loop
      vertex 5.96077 32.44 18.8
      vertex 5.89135 32.2992 19.2
      vertex 5.89135 32.2992 18.8
    endloop
  endfacet
  facet normal -0.555553 -0.831481 0
    outer loop
      vertex 7.6 32.8792 18.8
      vertex 7.73051 32.792 19.2
      vertex 7.6 32.8792 19.2
    endloop
  endfacet
  facet normal -0.555553 -0.831481 -0
    outer loop
      vertex 7.73051 32.792 19.2
      vertex 7.6 32.8792 18.8
      vertex 7.73051 32.792 18.8
    endloop
  endfacet
  facet normal 0.980801 0.195014 0
    outer loop
      vertex 5.84089 31.5294 19.2
      vertex 5.81027 31.6834 18.8
      vertex 5.81027 31.6834 19.2
    endloop
  endfacet
  facet normal 0.980801 0.195014 0
    outer loop
      vertex 5.81027 31.6834 18.8
      vertex 5.84089 31.5294 19.2
      vertex 5.84089 31.5294 18.8
    endloop
  endfacet
  facet normal -0.321117 0.94704 0
    outer loop
      vertex 7.45922 30.7313 18.8
      vertex 7.31058 30.6809 19.2
      vertex 7.45922 30.7313 19.2
    endloop
  endfacet
  facet normal -0.321117 0.94704 0
    outer loop
      vertex 7.31058 30.6809 19.2
      vertex 7.45922 30.7313 18.8
      vertex 7.31058 30.6809 18.8
    endloop
  endfacet
  facet normal -0.659343 -0.751842 0
    outer loop
      vertex 7.73051 32.792 18.8
      vertex 7.84853 32.6885 19.2
      vertex 7.73051 32.792 19.2
    endloop
  endfacet
  facet normal -0.659343 -0.751842 -0
    outer loop
      vertex 7.84853 32.6885 19.2
      vertex 7.73051 32.792 18.8
      vertex 7.84853 32.6885 18.8
    endloop
  endfacet
  facet normal -0.194952 0.980813 0
    outer loop
      vertex 7.31058 30.6809 18.8
      vertex 7.15663 30.6503 19.2
      vertex 7.31058 30.6809 19.2
    endloop
  endfacet
  facet normal -0.194952 0.980813 0
    outer loop
      vertex 7.15663 30.6503 19.2
      vertex 7.31058 30.6809 18.8
      vertex 7.15663 30.6503 18.8
    endloop
  endfacet
  facet normal 0.946897 -0.321537 0
    outer loop
      vertex 5.84089 32.1506 19.2
      vertex 5.89135 32.2992 18.8
      vertex 5.89135 32.2992 19.2
    endloop
  endfacet
  facet normal 0.946897 -0.321537 0
    outer loop
      vertex 5.89135 32.2992 18.8
      vertex 5.84089 32.1506 19.2
      vertex 5.84089 32.1506 18.8
    endloop
  endfacet
  facet normal 0.194952 -0.980813 0
    outer loop
      vertex 6.68942 32.9991 18.8
      vertex 6.84337 33.0297 19.2
      vertex 6.68942 32.9991 19.2
    endloop
  endfacet
  facet normal 0.194952 -0.980813 0
    outer loop
      vertex 6.84337 33.0297 19.2
      vertex 6.68942 32.9991 18.8
      vertex 6.84337 33.0297 18.8
    endloop
  endfacet
  facet normal 0.0656183 0.997845 -0
    outer loop
      vertex 7 30.64 18.8
      vertex 6.84337 30.6503 19.2
      vertex 7 30.64 19.2
    endloop
  endfacet
  facet normal 0.0656183 0.997845 0
    outer loop
      vertex 6.84337 30.6503 19.2
      vertex 7 30.64 18.8
      vertex 6.84337 30.6503 18.8
    endloop
  endfacet
  facet normal 0.946897 0.321537 0
    outer loop
      vertex 5.89135 31.3808 19.2
      vertex 5.84089 31.5294 18.8
      vertex 5.84089 31.5294 19.2
    endloop
  endfacet
  facet normal 0.946897 0.321537 0
    outer loop
      vertex 5.84089 31.5294 18.8
      vertex 5.89135 31.3808 19.2
      vertex 5.89135 31.3808 18.8
    endloop
  endfacet
  facet normal 0.751818 0.65937 0
    outer loop
      vertex 6.15147 30.9915 19.2
      vertex 6.04798 31.1095 18.8
      vertex 6.04798 31.1095 19.2
    endloop
  endfacet
  facet normal 0.751818 0.65937 0
    outer loop
      vertex 6.04798 31.1095 18.8
      vertex 6.15147 30.9915 19.2
      vertex 6.15147 30.9915 18.8
    endloop
  endfacet
  facet normal 0.194952 0.980813 -0
    outer loop
      vertex 6.84337 30.6503 18.8
      vertex 6.68942 30.6809 19.2
      vertex 6.84337 30.6503 19.2
    endloop
  endfacet
  facet normal 0.194952 0.980813 0
    outer loop
      vertex 6.68942 30.6809 19.2
      vertex 6.84337 30.6503 18.8
      vertex 6.68942 30.6809 18.8
    endloop
  endfacet
  facet normal 0.555553 0.831481 -0
    outer loop
      vertex 6.4 30.8008 18.8
      vertex 6.26949 30.888 19.2
      vertex 6.4 30.8008 19.2
    endloop
  endfacet
  facet normal 0.555553 0.831481 0
    outer loop
      vertex 6.26949 30.888 19.2
      vertex 6.4 30.8008 18.8
      vertex 6.26949 30.888 18.8
    endloop
  endfacet
  facet normal -0.321117 -0.94704 0
    outer loop
      vertex 7.31058 32.9991 18.8
      vertex 7.45922 32.9487 19.2
      vertex 7.31058 32.9991 19.2
    endloop
  endfacet
  facet normal -0.321117 -0.94704 -0
    outer loop
      vertex 7.45922 32.9487 19.2
      vertex 7.31058 32.9991 18.8
      vertex 7.45922 32.9487 18.8
    endloop
  endfacet
  facet normal 0.831432 -0.555626 0
    outer loop
      vertex 5.96077 32.44 19.2
      vertex 6.04798 32.5705 18.8
      vertex 6.04798 32.5705 19.2
    endloop
  endfacet
  facet normal 0.831432 -0.555626 0
    outer loop
      vertex 6.04798 32.5705 18.8
      vertex 5.96077 32.44 19.2
      vertex 5.96077 32.44 18.8
    endloop
  endfacet
  facet normal -0.195112 -0.980781 0
    outer loop
      vertex 7.30021 34.1203 17
      vertex 7.59528 34.0616 18.8
      vertex 7.30021 34.1203 18.8
    endloop
  endfacet
  facet normal -0.195112 -0.980781 -0
    outer loop
      vertex 7.59528 34.0616 18.8
      vertex 7.30021 34.1203 17
      vertex 7.59528 34.0616 17
    endloop
  endfacet
  facet normal -0.980791 -0.195061 0
    outer loop
      vertex 9.28032 32.1402 17
      vertex 9.22163 32.4353 18.8
      vertex 9.22163 32.4353 17
    endloop
  endfacet
  facet normal -0.980791 -0.195061 0
    outer loop
      vertex 9.22163 32.4353 18.8
      vertex 9.28032 32.1402 17
      vertex 9.28032 32.1402 18.8
    endloop
  endfacet
  facet normal -0.997858 -0.0654159 0
    outer loop
      vertex 9.3 31.84 17
      vertex 9.28032 32.1402 18.8
      vertex 9.28032 32.1402 17
    endloop
  endfacet
  facet normal -0.997858 -0.0654159 0
    outer loop
      vertex 9.28032 32.1402 18.8
      vertex 9.3 31.84 17
      vertex 9.3 31.84 18.8
    endloop
  endfacet
  facet normal -0.946931 -0.321438 0
    outer loop
      vertex 9.22163 32.4353 17
      vertex 9.12492 32.7202 18.8
      vertex 9.12492 32.7202 17
    endloop
  endfacet
  facet normal -0.946931 -0.321438 0
    outer loop
      vertex 9.12492 32.7202 18.8
      vertex 9.22163 32.4353 17
      vertex 9.22163 32.4353 18.8
    endloop
  endfacet
  facet normal -0.831513 -0.555505 0
    outer loop
      vertex 8.99186 32.99 17
      vertex 8.82471 33.2402 18.8
      vertex 8.82471 33.2402 17
    endloop
  endfacet
  facet normal -0.831513 -0.555505 0
    outer loop
      vertex 8.82471 33.2402 18.8
      vertex 8.99186 32.99 17
      vertex 8.99186 32.99 18.8
    endloop
  endfacet
  facet normal -0.321418 -0.946937 0
    outer loop
      vertex 7.59528 34.0616 17
      vertex 7.88017 33.9649 18.8
      vertex 7.59528 34.0616 18.8
    endloop
  endfacet
  facet normal -0.321418 -0.946937 -0
    outer loop
      vertex 7.88017 33.9649 18.8
      vertex 7.59528 34.0616 17
      vertex 7.88017 33.9649 17
    endloop
  endfacet
  facet normal 0.980791 0.195061 0
    outer loop
      vertex 4.77837 31.2447 18.8
      vertex 4.71968 31.5398 17
      vertex 4.71968 31.5398 18.8
    endloop
  endfacet
  facet normal 0.980791 0.195061 0
    outer loop
      vertex 4.71968 31.5398 17
      vertex 4.77837 31.2447 18.8
      vertex 4.77837 31.2447 17
    endloop
  endfacet
  facet normal -0.997858 0.0654159 0
    outer loop
      vertex 9.28032 31.5398 17
      vertex 9.3 31.84 18.8
      vertex 9.3 31.84 17
    endloop
  endfacet
  facet normal -0.997858 0.0654159 0
    outer loop
      vertex 9.3 31.84 18.8
      vertex 9.28032 31.5398 17
      vertex 9.28032 31.5398 18.8
    endloop
  endfacet
  facet normal 0.555697 0.831385 -0
    outer loop
      vertex 5.85 29.8481 17
      vertex 5.59985 30.0153 18.8
      vertex 5.85 29.8481 18.8
    endloop
  endfacet
  facet normal 0.555697 0.831385 0
    outer loop
      vertex 5.59985 30.0153 18.8
      vertex 5.85 29.8481 17
      vertex 5.59985 30.0153 17
    endloop
  endfacet
  facet normal 0.997858 0.0654159 0
    outer loop
      vertex 4.71968 31.5398 18.8
      vertex 4.7 31.84 17
      vertex 4.7 31.84 18.8
    endloop
  endfacet
  facet normal 0.997858 0.0654159 0
    outer loop
      vertex 4.7 31.84 17
      vertex 4.71968 31.5398 18.8
      vertex 4.71968 31.5398 17
    endloop
  endfacet
  facet normal 0.321418 0.946937 -0
    outer loop
      vertex 6.40472 29.6184 17
      vertex 6.11983 29.7151 18.8
      vertex 6.40472 29.6184 18.8
    endloop
  endfacet
  facet normal 0.321418 0.946937 0
    outer loop
      vertex 6.11983 29.7151 18.8
      vertex 6.40472 29.6184 17
      vertex 6.11983 29.7151 17
    endloop
  endfacet
  facet normal -0.89686 -0.442314 0
    outer loop
      vertex 9.12492 32.7202 17
      vertex 8.99186 32.99 18.8
      vertex 8.99186 32.99 17
    endloop
  endfacet
  facet normal -0.89686 -0.442314 0
    outer loop
      vertex 8.99186 32.99 18.8
      vertex 9.12492 32.7202 17
      vertex 9.12492 32.7202 18.8
    endloop
  endfacet
  facet normal -0.751699 -0.659507 0
    outer loop
      vertex 8.82471 33.2402 17
      vertex 8.62634 33.4663 18.8
      vertex 8.62634 33.4663 17
    endloop
  endfacet
  facet normal -0.751699 -0.659507 0
    outer loop
      vertex 8.62634 33.4663 18.8
      vertex 8.82471 33.2402 17
      vertex 8.82471 33.2402 18.8
    endloop
  endfacet
  facet normal -0.946931 0.321438 0
    outer loop
      vertex 9.12492 30.9598 17
      vertex 9.22163 31.2447 18.8
      vertex 9.22163 31.2447 17
    endloop
  endfacet
  facet normal -0.946931 0.321438 0
    outer loop
      vertex 9.22163 31.2447 18.8
      vertex 9.12492 30.9598 17
      vertex 9.12492 30.9598 18.8
    endloop
  endfacet
  facet normal 0.751699 0.659507 0
    outer loop
      vertex 5.37366 30.2137 18.8
      vertex 5.17529 30.4398 17
      vertex 5.17529 30.4398 18.8
    endloop
  endfacet
  facet normal 0.751699 0.659507 0
    outer loop
      vertex 5.17529 30.4398 17
      vertex 5.37366 30.2137 18.8
      vertex 5.37366 30.2137 17
    endloop
  endfacet
  facet normal -0.980791 0.195061 0
    outer loop
      vertex 9.22163 31.2447 17
      vertex 9.28032 31.5398 18.8
      vertex 9.28032 31.5398 17
    endloop
  endfacet
  facet normal -0.980791 0.195061 0
    outer loop
      vertex 9.28032 31.5398 18.8
      vertex 9.22163 31.2447 17
      vertex 9.22163 31.2447 18.8
    endloop
  endfacet
  facet normal -0.0654799 0.997854 0
    outer loop
      vertex 7.30021 29.5597 17
      vertex 7 29.54 18.8
      vertex 7.30021 29.5597 18.8
    endloop
  endfacet
  facet normal -0.0654799 0.997854 0
    outer loop
      vertex 7 29.54 18.8
      vertex 7.30021 29.5597 17
      vertex 7 29.54 17
    endloop
  endfacet
  facet normal 0.946931 0.321438 0
    outer loop
      vertex 4.87508 30.9598 18.8
      vertex 4.77837 31.2447 17
      vertex 4.77837 31.2447 18.8
    endloop
  endfacet
  facet normal 0.946931 0.321438 0
    outer loop
      vertex 4.77837 31.2447 17
      vertex 4.87508 30.9598 18.8
      vertex 4.87508 30.9598 17
    endloop
  endfacet
  facet normal -0.831513 0.555505 0
    outer loop
      vertex 8.82471 30.4398 17
      vertex 8.99186 30.69 18.8
      vertex 8.99186 30.69 17
    endloop
  endfacet
  facet normal -0.831513 0.555505 0
    outer loop
      vertex 8.99186 30.69 18.8
      vertex 8.82471 30.4398 17
      vertex 8.82471 30.4398 18.8
    endloop
  endfacet
  facet normal -0.442114 -0.896959 0
    outer loop
      vertex 7.88017 33.9649 17
      vertex 8.15 33.8319 18.8
      vertex 7.88017 33.9649 18.8
    endloop
  endfacet
  facet normal -0.442114 -0.896959 -0
    outer loop
      vertex 8.15 33.8319 18.8
      vertex 7.88017 33.9649 17
      vertex 8.15 33.8319 17
    endloop
  endfacet
  facet normal 0.442114 -0.896959 0
    outer loop
      vertex 5.85 33.8319 17
      vertex 6.11983 33.9649 18.8
      vertex 5.85 33.8319 18.8
    endloop
  endfacet
  facet normal 0.442114 -0.896959 0
    outer loop
      vertex 6.11983 33.9649 18.8
      vertex 5.85 33.8319 17
      vertex 6.11983 33.9649 17
    endloop
  endfacet
  facet normal -0.442114 0.896959 0
    outer loop
      vertex 8.15 29.8481 17
      vertex 7.88017 29.7151 18.8
      vertex 8.15 29.8481 18.8
    endloop
  endfacet
  facet normal -0.442114 0.896959 0
    outer loop
      vertex 7.88017 29.7151 18.8
      vertex 8.15 29.8481 17
      vertex 7.88017 29.7151 17
    endloop
  endfacet
  facet normal -0.321418 0.946937 0
    outer loop
      vertex 7.88017 29.7151 17
      vertex 7.59528 29.6184 18.8
      vertex 7.88017 29.7151 18.8
    endloop
  endfacet
  facet normal -0.321418 0.946937 0
    outer loop
      vertex 7.59528 29.6184 18.8
      vertex 7.88017 29.7151 17
      vertex 7.59528 29.6184 17
    endloop
  endfacet
  facet normal 0.195112 0.980781 -0
    outer loop
      vertex 6.69979 29.5597 17
      vertex 6.40472 29.6184 18.8
      vertex 6.69979 29.5597 18.8
    endloop
  endfacet
  facet normal 0.195112 0.980781 0
    outer loop
      vertex 6.40472 29.6184 18.8
      vertex 6.69979 29.5597 17
      vertex 6.40472 29.6184 17
    endloop
  endfacet
  facet normal 0.946931 -0.321438 0
    outer loop
      vertex 4.77837 32.4353 18.8
      vertex 4.87508 32.7202 17
      vertex 4.87508 32.7202 18.8
    endloop
  endfacet
  facet normal 0.946931 -0.321438 0
    outer loop
      vertex 4.87508 32.7202 17
      vertex 4.77837 32.4353 18.8
      vertex 4.77837 32.4353 17
    endloop
  endfacet
  facet normal 0.195112 -0.980781 0
    outer loop
      vertex 6.40472 34.0616 17
      vertex 6.69979 34.1203 18.8
      vertex 6.40472 34.0616 18.8
    endloop
  endfacet
  facet normal 0.195112 -0.980781 0
    outer loop
      vertex 6.69979 34.1203 18.8
      vertex 6.40472 34.0616 17
      vertex 6.69979 34.1203 17
    endloop
  endfacet
  facet normal 0.555697 -0.831385 0
    outer loop
      vertex 5.59985 33.6647 17
      vertex 5.85 33.8319 18.8
      vertex 5.59985 33.6647 18.8
    endloop
  endfacet
  facet normal 0.555697 -0.831385 0
    outer loop
      vertex 5.85 33.8319 18.8
      vertex 5.59985 33.6647 17
      vertex 5.85 33.8319 17
    endloop
  endfacet
  facet normal -0.555697 0.831385 0
    outer loop
      vertex 8.40015 30.0153 17
      vertex 8.15 29.8481 18.8
      vertex 8.40015 30.0153 18.8
    endloop
  endfacet
  facet normal -0.555697 0.831385 0
    outer loop
      vertex 8.15 29.8481 18.8
      vertex 8.40015 30.0153 17
      vertex 8.15 29.8481 17
    endloop
  endfacet
  facet normal -0.195112 0.980781 0
    outer loop
      vertex 7.59528 29.6184 17
      vertex 7.30021 29.5597 18.8
      vertex 7.59528 29.6184 18.8
    endloop
  endfacet
  facet normal -0.195112 0.980781 0
    outer loop
      vertex 7.30021 29.5597 18.8
      vertex 7.59528 29.6184 17
      vertex 7.30021 29.5597 17
    endloop
  endfacet
  facet normal 0.89686 -0.442314 0
    outer loop
      vertex 4.87508 32.7202 18.8
      vertex 5.00814 32.99 17
      vertex 5.00814 32.99 18.8
    endloop
  endfacet
  facet normal 0.89686 -0.442314 0
    outer loop
      vertex 5.00814 32.99 17
      vertex 4.87508 32.7202 18.8
      vertex 4.87508 32.7202 17
    endloop
  endfacet
  facet normal 0.831513 -0.555505 0
    outer loop
      vertex 5.00814 32.99 18.8
      vertex 5.17529 33.2402 17
      vertex 5.17529 33.2402 18.8
    endloop
  endfacet
  facet normal 0.831513 -0.555505 0
    outer loop
      vertex 5.17529 33.2402 17
      vertex 5.00814 32.99 18.8
      vertex 5.00814 32.99 17
    endloop
  endfacet
  facet normal 0.0654799 0.997854 -0
    outer loop
      vertex 7 29.54 17
      vertex 6.69979 29.5597 18.8
      vertex 7 29.54 18.8
    endloop
  endfacet
  facet normal 0.0654799 0.997854 0
    outer loop
      vertex 6.69979 29.5597 18.8
      vertex 7 29.54 17
      vertex 6.69979 29.5597 17
    endloop
  endfacet
  facet normal 0.0654799 -0.997854 0
    outer loop
      vertex 6.69979 34.1203 17
      vertex 7 34.14 18.8
      vertex 6.69979 34.1203 18.8
    endloop
  endfacet
  facet normal 0.0654799 -0.997854 0
    outer loop
      vertex 7 34.14 18.8
      vertex 6.69979 34.1203 17
      vertex 7 34.14 17
    endloop
  endfacet
  facet normal 0.659415 -0.751779 0
    outer loop
      vertex 5.37366 33.4663 17
      vertex 5.59985 33.6647 18.8
      vertex 5.37366 33.4663 18.8
    endloop
  endfacet
  facet normal 0.659415 -0.751779 0
    outer loop
      vertex 5.59985 33.6647 18.8
      vertex 5.37366 33.4663 17
      vertex 5.59985 33.6647 17
    endloop
  endfacet
  facet normal 0.659415 0.751779 -0
    outer loop
      vertex 5.59985 30.0153 17
      vertex 5.37366 30.2137 18.8
      vertex 5.59985 30.0153 18.8
    endloop
  endfacet
  facet normal 0.659415 0.751779 0
    outer loop
      vertex 5.37366 30.2137 18.8
      vertex 5.59985 30.0153 17
      vertex 5.37366 30.2137 17
    endloop
  endfacet
  facet normal 0.751699 -0.659507 0
    outer loop
      vertex 5.17529 33.2402 18.8
      vertex 5.37366 33.4663 17
      vertex 5.37366 33.4663 18.8
    endloop
  endfacet
  facet normal 0.751699 -0.659507 0
    outer loop
      vertex 5.37366 33.4663 17
      vertex 5.17529 33.2402 18.8
      vertex 5.17529 33.2402 17
    endloop
  endfacet
  facet normal -0.751699 0.659507 0
    outer loop
      vertex 8.62634 30.2137 17
      vertex 8.82471 30.4398 18.8
      vertex 8.82471 30.4398 17
    endloop
  endfacet
  facet normal -0.751699 0.659507 0
    outer loop
      vertex 8.82471 30.4398 18.8
      vertex 8.62634 30.2137 17
      vertex 8.62634 30.2137 18.8
    endloop
  endfacet
  facet normal -0.89686 0.442314 0
    outer loop
      vertex 8.99186 30.69 17
      vertex 9.12492 30.9598 18.8
      vertex 9.12492 30.9598 17
    endloop
  endfacet
  facet normal -0.89686 0.442314 0
    outer loop
      vertex 9.12492 30.9598 18.8
      vertex 8.99186 30.69 17
      vertex 8.99186 30.69 18.8
    endloop
  endfacet
  facet normal 0.980791 -0.195061 0
    outer loop
      vertex 4.71968 32.1402 18.8
      vertex 4.77837 32.4353 17
      vertex 4.77837 32.4353 18.8
    endloop
  endfacet
  facet normal 0.980791 -0.195061 0
    outer loop
      vertex 4.77837 32.4353 17
      vertex 4.71968 32.1402 18.8
      vertex 4.71968 32.1402 17
    endloop
  endfacet
  facet normal -0.0654799 -0.997854 0
    outer loop
      vertex 7 34.14 17
      vertex 7.30021 34.1203 18.8
      vertex 7 34.14 18.8
    endloop
  endfacet
  facet normal -0.0654799 -0.997854 -0
    outer loop
      vertex 7.30021 34.1203 18.8
      vertex 7 34.14 17
      vertex 7.30021 34.1203 17
    endloop
  endfacet
  facet normal -0.555697 -0.831385 0
    outer loop
      vertex 8.15 33.8319 17
      vertex 8.40015 33.6647 18.8
      vertex 8.15 33.8319 18.8
    endloop
  endfacet
  facet normal -0.555697 -0.831385 -0
    outer loop
      vertex 8.40015 33.6647 18.8
      vertex 8.15 33.8319 17
      vertex 8.40015 33.6647 17
    endloop
  endfacet
  facet normal 0.321418 -0.946937 0
    outer loop
      vertex 6.11983 33.9649 17
      vertex 6.40472 34.0616 18.8
      vertex 6.11983 33.9649 18.8
    endloop
  endfacet
  facet normal 0.321418 -0.946937 0
    outer loop
      vertex 6.40472 34.0616 18.8
      vertex 6.11983 33.9649 17
      vertex 6.40472 34.0616 17
    endloop
  endfacet
  facet normal 0.997858 -0.0654159 0
    outer loop
      vertex 4.7 31.84 18.8
      vertex 4.71968 32.1402 17
      vertex 4.71968 32.1402 18.8
    endloop
  endfacet
  facet normal 0.997858 -0.0654159 0
    outer loop
      vertex 4.71968 32.1402 17
      vertex 4.7 31.84 18.8
      vertex 4.7 31.84 17
    endloop
  endfacet
  facet normal -0.659415 -0.751779 0
    outer loop
      vertex 8.40015 33.6647 17
      vertex 8.62634 33.4663 18.8
      vertex 8.40015 33.6647 18.8
    endloop
  endfacet
  facet normal -0.659415 -0.751779 -0
    outer loop
      vertex 8.62634 33.4663 18.8
      vertex 8.40015 33.6647 17
      vertex 8.62634 33.4663 17
    endloop
  endfacet
  facet normal 0 0 -1
    outer loop
      vertex 8.2 31.84 18.8
      vertex 9.3 31.84 18.8
      vertex 9.28032 31.5398 18.8
    endloop
  endfacet
  facet normal 0 0 -1
    outer loop
      vertex 8.18973 31.6834 18.8
      vertex 9.28032 31.5398 18.8
      vertex 9.22163 31.2447 18.8
    endloop
  endfacet
  facet normal 0 0 -1
    outer loop
      vertex 9.3 31.84 18.8
      vertex 8.2 31.84 18.8
      vertex 9.28032 32.1402 18.8
    endloop
  endfacet
  facet normal 0 0 -1
    outer loop
      vertex 8.15911 31.5294 18.8
      vertex 9.22163 31.2447 18.8
      vertex 9.12492 30.9598 18.8
    endloop
  endfacet
  facet normal 0 0 -1
    outer loop
      vertex 8.18973 31.9966 18.8
      vertex 9.28032 32.1402 18.8
      vertex 8.2 31.84 18.8
    endloop
  endfacet
  facet normal 0 0 -1
    outer loop
      vertex 8.10865 31.3808 18.8
      vertex 9.12492 30.9598 18.8
      vertex 8.99186 30.69 18.8
    endloop
  endfacet
  facet normal -0 0 -1
    outer loop
      vertex 9.28032 32.1402 18.8
      vertex 8.18973 31.9966 18.8
      vertex 9.22163 32.4353 18.8
    endloop
  endfacet
  facet normal 0 0 -1
    outer loop
      vertex 8.03923 31.24 18.8
      vertex 8.99186 30.69 18.8
      vertex 8.82471 30.4398 18.8
    endloop
  endfacet
  facet normal 0 0 -1
    outer loop
      vertex 8.15911 32.1506 18.8
      vertex 9.22163 32.4353 18.8
      vertex 8.18973 31.9966 18.8
    endloop
  endfacet
  facet normal 0 0 -1
    outer loop
      vertex 7.95202 31.1095 18.8
      vertex 8.82471 30.4398 18.8
      vertex 8.62634 30.2137 18.8
    endloop
  endfacet
  facet normal -0 0 -1
    outer loop
      vertex 9.22163 32.4353 18.8
      vertex 8.15911 32.1506 18.8
      vertex 9.12492 32.7202 18.8
    endloop
  endfacet
  facet normal 0 0 -1
    outer loop
      vertex 7.84853 30.9915 18.8
      vertex 8.62634 30.2137 18.8
      vertex 8.40015 30.0153 18.8
    endloop
  endfacet
  facet normal 0 0 -1
    outer loop
      vertex 8.10865 32.2992 18.8
      vertex 9.12492 32.7202 18.8
      vertex 8.15911 32.1506 18.8
    endloop
  endfacet
  facet normal -0 0 -1
    outer loop
      vertex 9.12492 32.7202 18.8
      vertex 8.10865 32.2992 18.8
      vertex 8.99186 32.99 18.8
    endloop
  endfacet
  facet normal 0 0 -1
    outer loop
      vertex 9.28032 31.5398 18.8
      vertex 8.18973 31.6834 18.8
      vertex 8.2 31.84 18.8
    endloop
  endfacet
  facet normal 0 0 -1
    outer loop
      vertex 9.22163 31.2447 18.8
      vertex 8.15911 31.5294 18.8
      vertex 8.18973 31.6834 18.8
    endloop
  endfacet
  facet normal 0 0 -1
    outer loop
      vertex 7.73051 30.888 18.8
      vertex 8.40015 30.0153 18.8
      vertex 8.15 29.8481 18.8
    endloop
  endfacet
  facet normal 0 0 -1
    outer loop
      vertex 9.12492 30.9598 18.8
      vertex 8.10865 31.3808 18.8
      vertex 8.15911 31.5294 18.8
    endloop
  endfacet
  facet normal 0 0 -1
    outer loop
      vertex 8.99186 30.69 18.8
      vertex 8.03923 31.24 18.8
      vertex 8.10865 31.3808 18.8
    endloop
  endfacet
  facet normal 0 0 -1
    outer loop
      vertex 8.82471 30.4398 18.8
      vertex 7.95202 31.1095 18.8
      vertex 8.03923 31.24 18.8
    endloop
  endfacet
  facet normal 0 0 -1
    outer loop
      vertex 7.6 30.8008 18.8
      vertex 8.15 29.8481 18.8
      vertex 7.88017 29.7151 18.8
    endloop
  endfacet
  facet normal 0 0 -1
    outer loop
      vertex 8.62634 30.2137 18.8
      vertex 7.84853 30.9915 18.8
      vertex 7.95202 31.1095 18.8
    endloop
  endfacet
  facet normal 0 0 -1
    outer loop
      vertex 8.40015 30.0153 18.8
      vertex 7.73051 30.888 18.8
      vertex 7.84853 30.9915 18.8
    endloop
  endfacet
  facet normal 0 0 -1
    outer loop
      vertex 8.15 29.8481 18.8
      vertex 7.6 30.8008 18.8
      vertex 7.73051 30.888 18.8
    endloop
  endfacet
  facet normal 0 0 -1
    outer loop
      vertex 7.45922 30.7313 18.8
      vertex 7.88017 29.7151 18.8
      vertex 7.59528 29.6184 18.8
    endloop
  endfacet
  facet normal 0 0 -1
    outer loop
      vertex 7.88017 29.7151 18.8
      vertex 7.45922 30.7313 18.8
      vertex 7.6 30.8008 18.8
    endloop
  endfacet
  facet normal 0 0 -1
    outer loop
      vertex 7.59528 29.6184 18.8
      vertex 7.31058 30.6809 18.8
      vertex 7.45922 30.7313 18.8
    endloop
  endfacet
  facet normal 0 0 -1
    outer loop
      vertex 7.30021 29.5597 18.8
      vertex 7.31058 30.6809 18.8
      vertex 7.59528 29.6184 18.8
    endloop
  endfacet
  facet normal 0 0 -1
    outer loop
      vertex 7.30021 29.5597 18.8
      vertex 7.15663 30.6503 18.8
      vertex 7.31058 30.6809 18.8
    endloop
  endfacet
  facet normal 0 0 -1
    outer loop
      vertex 7 29.54 18.8
      vertex 7.15663 30.6503 18.8
      vertex 7.30021 29.5597 18.8
    endloop
  endfacet
  facet normal 0 0 -1
    outer loop
      vertex 7 29.54 18.8
      vertex 7 30.64 18.8
      vertex 7.15663 30.6503 18.8
    endloop
  endfacet
  facet normal 0 0 -1
    outer loop
      vertex 7 29.54 18.8
      vertex 6.84337 30.6503 18.8
      vertex 7 30.64 18.8
    endloop
  endfacet
  facet normal 0 0 -1
    outer loop
      vertex 6.69979 29.5597 18.8
      vertex 6.84337 30.6503 18.8
      vertex 7 29.54 18.8
    endloop
  endfacet
  facet normal 0 0 -1
    outer loop
      vertex 6.69979 29.5597 18.8
      vertex 6.68942 30.6809 18.8
      vertex 6.84337 30.6503 18.8
    endloop
  endfacet
  facet normal 0 0 -1
    outer loop
      vertex 6.40472 29.6184 18.8
      vertex 6.68942 30.6809 18.8
      vertex 6.69979 29.5597 18.8
    endloop
  endfacet
  facet normal -0 0 -1
    outer loop
      vertex 6.68942 30.6809 18.8
      vertex 6.40472 29.6184 18.8
      vertex 6.54078 30.7313 18.8
    endloop
  endfacet
  facet normal 0 0 -1
    outer loop
      vertex 6.11983 29.7151 18.8
      vertex 6.54078 30.7313 18.8
      vertex 6.40472 29.6184 18.8
    endloop
  endfacet
  facet normal -0 0 -1
    outer loop
      vertex 6.54078 30.7313 18.8
      vertex 6.11983 29.7151 18.8
      vertex 6.4 30.8008 18.8
    endloop
  endfacet
  facet normal 0 0 -1
    outer loop
      vertex 5.85 29.8481 18.8
      vertex 6.4 30.8008 18.8
      vertex 6.11983 29.7151 18.8
    endloop
  endfacet
  facet normal -0 0 -1
    outer loop
      vertex 6.4 30.8008 18.8
      vertex 5.85 29.8481 18.8
      vertex 6.26949 30.888 18.8
    endloop
  endfacet
  facet normal 0 0 -1
    outer loop
      vertex 5.59985 30.0153 18.8
      vertex 6.26949 30.888 18.8
      vertex 5.85 29.8481 18.8
    endloop
  endfacet
  facet normal -0 0 -1
    outer loop
      vertex 6.26949 30.888 18.8
      vertex 5.59985 30.0153 18.8
      vertex 6.15147 30.9915 18.8
    endloop
  endfacet
  facet normal 0 0 -1
    outer loop
      vertex 5.37366 30.2137 18.8
      vertex 6.15147 30.9915 18.8
      vertex 5.59985 30.0153 18.8
    endloop
  endfacet
  facet normal -0 0 -1
    outer loop
      vertex 6.15147 30.9915 18.8
      vertex 5.37366 30.2137 18.8
      vertex 6.04798 31.1095 18.8
    endloop
  endfacet
  facet normal 0 0 -1
    outer loop
      vertex 5.17529 30.4398 18.8
      vertex 6.04798 31.1095 18.8
      vertex 5.37366 30.2137 18.8
    endloop
  endfacet
  facet normal -0 0 -1
    outer loop
      vertex 6.04798 31.1095 18.8
      vertex 5.17529 30.4398 18.8
      vertex 5.96077 31.24 18.8
    endloop
  endfacet
  facet normal 0 0 -1
    outer loop
      vertex 5.00814 30.69 18.8
      vertex 5.96077 31.24 18.8
      vertex 5.17529 30.4398 18.8
    endloop
  endfacet
  facet normal -0 0 -1
    outer loop
      vertex 5.96077 31.24 18.8
      vertex 5.00814 30.69 18.8
      vertex 5.89135 31.3808 18.8
    endloop
  endfacet
  facet normal 0 0 -1
    outer loop
      vertex 8.03923 32.44 18.8
      vertex 8.99186 32.99 18.8
      vertex 8.10865 32.2992 18.8
    endloop
  endfacet
  facet normal -0 0 -1
    outer loop
      vertex 8.99186 32.99 18.8
      vertex 8.03923 32.44 18.8
      vertex 8.82471 33.2402 18.8
    endloop
  endfacet
  facet normal 0 0 -1
    outer loop
      vertex 7.95202 32.5705 18.8
      vertex 8.82471 33.2402 18.8
      vertex 8.03923 32.44 18.8
    endloop
  endfacet
  facet normal -0 0 -1
    outer loop
      vertex 8.82471 33.2402 18.8
      vertex 7.95202 32.5705 18.8
      vertex 8.62634 33.4663 18.8
    endloop
  endfacet
  facet normal 0 0 -1
    outer loop
      vertex 7.84853 32.6885 18.8
      vertex 8.62634 33.4663 18.8
      vertex 7.95202 32.5705 18.8
    endloop
  endfacet
  facet normal -0 0 -1
    outer loop
      vertex 8.62634 33.4663 18.8
      vertex 7.84853 32.6885 18.8
      vertex 8.40015 33.6647 18.8
    endloop
  endfacet
  facet normal 0 0 -1
    outer loop
      vertex 7.73051 32.792 18.8
      vertex 8.40015 33.6647 18.8
      vertex 7.84853 32.6885 18.8
    endloop
  endfacet
  facet normal -0 0 -1
    outer loop
      vertex 8.40015 33.6647 18.8
      vertex 7.73051 32.792 18.8
      vertex 8.15 33.8319 18.8
    endloop
  endfacet
  facet normal 0 0 -1
    outer loop
      vertex 7.6 32.8792 18.8
      vertex 8.15 33.8319 18.8
      vertex 7.73051 32.792 18.8
    endloop
  endfacet
  facet normal -0 0 -1
    outer loop
      vertex 8.15 33.8319 18.8
      vertex 7.6 32.8792 18.8
      vertex 7.88017 33.9649 18.8
    endloop
  endfacet
  facet normal 0 0 -1
    outer loop
      vertex 7.45922 32.9487 18.8
      vertex 7.88017 33.9649 18.8
      vertex 7.6 32.8792 18.8
    endloop
  endfacet
  facet normal -0 0 -1
    outer loop
      vertex 7.88017 33.9649 18.8
      vertex 7.45922 32.9487 18.8
      vertex 7.59528 34.0616 18.8
    endloop
  endfacet
  facet normal 0 0 -1
    outer loop
      vertex 7.31058 32.9991 18.8
      vertex 7.59528 34.0616 18.8
      vertex 7.45922 32.9487 18.8
    endloop
  endfacet
  facet normal 0 0 -1
    outer loop
      vertex 7.31058 32.9991 18.8
      vertex 7.30021 34.1203 18.8
      vertex 7.59528 34.0616 18.8
    endloop
  endfacet
  facet normal 0 0 -1
    outer loop
      vertex 7.15663 33.0297 18.8
      vertex 7.30021 34.1203 18.8
      vertex 7.31058 32.9991 18.8
    endloop
  endfacet
  facet normal 0 0 -1
    outer loop
      vertex 7 33.04 18.8
      vertex 7.30021 34.1203 18.8
      vertex 7.15663 33.0297 18.8
    endloop
  endfacet
  facet normal 0 0 -1
    outer loop
      vertex 7 33.04 18.8
      vertex 7 34.14 18.8
      vertex 7.30021 34.1203 18.8
    endloop
  endfacet
  facet normal 0 0 -1
    outer loop
      vertex 6.84337 33.0297 18.8
      vertex 7 34.14 18.8
      vertex 7 33.04 18.8
    endloop
  endfacet
  facet normal 0 0 -1
    outer loop
      vertex 6.84337 33.0297 18.8
      vertex 6.69979 34.1203 18.8
      vertex 7 34.14 18.8
    endloop
  endfacet
  facet normal 0 0 -1
    outer loop
      vertex 6.68942 32.9991 18.8
      vertex 6.69979 34.1203 18.8
      vertex 6.84337 33.0297 18.8
    endloop
  endfacet
  facet normal 0 0 -1
    outer loop
      vertex 6.40472 34.0616 18.8
      vertex 6.68942 32.9991 18.8
      vertex 6.54078 32.9487 18.8
    endloop
  endfacet
  facet normal 0 0 -1
    outer loop
      vertex 6.68942 32.9991 18.8
      vertex 6.40472 34.0616 18.8
      vertex 6.69979 34.1203 18.8
    endloop
  endfacet
  facet normal 0 0 -1
    outer loop
      vertex 6.11983 33.9649 18.8
      vertex 6.54078 32.9487 18.8
      vertex 6.4 32.8792 18.8
    endloop
  endfacet
  facet normal 0 0 -1
    outer loop
      vertex 5.85 33.8319 18.8
      vertex 6.4 32.8792 18.8
      vertex 6.26949 32.792 18.8
    endloop
  endfacet
  facet normal 0 0 -1
    outer loop
      vertex 5.59985 33.6647 18.8
      vertex 6.26949 32.792 18.8
      vertex 6.15147 32.6885 18.8
    endloop
  endfacet
  facet normal 0 0 -1
    outer loop
      vertex 6.54078 32.9487 18.8
      vertex 6.11983 33.9649 18.8
      vertex 6.40472 34.0616 18.8
    endloop
  endfacet
  facet normal 0 0 -1
    outer loop
      vertex 5.37366 33.4663 18.8
      vertex 6.15147 32.6885 18.8
      vertex 6.04798 32.5705 18.8
    endloop
  endfacet
  facet normal 0 0 -1
    outer loop
      vertex 5.17529 33.2402 18.8
      vertex 6.04798 32.5705 18.8
      vertex 5.96077 32.44 18.8
    endloop
  endfacet
  facet normal 0 0 -1
    outer loop
      vertex 5.00814 32.99 18.8
      vertex 5.96077 32.44 18.8
      vertex 5.89135 32.2992 18.8
    endloop
  endfacet
  facet normal 0 0 -1
    outer loop
      vertex 6.4 32.8792 18.8
      vertex 5.85 33.8319 18.8
      vertex 6.11983 33.9649 18.8
    endloop
  endfacet
  facet normal 0 0 -1
    outer loop
      vertex 4.87508 32.7202 18.8
      vertex 5.89135 32.2992 18.8
      vertex 5.84089 32.1506 18.8
    endloop
  endfacet
  facet normal 0 0 -1
    outer loop
      vertex 4.77837 32.4353 18.8
      vertex 5.84089 32.1506 18.8
      vertex 5.81027 31.9966 18.8
    endloop
  endfacet
  facet normal 0 0 -1
    outer loop
      vertex 4.71968 32.1402 18.8
      vertex 5.81027 31.9966 18.8
      vertex 5.8 31.84 18.8
    endloop
  endfacet
  facet normal 0 0 -1
    outer loop
      vertex 4.87508 30.9598 18.8
      vertex 5.89135 31.3808 18.8
      vertex 5.00814 30.69 18.8
    endloop
  endfacet
  facet normal 0 0 -1
    outer loop
      vertex 6.26949 32.792 18.8
      vertex 5.59985 33.6647 18.8
      vertex 5.85 33.8319 18.8
    endloop
  endfacet
  facet normal -0 0 -1
    outer loop
      vertex 5.89135 31.3808 18.8
      vertex 4.87508 30.9598 18.8
      vertex 5.84089 31.5294 18.8
    endloop
  endfacet
  facet normal 0 0 -1
    outer loop
      vertex 6.15147 32.6885 18.8
      vertex 5.37366 33.4663 18.8
      vertex 5.59985 33.6647 18.8
    endloop
  endfacet
  facet normal 0 0 -1
    outer loop
      vertex 4.77837 31.2447 18.8
      vertex 5.84089 31.5294 18.8
      vertex 4.87508 30.9598 18.8
    endloop
  endfacet
  facet normal 0 0 -1
    outer loop
      vertex 6.04798 32.5705 18.8
      vertex 5.17529 33.2402 18.8
      vertex 5.37366 33.4663 18.8
    endloop
  endfacet
  facet normal -0 0 -1
    outer loop
      vertex 5.84089 31.5294 18.8
      vertex 4.77837 31.2447 18.8
      vertex 5.81027 31.6834 18.8
    endloop
  endfacet
  facet normal 0 0 -1
    outer loop
      vertex 5.96077 32.44 18.8
      vertex 5.00814 32.99 18.8
      vertex 5.17529 33.2402 18.8
    endloop
  endfacet
  facet normal 0 0 -1
    outer loop
      vertex 4.71968 31.5398 18.8
      vertex 5.81027 31.6834 18.8
      vertex 4.77837 31.2447 18.8
    endloop
  endfacet
  facet normal 0 0 -1
    outer loop
      vertex 5.89135 32.2992 18.8
      vertex 4.87508 32.7202 18.8
      vertex 5.00814 32.99 18.8
    endloop
  endfacet
  facet normal -0 0 -1
    outer loop
      vertex 5.81027 31.6834 18.8
      vertex 4.71968 31.5398 18.8
      vertex 5.8 31.84 18.8
    endloop
  endfacet
  facet normal 0 0 -1
    outer loop
      vertex 5.84089 32.1506 18.8
      vertex 4.77837 32.4353 18.8
      vertex 4.87508 32.7202 18.8
    endloop
  endfacet
  facet normal 0 0 -1
    outer loop
      vertex 4.7 31.84 18.8
      vertex 5.8 31.84 18.8
      vertex 4.71968 31.5398 18.8
    endloop
  endfacet
  facet normal 0 0 -1
    outer loop
      vertex 5.81027 31.9966 18.8
      vertex 4.71968 32.1402 18.8
      vertex 4.77837 32.4353 18.8
    endloop
  endfacet
  facet normal 0 0 -1
    outer loop
      vertex 5.8 31.84 18.8
      vertex 4.7 31.84 18.8
      vertex 4.71968 32.1402 18.8
    endloop
  endfacet
  facet normal 0.89686 0.442314 0
    outer loop
      vertex 5.00814 30.69 18.8
      vertex 4.87508 30.9598 17
      vertex 4.87508 30.9598 18.8
    endloop
  endfacet
  facet normal 0.89686 0.442314 0
    outer loop
      vertex 4.87508 30.9598 17
      vertex 5.00814 30.69 18.8
      vertex 5.00814 30.69 17
    endloop
  endfacet
  facet normal 0.442114 0.896959 -0
    outer loop
      vertex 6.11983 29.7151 17
      vertex 5.85 29.8481 18.8
      vertex 6.11983 29.7151 18.8
    endloop
  endfacet
  facet normal 0.442114 0.896959 0
    outer loop
      vertex 5.85 29.8481 18.8
      vertex 6.11983 29.7151 17
      vertex 5.85 29.8481 17
    endloop
  endfacet
  facet normal -0.659415 0.751779 0
    outer loop
      vertex 8.62634 30.2137 17
      vertex 8.40015 30.0153 18.8
      vertex 8.62634 30.2137 18.8
    endloop
  endfacet
  facet normal -0.659415 0.751779 0
    outer loop
      vertex 8.40015 30.0153 18.8
      vertex 8.62634 30.2137 17
      vertex 8.40015 30.0153 17
    endloop
  endfacet
  facet normal 0.831513 0.555505 0
    outer loop
      vertex 5.17529 30.4398 18.8
      vertex 5.00814 30.69 17
      vertex 5.00814 30.69 18.8
    endloop
  endfacet
  facet normal 0.831513 0.555505 0
    outer loop
      vertex 5.00814 30.69 17
      vertex 5.17529 30.4398 18.8
      vertex 5.17529 30.4398 17
    endloop
  endfacet
  facet normal -0.0652745 0.997867 0
    outer loop
      vertex 110.557 4.81027 18.8
      vertex 110.4 4.8 19.2
      vertex 110.557 4.81027 19.2
    endloop
  endfacet
  facet normal -0.0652745 0.997867 0
    outer loop
      vertex 110.4 4.8 19.2
      vertex 110.557 4.81027 18.8
      vertex 110.4 4.8 18.8
    endloop
  endfacet
  facet normal -0.980323 -0.197402 0
    outer loop
      vertex 111.59 6.15663 18.8
      vertex 111.559 6.31058 19.2
      vertex 111.559 6.31058 18.8
    endloop
  endfacet
  facet normal -0.980323 -0.197402 0
    outer loop
      vertex 111.559 6.31058 19.2
      vertex 111.59 6.15663 18.8
      vertex 111.59 6.15663 19.2
    endloop
  endfacet
  facet normal -0.997968 -0.063715 0
    outer loop
      vertex 111.6 6 18.8
      vertex 111.59 6.15663 19.2
      vertex 111.59 6.15663 18.8
    endloop
  endfacet
  facet normal -0.997968 -0.063715 0
    outer loop
      vertex 111.59 6.15663 19.2
      vertex 111.6 6 18.8
      vertex 111.6 6 19.2
    endloop
  endfacet
  facet normal -0.947813 -0.318828 0
    outer loop
      vertex 111.559 6.31058 18.8
      vertex 111.509 6.45922 19.2
      vertex 111.509 6.45922 18.8
    endloop
  endfacet
  facet normal -0.947813 -0.318828 0
    outer loop
      vertex 111.509 6.45922 19.2
      vertex 111.559 6.31058 18.8
      vertex 111.559 6.31058 19.2
    endloop
  endfacet
  facet normal -0.0652745 -0.997867 0
    outer loop
      vertex 110.4 7.2 18.8
      vertex 110.557 7.18973 19.2
      vertex 110.4 7.2 19.2
    endloop
  endfacet
  facet normal -0.0652745 -0.997867 -0
    outer loop
      vertex 110.557 7.18973 19.2
      vertex 110.4 7.2 18.8
      vertex 110.557 7.18973 18.8
    endloop
  endfacet
  facet normal 0.65937 0.751818 -0
    outer loop
      vertex 109.669 5.04798 18.8
      vertex 109.551 5.15147 19.2
      vertex 109.669 5.04798 19.2
    endloop
  endfacet
  facet normal 0.65937 0.751818 0
    outer loop
      vertex 109.551 5.15147 19.2
      vertex 109.669 5.04798 18.8
      vertex 109.551 5.15147 18.8
    endloop
  endfacet
  facet normal 0.997968 0.063715 0
    outer loop
      vertex 109.21 5.84337 19.2
      vertex 109.2 6 18.8
      vertex 109.2 6 19.2
    endloop
  endfacet
  facet normal 0.997968 0.063715 0
    outer loop
      vertex 109.2 6 18.8
      vertex 109.21 5.84337 19.2
      vertex 109.21 5.84337 18.8
    endloop
  endfacet
  facet normal 0.65937 -0.751818 0
    outer loop
      vertex 109.551 6.84853 18.8
      vertex 109.669 6.95202 19.2
      vertex 109.551 6.84853 19.2
    endloop
  endfacet
  facet normal 0.65937 -0.751818 0
    outer loop
      vertex 109.669 6.95202 19.2
      vertex 109.551 6.84853 18.8
      vertex 109.669 6.95202 18.8
    endloop
  endfacet
  facet normal -0.753422 -0.657537 0
    outer loop
      vertex 111.352 6.73051 18.8
      vertex 111.249 6.84853 19.2
      vertex 111.249 6.84853 18.8
    endloop
  endfacet
  facet normal -0.753422 -0.657537 0
    outer loop
      vertex 111.249 6.84853 19.2
      vertex 111.352 6.73051 18.8
      vertex 111.352 6.73051 19.2
    endloop
  endfacet
  facet normal -0.997968 0.063715 0
    outer loop
      vertex 111.59 5.84337 18.8
      vertex 111.6 6 19.2
      vertex 111.6 6 18.8
    endloop
  endfacet
  facet normal -0.997968 0.063715 0
    outer loop
      vertex 111.6 6 19.2
      vertex 111.59 5.84337 18.8
      vertex 111.59 5.84337 19.2
    endloop
  endfacet
  facet normal -0.441708 -0.897159 0
    outer loop
      vertex 110.859 7.10865 18.8
      vertex 111 7.03923 19.2
      vertex 110.859 7.10865 19.2
    endloop
  endfacet
  facet normal -0.441708 -0.897159 -0
    outer loop
      vertex 111 7.03923 19.2
      vertex 110.859 7.10865 18.8
      vertex 111 7.03923 18.8
    endloop
  endfacet
  facet normal -0.895417 0.445228 0
    outer loop
      vertex 111.439 5.4 18.8
      vertex 111.509 5.54078 19.2
      vertex 111.509 5.54078 18.8
    endloop
  endfacet
  facet normal -0.895417 0.445228 0
    outer loop
      vertex 111.509 5.54078 19.2
      vertex 111.439 5.4 18.8
      vertex 111.439 5.4 19.2
    endloop
  endfacet
  facet normal 0.322705 0.9465 -0
    outer loop
      vertex 110.089 4.84089 18.8
      vertex 109.941 4.89135 19.2
      vertex 110.089 4.84089 19.2
    endloop
  endfacet
  facet normal 0.322705 0.9465 0
    outer loop
      vertex 109.941 4.89135 19.2
      vertex 110.089 4.84089 18.8
      vertex 109.941 4.89135 18.8
    endloop
  endfacet
  facet normal -0.83207 -0.554671 0
    outer loop
      vertex 111.439 6.6 18.8
      vertex 111.352 6.73051 19.2
      vertex 111.352 6.73051 18.8
    endloop
  endfacet
  facet normal -0.83207 -0.554671 0
    outer loop
      vertex 111.352 6.73051 19.2
      vertex 111.439 6.6 18.8
      vertex 111.439 6.6 19.2
    endloop
  endfacet
  facet normal -0.895417 -0.445228 0
    outer loop
      vertex 111.509 6.45922 18.8
      vertex 111.439 6.6 19.2
      vertex 111.439 6.6 18.8
    endloop
  endfacet
  facet normal -0.895417 -0.445228 0
    outer loop
      vertex 111.439 6.6 19.2
      vertex 111.509 6.45922 18.8
      vertex 111.509 6.45922 19.2
    endloop
  endfacet
  facet normal 0.83207 0.554671 0
    outer loop
      vertex 109.448 5.26949 19.2
      vertex 109.361 5.4 18.8
      vertex 109.361 5.4 19.2
    endloop
  endfacet
  facet normal 0.83207 0.554671 0
    outer loop
      vertex 109.361 5.4 18.8
      vertex 109.448 5.26949 19.2
      vertex 109.448 5.26949 18.8
    endloop
  endfacet
  facet normal -0.441708 0.897159 0
    outer loop
      vertex 111 4.96077 18.8
      vertex 110.859 4.89135 19.2
      vertex 111 4.96077 19.2
    endloop
  endfacet
  facet normal -0.441708 0.897159 0
    outer loop
      vertex 110.859 4.89135 19.2
      vertex 111 4.96077 18.8
      vertex 110.859 4.89135 18.8
    endloop
  endfacet
  facet normal 0.997968 -0.063715 0
    outer loop
      vertex 109.2 6 19.2
      vertex 109.21 6.15663 18.8
      vertex 109.21 6.15663 19.2
    endloop
  endfacet
  facet normal 0.997968 -0.063715 0
    outer loop
      vertex 109.21 6.15663 18.8
      vertex 109.2 6 19.2
      vertex 109.2 6 18.8
    endloop
  endfacet
  facet normal 0.441708 -0.897159 0
    outer loop
      vertex 109.8 7.03923 18.8
      vertex 109.941 7.10865 19.2
      vertex 109.8 7.03923 19.2
    endloop
  endfacet
  facet normal 0.441708 -0.897159 0
    outer loop
      vertex 109.941 7.10865 19.2
      vertex 109.8 7.03923 18.8
      vertex 109.941 7.10865 18.8
    endloop
  endfacet
  facet normal -0.195014 -0.980801 0
    outer loop
      vertex 110.557 7.18973 18.8
      vertex 110.711 7.15911 19.2
      vertex 110.557 7.18973 19.2
    endloop
  endfacet
  facet normal -0.195014 -0.980801 -0
    outer loop
      vertex 110.711 7.15911 19.2
      vertex 110.557 7.18973 18.8
      vertex 110.711 7.15911 18.8
    endloop
  endfacet
  facet normal 0.753422 -0.657537 0
    outer loop
      vertex 109.448 6.73051 19.2
      vertex 109.551 6.84853 18.8
      vertex 109.551 6.84853 19.2
    endloop
  endfacet
  facet normal 0.753422 -0.657537 0
    outer loop
      vertex 109.551 6.84853 18.8
      vertex 109.448 6.73051 19.2
      vertex 109.448 6.73051 18.8
    endloop
  endfacet
  facet normal 0.947813 0.318828 0
    outer loop
      vertex 109.291 5.54078 19.2
      vertex 109.241 5.68942 18.8
      vertex 109.241 5.68942 19.2
    endloop
  endfacet
  facet normal 0.947813 0.318828 0
    outer loop
      vertex 109.241 5.68942 18.8
      vertex 109.291 5.54078 19.2
      vertex 109.291 5.54078 18.8
    endloop
  endfacet
  facet normal -0.947813 0.318828 0
    outer loop
      vertex 111.509 5.54078 18.8
      vertex 111.559 5.68942 19.2
      vertex 111.559 5.68942 18.8
    endloop
  endfacet
  facet normal -0.947813 0.318828 0
    outer loop
      vertex 111.559 5.68942 19.2
      vertex 111.509 5.54078 18.8
      vertex 111.509 5.54078 19.2
    endloop
  endfacet
  facet normal 0.980323 -0.197402 0
    outer loop
      vertex 109.21 6.15663 19.2
      vertex 109.241 6.31058 18.8
      vertex 109.241 6.31058 19.2
    endloop
  endfacet
  facet normal 0.980323 -0.197402 0
    outer loop
      vertex 109.241 6.31058 18.8
      vertex 109.21 6.15663 19.2
      vertex 109.21 6.15663 18.8
    endloop
  endfacet
  facet normal 0.441708 0.897159 -0
    outer loop
      vertex 109.941 4.89135 18.8
      vertex 109.8 4.96077 19.2
      vertex 109.941 4.89135 19.2
    endloop
  endfacet
  facet normal 0.441708 0.897159 0
    outer loop
      vertex 109.8 4.96077 19.2
      vertex 109.941 4.89135 18.8
      vertex 109.8 4.96077 18.8
    endloop
  endfacet
  facet normal 0.554158 -0.832412 0
    outer loop
      vertex 109.669 6.95202 18.8
      vertex 109.8 7.03923 19.2
      vertex 109.669 6.95202 19.2
    endloop
  endfacet
  facet normal 0.554158 -0.832412 0
    outer loop
      vertex 109.8 7.03923 19.2
      vertex 109.669 6.95202 18.8
      vertex 109.8 7.03923 18.8
    endloop
  endfacet
  facet normal -0.65937 0.751818 0
    outer loop
      vertex 111.249 5.15147 18.8
      vertex 111.131 5.04798 19.2
      vertex 111.249 5.15147 19.2
    endloop
  endfacet
  facet normal -0.65937 0.751818 0
    outer loop
      vertex 111.131 5.04798 19.2
      vertex 111.249 5.15147 18.8
      vertex 111.131 5.04798 18.8
    endloop
  endfacet
  facet normal 0.322705 -0.9465 0
    outer loop
      vertex 109.941 7.10865 18.8
      vertex 110.089 7.15911 19.2
      vertex 109.941 7.10865 19.2
    endloop
  endfacet
  facet normal 0.322705 -0.9465 0
    outer loop
      vertex 110.089 7.15911 19.2
      vertex 109.941 7.10865 18.8
      vertex 110.089 7.15911 18.8
    endloop
  endfacet
  facet normal -0.83207 0.554671 0
    outer loop
      vertex 111.352 5.26949 18.8
      vertex 111.439 5.4 19.2
      vertex 111.439 5.4 18.8
    endloop
  endfacet
  facet normal -0.83207 0.554671 0
    outer loop
      vertex 111.439 5.4 19.2
      vertex 111.352 5.26949 18.8
      vertex 111.352 5.26949 19.2
    endloop
  endfacet
  facet normal -0.554158 0.832412 0
    outer loop
      vertex 111.131 5.04798 18.8
      vertex 111 4.96077 19.2
      vertex 111.131 5.04798 19.2
    endloop
  endfacet
  facet normal -0.554158 0.832412 0
    outer loop
      vertex 111 4.96077 19.2
      vertex 111.131 5.04798 18.8
      vertex 111 4.96077 18.8
    endloop
  endfacet
  facet normal -0.753422 0.657537 0
    outer loop
      vertex 111.249 5.15147 18.8
      vertex 111.352 5.26949 19.2
      vertex 111.352 5.26949 18.8
    endloop
  endfacet
  facet normal -0.753422 0.657537 0
    outer loop
      vertex 111.352 5.26949 19.2
      vertex 111.249 5.15147 18.8
      vertex 111.249 5.15147 19.2
    endloop
  endfacet
  facet normal -0.980323 0.197402 0
    outer loop
      vertex 111.559 5.68942 18.8
      vertex 111.59 5.84337 19.2
      vertex 111.59 5.84337 18.8
    endloop
  endfacet
  facet normal -0.980323 0.197402 0
    outer loop
      vertex 111.59 5.84337 19.2
      vertex 111.559 5.68942 18.8
      vertex 111.559 5.68942 19.2
    endloop
  endfacet
  facet normal 0.0652745 -0.997867 0
    outer loop
      vertex 110.243 7.18973 18.8
      vertex 110.4 7.2 19.2
      vertex 110.243 7.18973 19.2
    endloop
  endfacet
  facet normal 0.0652745 -0.997867 0
    outer loop
      vertex 110.4 7.2 19.2
      vertex 110.243 7.18973 18.8
      vertex 110.4 7.2 18.8
    endloop
  endfacet
  facet normal 0.895417 0.445228 0
    outer loop
      vertex 109.361 5.4 19.2
      vertex 109.291 5.54078 18.8
      vertex 109.291 5.54078 19.2
    endloop
  endfacet
  facet normal 0.895417 0.445228 0
    outer loop
      vertex 109.291 5.54078 18.8
      vertex 109.361 5.4 19.2
      vertex 109.361 5.4 18.8
    endloop
  endfacet
  facet normal 0.895417 -0.445228 0
    outer loop
      vertex 109.291 6.45922 19.2
      vertex 109.361 6.6 18.8
      vertex 109.361 6.6 19.2
    endloop
  endfacet
  facet normal 0.895417 -0.445228 0
    outer loop
      vertex 109.361 6.6 18.8
      vertex 109.291 6.45922 19.2
      vertex 109.291 6.45922 18.8
    endloop
  endfacet
  facet normal -0.554158 -0.832412 0
    outer loop
      vertex 111 7.03923 18.8
      vertex 111.131 6.95202 19.2
      vertex 111 7.03923 19.2
    endloop
  endfacet
  facet normal -0.554158 -0.832412 -0
    outer loop
      vertex 111.131 6.95202 19.2
      vertex 111 7.03923 18.8
      vertex 111.131 6.95202 18.8
    endloop
  endfacet
  facet normal 0.980323 0.197402 0
    outer loop
      vertex 109.241 5.68942 19.2
      vertex 109.21 5.84337 18.8
      vertex 109.21 5.84337 19.2
    endloop
  endfacet
  facet normal 0.980323 0.197402 0
    outer loop
      vertex 109.21 5.84337 18.8
      vertex 109.241 5.68942 19.2
      vertex 109.241 5.68942 18.8
    endloop
  endfacet
  facet normal -0.322705 0.9465 0
    outer loop
      vertex 110.859 4.89135 18.8
      vertex 110.711 4.84089 19.2
      vertex 110.859 4.89135 19.2
    endloop
  endfacet
  facet normal -0.322705 0.9465 0
    outer loop
      vertex 110.711 4.84089 19.2
      vertex 110.859 4.89135 18.8
      vertex 110.711 4.84089 18.8
    endloop
  endfacet
  facet normal -0.65937 -0.751818 0
    outer loop
      vertex 111.131 6.95202 18.8
      vertex 111.249 6.84853 19.2
      vertex 111.131 6.95202 19.2
    endloop
  endfacet
  facet normal -0.65937 -0.751818 -0
    outer loop
      vertex 111.249 6.84853 19.2
      vertex 111.131 6.95202 18.8
      vertex 111.249 6.84853 18.8
    endloop
  endfacet
  facet normal -0.195014 0.980801 0
    outer loop
      vertex 110.711 4.84089 18.8
      vertex 110.557 4.81027 19.2
      vertex 110.711 4.84089 19.2
    endloop
  endfacet
  facet normal -0.195014 0.980801 0
    outer loop
      vertex 110.557 4.81027 19.2
      vertex 110.711 4.84089 18.8
      vertex 110.557 4.81027 18.8
    endloop
  endfacet
  facet normal 0.947813 -0.318828 0
    outer loop
      vertex 109.241 6.31058 19.2
      vertex 109.291 6.45922 18.8
      vertex 109.291 6.45922 19.2
    endloop
  endfacet
  facet normal 0.947813 -0.318828 0
    outer loop
      vertex 109.291 6.45922 18.8
      vertex 109.241 6.31058 19.2
      vertex 109.241 6.31058 18.8
    endloop
  endfacet
  facet normal 0.195014 -0.980801 0
    outer loop
      vertex 110.089 7.15911 18.8
      vertex 110.243 7.18973 19.2
      vertex 110.089 7.15911 19.2
    endloop
  endfacet
  facet normal 0.195014 -0.980801 0
    outer loop
      vertex 110.243 7.18973 19.2
      vertex 110.089 7.15911 18.8
      vertex 110.243 7.18973 18.8
    endloop
  endfacet
  facet normal 0.0652745 0.997867 -0
    outer loop
      vertex 110.4 4.8 18.8
      vertex 110.243 4.81027 19.2
      vertex 110.4 4.8 19.2
    endloop
  endfacet
  facet normal 0.0652745 0.997867 0
    outer loop
      vertex 110.243 4.81027 19.2
      vertex 110.4 4.8 18.8
      vertex 110.243 4.81027 18.8
    endloop
  endfacet
  facet normal 0.753422 0.657537 0
    outer loop
      vertex 109.551 5.15147 19.2
      vertex 109.448 5.26949 18.8
      vertex 109.448 5.26949 19.2
    endloop
  endfacet
  facet normal 0.753422 0.657537 0
    outer loop
      vertex 109.448 5.26949 18.8
      vertex 109.551 5.15147 19.2
      vertex 109.551 5.15147 18.8
    endloop
  endfacet
  facet normal 0.195014 0.980801 -0
    outer loop
      vertex 110.243 4.81027 18.8
      vertex 110.089 4.84089 19.2
      vertex 110.243 4.81027 19.2
    endloop
  endfacet
  facet normal 0.195014 0.980801 0
    outer loop
      vertex 110.089 4.84089 19.2
      vertex 110.243 4.81027 18.8
      vertex 110.089 4.84089 18.8
    endloop
  endfacet
  facet normal 0.554158 0.832412 -0
    outer loop
      vertex 109.8 4.96077 18.8
      vertex 109.669 5.04798 19.2
      vertex 109.8 4.96077 19.2
    endloop
  endfacet
  facet normal 0.554158 0.832412 0
    outer loop
      vertex 109.669 5.04798 19.2
      vertex 109.8 4.96077 18.8
      vertex 109.669 5.04798 18.8
    endloop
  endfacet
  facet normal -0.322705 -0.9465 0
    outer loop
      vertex 110.711 7.15911 18.8
      vertex 110.859 7.10865 19.2
      vertex 110.711 7.15911 19.2
    endloop
  endfacet
  facet normal -0.322705 -0.9465 -0
    outer loop
      vertex 110.859 7.10865 19.2
      vertex 110.711 7.15911 18.8
      vertex 110.859 7.10865 18.8
    endloop
  endfacet
  facet normal 0.83207 -0.554671 0
    outer loop
      vertex 109.361 6.6 19.2
      vertex 109.448 6.73051 18.8
      vertex 109.448 6.73051 19.2
    endloop
  endfacet
  facet normal 0.83207 -0.554671 0
    outer loop
      vertex 109.448 6.73051 18.8
      vertex 109.361 6.6 19.2
      vertex 109.361 6.6 18.8
    endloop
  endfacet
  facet normal -0.195125 -0.980778 0
    outer loop
      vertex 110.7 8.28032 17
      vertex 110.995 8.22163 18.8
      vertex 110.7 8.28032 18.8
    endloop
  endfacet
  facet normal -0.195125 -0.980778 -0
    outer loop
      vertex 110.995 8.22163 18.8
      vertex 110.7 8.28032 17
      vertex 110.995 8.22163 17
    endloop
  endfacet
  facet normal -0.981224 -0.192873 0
    outer loop
      vertex 112.68 6.30021 17
      vertex 112.622 6.59528 18.8
      vertex 112.622 6.59528 17
    endloop
  endfacet
  facet normal -0.981224 -0.192873 0
    outer loop
      vertex 112.622 6.59528 18.8
      vertex 112.68 6.30021 17
      vertex 112.68 6.30021 18.8
    endloop
  endfacet
  facet normal -0.997788 -0.0664727 0
    outer loop
      vertex 112.7 6 17
      vertex 112.68 6.30021 18.8
      vertex 112.68 6.30021 17
    endloop
  endfacet
  facet normal -0.997788 -0.0664727 0
    outer loop
      vertex 112.68 6.30021 18.8
      vertex 112.7 6 17
      vertex 112.7 6 18.8
    endloop
  endfacet
  facet normal -0.946634 -0.322312 0
    outer loop
      vertex 112.622 6.59528 17
      vertex 112.525 6.88017 18.8
      vertex 112.525 6.88017 17
    endloop
  endfacet
  facet normal -0.946634 -0.322312 0
    outer loop
      vertex 112.525 6.88017 18.8
      vertex 112.622 6.59528 17
      vertex 112.622 6.59528 18.8
    endloop
  endfacet
  facet normal -0.831692 -0.555237 0
    outer loop
      vertex 112.392 7.15 17
      vertex 112.225 7.40015 18.8
      vertex 112.225 7.40015 17
    endloop
  endfacet
  facet normal -0.831692 -0.555237 0
    outer loop
      vertex 112.225 7.40015 18.8
      vertex 112.392 7.15 17
      vertex 112.392 7.15 18.8
    endloop
  endfacet
  facet normal -0.321337 -0.946965 0
    outer loop
      vertex 110.995 8.22163 17
      vertex 111.28 8.12492 18.8
      vertex 110.995 8.22163 18.8
    endloop
  endfacet
  facet normal -0.321337 -0.946965 -0
    outer loop
      vertex 111.28 8.12492 18.8
      vertex 110.995 8.22163 17
      vertex 111.28 8.12492 17
    endloop
  endfacet
  facet normal 0.981224 0.192873 0
    outer loop
      vertex 108.178 5.40472 18.8
      vertex 108.12 5.69979 17
      vertex 108.12 5.69979 18.8
    endloop
  endfacet
  facet normal 0.981224 0.192873 0
    outer loop
      vertex 108.12 5.69979 17
      vertex 108.178 5.40472 18.8
      vertex 108.178 5.40472 17
    endloop
  endfacet
  facet normal -0.997788 0.0664727 0
    outer loop
      vertex 112.68 5.69979 17
      vertex 112.7 6 18.8
      vertex 112.7 6 17
    endloop
  endfacet
  facet normal -0.997788 0.0664727 0
    outer loop
      vertex 112.7 6 18.8
      vertex 112.68 5.69979 17
      vertex 112.68 5.69979 18.8
    endloop
  endfacet
  facet normal 0.555812 0.831308 -0
    outer loop
      vertex 109.25 4.00814 17
      vertex 109 4.17529 18.8
      vertex 109.25 4.00814 18.8
    endloop
  endfacet
  facet normal 0.555812 0.831308 0
    outer loop
      vertex 109 4.17529 18.8
      vertex 109.25 4.00814 17
      vertex 109 4.17529 17
    endloop
  endfacet
  facet normal 0.997788 0.0664727 0
    outer loop
      vertex 108.12 5.69979 18.8
      vertex 108.1 6 17
      vertex 108.1 6 18.8
    endloop
  endfacet
  facet normal 0.997788 0.0664727 0
    outer loop
      vertex 108.1 6 17
      vertex 108.12 5.69979 18.8
      vertex 108.12 5.69979 17
    endloop
  endfacet
  facet normal 0.321337 0.946965 -0
    outer loop
      vertex 109.805 3.77837 17
      vertex 109.52 3.87508 18.8
      vertex 109.805 3.77837 18.8
    endloop
  endfacet
  facet normal 0.321337 0.946965 0
    outer loop
      vertex 109.52 3.87508 18.8
      vertex 109.805 3.77837 17
      vertex 109.52 3.87508 17
    endloop
  endfacet
  facet normal -0.896959 -0.442114 0
    outer loop
      vertex 112.525 6.88017 17
      vertex 112.392 7.15 18.8
      vertex 112.392 7.15 17
    endloop
  endfacet
  facet normal -0.896959 -0.442114 0
    outer loop
      vertex 112.392 7.15 18.8
      vertex 112.525 6.88017 17
      vertex 112.525 6.88017 18.8
    endloop
  endfacet
  facet normal -0.750791 -0.66054 0
    outer loop
      vertex 112.225 7.40015 17
      vertex 112.026 7.62634 18.8
      vertex 112.026 7.62634 17
    endloop
  endfacet
  facet normal -0.750791 -0.66054 0
    outer loop
      vertex 112.026 7.62634 18.8
      vertex 112.225 7.40015 17
      vertex 112.225 7.40015 18.8
    endloop
  endfacet
  facet normal -0.946634 0.322312 0
    outer loop
      vertex 112.525 5.11983 17
      vertex 112.622 5.40472 18.8
      vertex 112.622 5.40472 17
    endloop
  endfacet
  facet normal -0.946634 0.322312 0
    outer loop
      vertex 112.622 5.40472 18.8
      vertex 112.525 5.11983 17
      vertex 112.525 5.11983 18.8
    endloop
  endfacet
  facet normal 0.750791 0.66054 0
    outer loop
      vertex 108.774 4.37366 18.8
      vertex 108.575 4.59985 17
      vertex 108.575 4.59985 18.8
    endloop
  endfacet
  facet normal 0.750791 0.66054 0
    outer loop
      vertex 108.575 4.59985 17
      vertex 108.774 4.37366 18.8
      vertex 108.774 4.37366 17
    endloop
  endfacet
  facet normal -0.981224 0.192873 0
    outer loop
      vertex 112.622 5.40472 17
      vertex 112.68 5.69979 18.8
      vertex 112.68 5.69979 17
    endloop
  endfacet
  facet normal -0.981224 0.192873 0
    outer loop
      vertex 112.68 5.69979 18.8
      vertex 112.622 5.40472 17
      vertex 112.622 5.40472 18.8
    endloop
  endfacet
  facet normal -0.0654593 0.997855 0
    outer loop
      vertex 110.7 3.71968 17
      vertex 110.4 3.7 18.8
      vertex 110.7 3.71968 18.8
    endloop
  endfacet
  facet normal -0.0654593 0.997855 0
    outer loop
      vertex 110.4 3.7 18.8
      vertex 110.7 3.71968 17
      vertex 110.4 3.7 17
    endloop
  endfacet
  facet normal 0.946634 0.322312 0
    outer loop
      vertex 108.275 5.11983 18.8
      vertex 108.178 5.40472 17
      vertex 108.178 5.40472 18.8
    endloop
  endfacet
  facet normal 0.946634 0.322312 0
    outer loop
      vertex 108.178 5.40472 17
      vertex 108.275 5.11983 18.8
      vertex 108.275 5.11983 17
    endloop
  endfacet
  facet normal -0.831692 0.555237 0
    outer loop
      vertex 112.225 4.59985 17
      vertex 112.392 4.85 18.8
      vertex 112.392 4.85 17
    endloop
  endfacet
  facet normal -0.831692 0.555237 0
    outer loop
      vertex 112.392 4.85 18.8
      vertex 112.225 4.59985 17
      vertex 112.225 4.59985 18.8
    endloop
  endfacet
  facet normal -0.44205 -0.89699 0
    outer loop
      vertex 111.28 8.12492 17
      vertex 111.55 7.99186 18.8
      vertex 111.28 8.12492 18.8
    endloop
  endfacet
  facet normal -0.44205 -0.89699 -0
    outer loop
      vertex 111.55 7.99186 18.8
      vertex 111.28 8.12492 17
      vertex 111.55 7.99186 17
    endloop
  endfacet
  facet normal 0.44205 -0.89699 0
    outer loop
      vertex 109.25 7.99186 17
      vertex 109.52 8.12492 18.8
      vertex 109.25 7.99186 18.8
    endloop
  endfacet
  facet normal 0.44205 -0.89699 0
    outer loop
      vertex 109.52 8.12492 18.8
      vertex 109.25 7.99186 17
      vertex 109.52 8.12492 17
    endloop
  endfacet
  facet normal -0.44205 0.89699 0
    outer loop
      vertex 111.55 4.00814 17
      vertex 111.28 3.87508 18.8
      vertex 111.55 4.00814 18.8
    endloop
  endfacet
  facet normal -0.44205 0.89699 0
    outer loop
      vertex 111.28 3.87508 18.8
      vertex 111.55 4.00814 17
      vertex 111.28 3.87508 17
    endloop
  endfacet
  facet normal -0.321337 0.946965 0
    outer loop
      vertex 111.28 3.87508 17
      vertex 110.995 3.77837 18.8
      vertex 111.28 3.87508 18.8
    endloop
  endfacet
  facet normal -0.321337 0.946965 0
    outer loop
      vertex 110.995 3.77837 18.8
      vertex 111.28 3.87508 17
      vertex 110.995 3.77837 17
    endloop
  endfacet
  facet normal 0.195125 0.980778 -0
    outer loop
      vertex 110.1 3.71968 17
      vertex 109.805 3.77837 18.8
      vertex 110.1 3.71968 18.8
    endloop
  endfacet
  facet normal 0.195125 0.980778 0
    outer loop
      vertex 109.805 3.77837 18.8
      vertex 110.1 3.71968 17
      vertex 109.805 3.77837 17
    endloop
  endfacet
  facet normal 0.946634 -0.322312 0
    outer loop
      vertex 108.178 6.59528 18.8
      vertex 108.275 6.88017 17
      vertex 108.275 6.88017 18.8
    endloop
  endfacet
  facet normal 0.946634 -0.322312 0
    outer loop
      vertex 108.275 6.88017 17
      vertex 108.178 6.59528 18.8
      vertex 108.178 6.59528 17
    endloop
  endfacet
  facet normal 0.195125 -0.980778 0
    outer loop
      vertex 109.805 8.22163 17
      vertex 110.1 8.28032 18.8
      vertex 109.805 8.22163 18.8
    endloop
  endfacet
  facet normal 0.195125 -0.980778 0
    outer loop
      vertex 110.1 8.28032 18.8
      vertex 109.805 8.22163 17
      vertex 110.1 8.28032 17
    endloop
  endfacet
  facet normal 0.555812 -0.831308 0
    outer loop
      vertex 109 7.82471 17
      vertex 109.25 7.99186 18.8
      vertex 109 7.82471 18.8
    endloop
  endfacet
  facet normal 0.555812 -0.831308 0
    outer loop
      vertex 109.25 7.99186 18.8
      vertex 109 7.82471 17
      vertex 109.25 7.99186 17
    endloop
  endfacet
  facet normal -0.555812 0.831308 0
    outer loop
      vertex 111.8 4.17529 17
      vertex 111.55 4.00814 18.8
      vertex 111.8 4.17529 18.8
    endloop
  endfacet
  facet normal -0.555812 0.831308 0
    outer loop
      vertex 111.55 4.00814 18.8
      vertex 111.8 4.17529 17
      vertex 111.55 4.00814 17
    endloop
  endfacet
  facet normal -0.195125 0.980778 0
    outer loop
      vertex 110.995 3.77837 17
      vertex 110.7 3.71968 18.8
      vertex 110.995 3.77837 18.8
    endloop
  endfacet
  facet normal -0.195125 0.980778 0
    outer loop
      vertex 110.7 3.71968 18.8
      vertex 110.995 3.77837 17
      vertex 110.7 3.71968 17
    endloop
  endfacet
  facet normal 0.896959 -0.442114 0
    outer loop
      vertex 108.275 6.88017 18.8
      vertex 108.408 7.15 17
      vertex 108.408 7.15 18.8
    endloop
  endfacet
  facet normal 0.896959 -0.442114 0
    outer loop
      vertex 108.408 7.15 17
      vertex 108.275 6.88017 18.8
      vertex 108.275 6.88017 17
    endloop
  endfacet
  facet normal 0.831692 -0.555237 0
    outer loop
      vertex 108.408 7.15 18.8
      vertex 108.575 7.40015 17
      vertex 108.575 7.40015 18.8
    endloop
  endfacet
  facet normal 0.831692 -0.555237 0
    outer loop
      vertex 108.575 7.40015 17
      vertex 108.408 7.15 18.8
      vertex 108.408 7.15 17
    endloop
  endfacet
  facet normal 0.0654593 0.997855 -0
    outer loop
      vertex 110.4 3.7 17
      vertex 110.1 3.71968 18.8
      vertex 110.4 3.7 18.8
    endloop
  endfacet
  facet normal 0.0654593 0.997855 0
    outer loop
      vertex 110.1 3.71968 18.8
      vertex 110.4 3.7 17
      vertex 110.1 3.71968 17
    endloop
  endfacet
  facet normal 0.659672 -0.751554 0
    outer loop
      vertex 108.774 7.62634 17
      vertex 109 7.82471 18.8
      vertex 108.774 7.62634 18.8
    endloop
  endfacet
  facet normal 0.659672 -0.751554 0
    outer loop
      vertex 109 7.82471 18.8
      vertex 108.774 7.62634 17
      vertex 109 7.82471 17
    endloop
  endfacet
  facet normal 0.659672 0.751554 -0
    outer loop
      vertex 109 4.17529 17
      vertex 108.774 4.37366 18.8
      vertex 109 4.17529 18.8
    endloop
  endfacet
  facet normal 0.659672 0.751554 0
    outer loop
      vertex 108.774 4.37366 18.8
      vertex 109 4.17529 17
      vertex 108.774 4.37366 17
    endloop
  endfacet
  facet normal 0.750791 -0.66054 0
    outer loop
      vertex 108.575 7.40015 18.8
      vertex 108.774 7.62634 17
      vertex 108.774 7.62634 18.8
    endloop
  endfacet
  facet normal 0.750791 -0.66054 0
    outer loop
      vertex 108.774 7.62634 17
      vertex 108.575 7.40015 18.8
      vertex 108.575 7.40015 17
    endloop
  endfacet
  facet normal -0.750791 0.66054 0
    outer loop
      vertex 112.026 4.37366 17
      vertex 112.225 4.59985 18.8
      vertex 112.225 4.59985 17
    endloop
  endfacet
  facet normal -0.750791 0.66054 0
    outer loop
      vertex 112.225 4.59985 18.8
      vertex 112.026 4.37366 17
      vertex 112.026 4.37366 18.8
    endloop
  endfacet
  facet normal -0.896959 0.442114 0
    outer loop
      vertex 112.392 4.85 17
      vertex 112.525 5.11983 18.8
      vertex 112.525 5.11983 17
    endloop
  endfacet
  facet normal -0.896959 0.442114 0
    outer loop
      vertex 112.525 5.11983 18.8
      vertex 112.392 4.85 17
      vertex 112.392 4.85 18.8
    endloop
  endfacet
  facet normal 0.981224 -0.192873 0
    outer loop
      vertex 108.12 6.30021 18.8
      vertex 108.178 6.59528 17
      vertex 108.178 6.59528 18.8
    endloop
  endfacet
  facet normal 0.981224 -0.192873 0
    outer loop
      vertex 108.178 6.59528 17
      vertex 108.12 6.30021 18.8
      vertex 108.12 6.30021 17
    endloop
  endfacet
  facet normal -0.0654593 -0.997855 0
    outer loop
      vertex 110.4 8.3 17
      vertex 110.7 8.28032 18.8
      vertex 110.4 8.3 18.8
    endloop
  endfacet
  facet normal -0.0654593 -0.997855 -0
    outer loop
      vertex 110.7 8.28032 18.8
      vertex 110.4 8.3 17
      vertex 110.7 8.28032 17
    endloop
  endfacet
  facet normal -0.555812 -0.831308 0
    outer loop
      vertex 111.55 7.99186 17
      vertex 111.8 7.82471 18.8
      vertex 111.55 7.99186 18.8
    endloop
  endfacet
  facet normal -0.555812 -0.831308 -0
    outer loop
      vertex 111.8 7.82471 18.8
      vertex 111.55 7.99186 17
      vertex 111.8 7.82471 17
    endloop
  endfacet
  facet normal 0.321337 -0.946965 0
    outer loop
      vertex 109.52 8.12492 17
      vertex 109.805 8.22163 18.8
      vertex 109.52 8.12492 18.8
    endloop
  endfacet
  facet normal 0.321337 -0.946965 0
    outer loop
      vertex 109.805 8.22163 18.8
      vertex 109.52 8.12492 17
      vertex 109.805 8.22163 17
    endloop
  endfacet
  facet normal 0.0654593 -0.997855 0
    outer loop
      vertex 110.1 8.28032 17
      vertex 110.4 8.3 18.8
      vertex 110.1 8.28032 18.8
    endloop
  endfacet
  facet normal 0.0654593 -0.997855 0
    outer loop
      vertex 110.4 8.3 18.8
      vertex 110.1 8.28032 17
      vertex 110.4 8.3 17
    endloop
  endfacet
  facet normal 0.997788 -0.0664727 0
    outer loop
      vertex 108.1 6 18.8
      vertex 108.12 6.30021 17
      vertex 108.12 6.30021 18.8
    endloop
  endfacet
  facet normal 0.997788 -0.0664727 0
    outer loop
      vertex 108.12 6.30021 17
      vertex 108.1 6 18.8
      vertex 108.1 6 17
    endloop
  endfacet
  facet normal -0.659672 -0.751554 0
    outer loop
      vertex 111.8 7.82471 17
      vertex 112.026 7.62634 18.8
      vertex 111.8 7.82471 18.8
    endloop
  endfacet
  facet normal -0.659672 -0.751554 -0
    outer loop
      vertex 112.026 7.62634 18.8
      vertex 111.8 7.82471 17
      vertex 112.026 7.62634 17
    endloop
  endfacet
  facet normal 0 0 -1
    outer loop
      vertex 111.6 6 18.8
      vertex 112.7 6 18.8
      vertex 112.68 5.69979 18.8
    endloop
  endfacet
  facet normal 0 0 -1
    outer loop
      vertex 111.59 5.84337 18.8
      vertex 112.68 5.69979 18.8
      vertex 112.622 5.40472 18.8
    endloop
  endfacet
  facet normal 0 0 -1
    outer loop
      vertex 112.7 6 18.8
      vertex 111.6 6 18.8
      vertex 112.68 6.30021 18.8
    endloop
  endfacet
  facet normal 0 0 -1
    outer loop
      vertex 111.559 5.68942 18.8
      vertex 112.622 5.40472 18.8
      vertex 112.525 5.11983 18.8
    endloop
  endfacet
  facet normal 0 0 -1
    outer loop
      vertex 111.59 6.15663 18.8
      vertex 112.68 6.30021 18.8
      vertex 111.6 6 18.8
    endloop
  endfacet
  facet normal 0 0 -1
    outer loop
      vertex 111.509 5.54078 18.8
      vertex 112.525 5.11983 18.8
      vertex 112.392 4.85 18.8
    endloop
  endfacet
  facet normal -0 0 -1
    outer loop
      vertex 112.68 6.30021 18.8
      vertex 111.59 6.15663 18.8
      vertex 112.622 6.59528 18.8
    endloop
  endfacet
  facet normal 0 0 -1
    outer loop
      vertex 111.439 5.4 18.8
      vertex 112.392 4.85 18.8
      vertex 112.225 4.59985 18.8
    endloop
  endfacet
  facet normal 0 0 -1
    outer loop
      vertex 111.559 6.31058 18.8
      vertex 112.622 6.59528 18.8
      vertex 111.59 6.15663 18.8
    endloop
  endfacet
  facet normal 0 0 -1
    outer loop
      vertex 111.352 5.26949 18.8
      vertex 112.225 4.59985 18.8
      vertex 112.026 4.37366 18.8
    endloop
  endfacet
  facet normal -0 0 -1
    outer loop
      vertex 112.622 6.59528 18.8
      vertex 111.559 6.31058 18.8
      vertex 112.525 6.88017 18.8
    endloop
  endfacet
  facet normal 0 0 -1
    outer loop
      vertex 111.249 5.15147 18.8
      vertex 112.026 4.37366 18.8
      vertex 111.8 4.17529 18.8
    endloop
  endfacet
  facet normal 0 0 -1
    outer loop
      vertex 111.509 6.45922 18.8
      vertex 112.525 6.88017 18.8
      vertex 111.559 6.31058 18.8
    endloop
  endfacet
  facet normal -0 0 -1
    outer loop
      vertex 112.525 6.88017 18.8
      vertex 111.509 6.45922 18.8
      vertex 112.392 7.15 18.8
    endloop
  endfacet
  facet normal 0 0 -1
    outer loop
      vertex 112.68 5.69979 18.8
      vertex 111.59 5.84337 18.8
      vertex 111.6 6 18.8
    endloop
  endfacet
  facet normal 0 0 -1
    outer loop
      vertex 112.622 5.40472 18.8
      vertex 111.559 5.68942 18.8
      vertex 111.59 5.84337 18.8
    endloop
  endfacet
  facet normal 0 0 -1
    outer loop
      vertex 111.131 5.04798 18.8
      vertex 111.8 4.17529 18.8
      vertex 111.55 4.00814 18.8
    endloop
  endfacet
  facet normal 0 0 -1
    outer loop
      vertex 112.525 5.11983 18.8
      vertex 111.509 5.54078 18.8
      vertex 111.559 5.68942 18.8
    endloop
  endfacet
  facet normal 0 0 -1
    outer loop
      vertex 112.392 4.85 18.8
      vertex 111.439 5.4 18.8
      vertex 111.509 5.54078 18.8
    endloop
  endfacet
  facet normal 0 0 -1
    outer loop
      vertex 112.225 4.59985 18.8
      vertex 111.352 5.26949 18.8
      vertex 111.439 5.4 18.8
    endloop
  endfacet
  facet normal 0 0 -1
    outer loop
      vertex 111 4.96077 18.8
      vertex 111.55 4.00814 18.8
      vertex 111.28 3.87508 18.8
    endloop
  endfacet
  facet normal 0 0 -1
    outer loop
      vertex 112.026 4.37366 18.8
      vertex 111.249 5.15147 18.8
      vertex 111.352 5.26949 18.8
    endloop
  endfacet
  facet normal 0 0 -1
    outer loop
      vertex 111.8 4.17529 18.8
      vertex 111.131 5.04798 18.8
      vertex 111.249 5.15147 18.8
    endloop
  endfacet
  facet normal 0 0 -1
    outer loop
      vertex 111.55 4.00814 18.8
      vertex 111 4.96077 18.8
      vertex 111.131 5.04798 18.8
    endloop
  endfacet
  facet normal 0 0 -1
    outer loop
      vertex 110.859 4.89135 18.8
      vertex 111.28 3.87508 18.8
      vertex 110.995 3.77837 18.8
    endloop
  endfacet
  facet normal 0 0 -1
    outer loop
      vertex 111.28 3.87508 18.8
      vertex 110.859 4.89135 18.8
      vertex 111 4.96077 18.8
    endloop
  endfacet
  facet normal 0 0 -1
    outer loop
      vertex 110.995 3.77837 18.8
      vertex 110.711 4.84089 18.8
      vertex 110.859 4.89135 18.8
    endloop
  endfacet
  facet normal 0 0 -1
    outer loop
      vertex 110.7 3.71968 18.8
      vertex 110.711 4.84089 18.8
      vertex 110.995 3.77837 18.8
    endloop
  endfacet
  facet normal 0 0 -1
    outer loop
      vertex 110.7 3.71968 18.8
      vertex 110.557 4.81027 18.8
      vertex 110.711 4.84089 18.8
    endloop
  endfacet
  facet normal 0 0 -1
    outer loop
      vertex 110.4 3.7 18.8
      vertex 110.557 4.81027 18.8
      vertex 110.7 3.71968 18.8
    endloop
  endfacet
  facet normal 0 0 -1
    outer loop
      vertex 110.4 3.7 18.8
      vertex 110.4 4.8 18.8
      vertex 110.557 4.81027 18.8
    endloop
  endfacet
  facet normal 0 0 -1
    outer loop
      vertex 110.4 3.7 18.8
      vertex 110.243 4.81027 18.8
      vertex 110.4 4.8 18.8
    endloop
  endfacet
  facet normal 0 0 -1
    outer loop
      vertex 110.1 3.71968 18.8
      vertex 110.243 4.81027 18.8
      vertex 110.4 3.7 18.8
    endloop
  endfacet
  facet normal 0 0 -1
    outer loop
      vertex 110.1 3.71968 18.8
      vertex 110.089 4.84089 18.8
      vertex 110.243 4.81027 18.8
    endloop
  endfacet
  facet normal 0 0 -1
    outer loop
      vertex 109.805 3.77837 18.8
      vertex 110.089 4.84089 18.8
      vertex 110.1 3.71968 18.8
    endloop
  endfacet
  facet normal -0 0 -1
    outer loop
      vertex 110.089 4.84089 18.8
      vertex 109.805 3.77837 18.8
      vertex 109.941 4.89135 18.8
    endloop
  endfacet
  facet normal 0 0 -1
    outer loop
      vertex 109.52 3.87508 18.8
      vertex 109.941 4.89135 18.8
      vertex 109.805 3.77837 18.8
    endloop
  endfacet
  facet normal -0 0 -1
    outer loop
      vertex 109.941 4.89135 18.8
      vertex 109.52 3.87508 18.8
      vertex 109.8 4.96077 18.8
    endloop
  endfacet
  facet normal 0 0 -1
    outer loop
      vertex 109.25 4.00814 18.8
      vertex 109.8 4.96077 18.8
      vertex 109.52 3.87508 18.8
    endloop
  endfacet
  facet normal -0 0 -1
    outer loop
      vertex 109.8 4.96077 18.8
      vertex 109.25 4.00814 18.8
      vertex 109.669 5.04798 18.8
    endloop
  endfacet
  facet normal 0 0 -1
    outer loop
      vertex 109 4.17529 18.8
      vertex 109.669 5.04798 18.8
      vertex 109.25 4.00814 18.8
    endloop
  endfacet
  facet normal -0 0 -1
    outer loop
      vertex 109.669 5.04798 18.8
      vertex 109 4.17529 18.8
      vertex 109.551 5.15147 18.8
    endloop
  endfacet
  facet normal 0 0 -1
    outer loop
      vertex 108.774 4.37366 18.8
      vertex 109.551 5.15147 18.8
      vertex 109 4.17529 18.8
    endloop
  endfacet
  facet normal -0 0 -1
    outer loop
      vertex 109.551 5.15147 18.8
      vertex 108.774 4.37366 18.8
      vertex 109.448 5.26949 18.8
    endloop
  endfacet
  facet normal 0 0 -1
    outer loop
      vertex 108.575 4.59985 18.8
      vertex 109.448 5.26949 18.8
      vertex 108.774 4.37366 18.8
    endloop
  endfacet
  facet normal -0 0 -1
    outer loop
      vertex 109.448 5.26949 18.8
      vertex 108.575 4.59985 18.8
      vertex 109.361 5.4 18.8
    endloop
  endfacet
  facet normal 0 0 -1
    outer loop
      vertex 108.408 4.85 18.8
      vertex 109.361 5.4 18.8
      vertex 108.575 4.59985 18.8
    endloop
  endfacet
  facet normal -0 0 -1
    outer loop
      vertex 109.361 5.4 18.8
      vertex 108.408 4.85 18.8
      vertex 109.291 5.54078 18.8
    endloop
  endfacet
  facet normal 0 0 -1
    outer loop
      vertex 111.439 6.6 18.8
      vertex 112.392 7.15 18.8
      vertex 111.509 6.45922 18.8
    endloop
  endfacet
  facet normal -0 0 -1
    outer loop
      vertex 112.392 7.15 18.8
      vertex 111.439 6.6 18.8
      vertex 112.225 7.40015 18.8
    endloop
  endfacet
  facet normal 0 0 -1
    outer loop
      vertex 111.352 6.73051 18.8
      vertex 112.225 7.40015 18.8
      vertex 111.439 6.6 18.8
    endloop
  endfacet
  facet normal -0 0 -1
    outer loop
      vertex 112.225 7.40015 18.8
      vertex 111.352 6.73051 18.8
      vertex 112.026 7.62634 18.8
    endloop
  endfacet
  facet normal 0 0 -1
    outer loop
      vertex 111.249 6.84853 18.8
      vertex 112.026 7.62634 18.8
      vertex 111.352 6.73051 18.8
    endloop
  endfacet
  facet normal -0 0 -1
    outer loop
      vertex 112.026 7.62634 18.8
      vertex 111.249 6.84853 18.8
      vertex 111.8 7.82471 18.8
    endloop
  endfacet
  facet normal 0 0 -1
    outer loop
      vertex 111.131 6.95202 18.8
      vertex 111.8 7.82471 18.8
      vertex 111.249 6.84853 18.8
    endloop
  endfacet
  facet normal -0 0 -1
    outer loop
      vertex 111.8 7.82471 18.8
      vertex 111.131 6.95202 18.8
      vertex 111.55 7.99186 18.8
    endloop
  endfacet
  facet normal 0 0 -1
    outer loop
      vertex 111 7.03923 18.8
      vertex 111.55 7.99186 18.8
      vertex 111.131 6.95202 18.8
    endloop
  endfacet
  facet normal -0 0 -1
    outer loop
      vertex 111.55 7.99186 18.8
      vertex 111 7.03923 18.8
      vertex 111.28 8.12492 18.8
    endloop
  endfacet
  facet normal 0 0 -1
    outer loop
      vertex 110.859 7.10865 18.8
      vertex 111.28 8.12492 18.8
      vertex 111 7.03923 18.8
    endloop
  endfacet
  facet normal -0 0 -1
    outer loop
      vertex 111.28 8.12492 18.8
      vertex 110.859 7.10865 18.8
      vertex 110.995 8.22163 18.8
    endloop
  endfacet
  facet normal 0 0 -1
    outer loop
      vertex 110.711 7.15911 18.8
      vertex 110.995 8.22163 18.8
      vertex 110.859 7.10865 18.8
    endloop
  endfacet
  facet normal 0 0 -1
    outer loop
      vertex 110.711 7.15911 18.8
      vertex 110.7 8.28032 18.8
      vertex 110.995 8.22163 18.8
    endloop
  endfacet
  facet normal 0 0 -1
    outer loop
      vertex 110.557 7.18973 18.8
      vertex 110.7 8.28032 18.8
      vertex 110.711 7.15911 18.8
    endloop
  endfacet
  facet normal 0 0 -1
    outer loop
      vertex 110.4 7.2 18.8
      vertex 110.7 8.28032 18.8
      vertex 110.557 7.18973 18.8
    endloop
  endfacet
  facet normal 0 0 -1
    outer loop
      vertex 110.4 7.2 18.8
      vertex 110.4 8.3 18.8
      vertex 110.7 8.28032 18.8
    endloop
  endfacet
  facet normal 0 0 -1
    outer loop
      vertex 110.243 7.18973 18.8
      vertex 110.4 8.3 18.8
      vertex 110.4 7.2 18.8
    endloop
  endfacet
  facet normal 0 0 -1
    outer loop
      vertex 110.243 7.18973 18.8
      vertex 110.1 8.28032 18.8
      vertex 110.4 8.3 18.8
    endloop
  endfacet
  facet normal 0 0 -1
    outer loop
      vertex 110.089 7.15911 18.8
      vertex 110.1 8.28032 18.8
      vertex 110.243 7.18973 18.8
    endloop
  endfacet
  facet normal 0 0 -1
    outer loop
      vertex 109.805 8.22163 18.8
      vertex 110.089 7.15911 18.8
      vertex 109.941 7.10865 18.8
    endloop
  endfacet
  facet normal 0 0 -1
    outer loop
      vertex 110.089 7.15911 18.8
      vertex 109.805 8.22163 18.8
      vertex 110.1 8.28032 18.8
    endloop
  endfacet
  facet normal 0 0 -1
    outer loop
      vertex 109.52 8.12492 18.8
      vertex 109.941 7.10865 18.8
      vertex 109.8 7.03923 18.8
    endloop
  endfacet
  facet normal 0 0 -1
    outer loop
      vertex 109.25 7.99186 18.8
      vertex 109.8 7.03923 18.8
      vertex 109.669 6.95202 18.8
    endloop
  endfacet
  facet normal 0 0 -1
    outer loop
      vertex 109 7.82471 18.8
      vertex 109.669 6.95202 18.8
      vertex 109.551 6.84853 18.8
    endloop
  endfacet
  facet normal 0 0 -1
    outer loop
      vertex 109.941 7.10865 18.8
      vertex 109.52 8.12492 18.8
      vertex 109.805 8.22163 18.8
    endloop
  endfacet
  facet normal 0 0 -1
    outer loop
      vertex 108.774 7.62634 18.8
      vertex 109.551 6.84853 18.8
      vertex 109.448 6.73051 18.8
    endloop
  endfacet
  facet normal 0 0 -1
    outer loop
      vertex 108.575 7.40015 18.8
      vertex 109.448 6.73051 18.8
      vertex 109.361 6.6 18.8
    endloop
  endfacet
  facet normal 0 0 -1
    outer loop
      vertex 108.408 7.15 18.8
      vertex 109.361 6.6 18.8
      vertex 109.291 6.45922 18.8
    endloop
  endfacet
  facet normal 0 0 -1
    outer loop
      vertex 109.8 7.03923 18.8
      vertex 109.25 7.99186 18.8
      vertex 109.52 8.12492 18.8
    endloop
  endfacet
  facet normal 0 0 -1
    outer loop
      vertex 108.275 6.88017 18.8
      vertex 109.291 6.45922 18.8
      vertex 109.241 6.31058 18.8
    endloop
  endfacet
  facet normal 0 0 -1
    outer loop
      vertex 108.178 6.59528 18.8
      vertex 109.241 6.31058 18.8
      vertex 109.21 6.15663 18.8
    endloop
  endfacet
  facet normal 0 0 -1
    outer loop
      vertex 108.12 6.30021 18.8
      vertex 109.21 6.15663 18.8
      vertex 109.2 6 18.8
    endloop
  endfacet
  facet normal 0 0 -1
    outer loop
      vertex 108.275 5.11983 18.8
      vertex 109.291 5.54078 18.8
      vertex 108.408 4.85 18.8
    endloop
  endfacet
  facet normal 0 0 -1
    outer loop
      vertex 109.669 6.95202 18.8
      vertex 109 7.82471 18.8
      vertex 109.25 7.99186 18.8
    endloop
  endfacet
  facet normal -0 0 -1
    outer loop
      vertex 109.291 5.54078 18.8
      vertex 108.275 5.11983 18.8
      vertex 109.241 5.68942 18.8
    endloop
  endfacet
  facet normal 0 0 -1
    outer loop
      vertex 109.551 6.84853 18.8
      vertex 108.774 7.62634 18.8
      vertex 109 7.82471 18.8
    endloop
  endfacet
  facet normal 0 0 -1
    outer loop
      vertex 108.178 5.40472 18.8
      vertex 109.241 5.68942 18.8
      vertex 108.275 5.11983 18.8
    endloop
  endfacet
  facet normal 0 0 -1
    outer loop
      vertex 109.448 6.73051 18.8
      vertex 108.575 7.40015 18.8
      vertex 108.774 7.62634 18.8
    endloop
  endfacet
  facet normal -0 0 -1
    outer loop
      vertex 109.241 5.68942 18.8
      vertex 108.178 5.40472 18.8
      vertex 109.21 5.84337 18.8
    endloop
  endfacet
  facet normal 0 0 -1
    outer loop
      vertex 109.361 6.6 18.8
      vertex 108.408 7.15 18.8
      vertex 108.575 7.40015 18.8
    endloop
  endfacet
  facet normal 0 0 -1
    outer loop
      vertex 108.12 5.69979 18.8
      vertex 109.21 5.84337 18.8
      vertex 108.178 5.40472 18.8
    endloop
  endfacet
  facet normal 0 0 -1
    outer loop
      vertex 109.291 6.45922 18.8
      vertex 108.275 6.88017 18.8
      vertex 108.408 7.15 18.8
    endloop
  endfacet
  facet normal -0 0 -1
    outer loop
      vertex 109.21 5.84337 18.8
      vertex 108.12 5.69979 18.8
      vertex 109.2 6 18.8
    endloop
  endfacet
  facet normal 0 0 -1
    outer loop
      vertex 109.241 6.31058 18.8
      vertex 108.178 6.59528 18.8
      vertex 108.275 6.88017 18.8
    endloop
  endfacet
  facet normal 0 0 -1
    outer loop
      vertex 108.1 6 18.8
      vertex 109.2 6 18.8
      vertex 108.12 5.69979 18.8
    endloop
  endfacet
  facet normal 0 0 -1
    outer loop
      vertex 109.21 6.15663 18.8
      vertex 108.12 6.30021 18.8
      vertex 108.178 6.59528 18.8
    endloop
  endfacet
  facet normal 0 0 -1
    outer loop
      vertex 109.2 6 18.8
      vertex 108.1 6 18.8
      vertex 108.12 6.30021 18.8
    endloop
  endfacet
  facet normal 0.896959 0.442114 0
    outer loop
      vertex 108.408 4.85 18.8
      vertex 108.275 5.11983 17
      vertex 108.275 5.11983 18.8
    endloop
  endfacet
  facet normal 0.896959 0.442114 0
    outer loop
      vertex 108.275 5.11983 17
      vertex 108.408 4.85 18.8
      vertex 108.408 4.85 17
    endloop
  endfacet
  facet normal 0.44205 0.89699 -0
    outer loop
      vertex 109.52 3.87508 17
      vertex 109.25 4.00814 18.8
      vertex 109.52 3.87508 18.8
    endloop
  endfacet
  facet normal 0.44205 0.89699 0
    outer loop
      vertex 109.25 4.00814 18.8
      vertex 109.52 3.87508 17
      vertex 109.25 4.00814 17
    endloop
  endfacet
  facet normal -0.659672 0.751554 0
    outer loop
      vertex 112.026 4.37366 17
      vertex 111.8 4.17529 18.8
      vertex 112.026 4.37366 18.8
    endloop
  endfacet
  facet normal -0.659672 0.751554 0
    outer loop
      vertex 111.8 4.17529 18.8
      vertex 112.026 4.37366 17
      vertex 111.8 4.17529 17
    endloop
  endfacet
  facet normal 0.831692 0.555237 0
    outer loop
      vertex 108.575 4.59985 18.8
      vertex 108.408 4.85 17
      vertex 108.408 4.85 18.8
    endloop
  endfacet
  facet normal 0.831692 0.555237 0
    outer loop
      vertex 108.408 4.85 17
      vertex 108.575 4.59985 18.8
      vertex 108.575 4.59985 17
    endloop
  endfacet
  facet normal -0.0654644 -0.997855 0
    outer loop
      vertex 110.4 33.04 18.8
      vertex 110.557 33.0297 19.2
      vertex 110.4 33.04 19.2
    endloop
  endfacet
  facet normal -0.0654644 -0.997855 -0
    outer loop
      vertex 110.557 33.0297 19.2
      vertex 110.4 33.04 18.8
      vertex 110.557 33.0297 18.8
    endloop
  endfacet
  facet normal -0.83205 -0.5547 0
    outer loop
      vertex 111.439 32.44 18.8
      vertex 111.352 32.5705 19.2
      vertex 111.352 32.5705 18.8
    endloop
  endfacet
  facet normal -0.83205 -0.5547 0
    outer loop
      vertex 111.352 32.5705 19.2
      vertex 111.439 32.44 18.8
      vertex 111.439 32.44 19.2
    endloop
  endfacet
  facet normal -0.980335 -0.19734 0
    outer loop
      vertex 111.59 31.9966 18.8
      vertex 111.559 32.1506 19.2
      vertex 111.559 32.1506 18.8
    endloop
  endfacet
  facet normal -0.980335 -0.19734 0
    outer loop
      vertex 111.559 32.1506 19.2
      vertex 111.59 31.9966 18.8
      vertex 111.59 31.9966 19.2
    endloop
  endfacet
  facet normal 0.997967 -0.0637272 0
    outer loop
      vertex 109.2 31.84 19.2
      vertex 109.21 31.9966 18.8
      vertex 109.21 31.9966 19.2
    endloop
  endfacet
  facet normal 0.997967 -0.0637272 0
    outer loop
      vertex 109.21 31.9966 18.8
      vertex 109.2 31.84 19.2
      vertex 109.2 31.84 18.8
    endloop
  endfacet
  facet normal -0.83205 0.5547 0
    outer loop
      vertex 111.352 31.1095 18.8
      vertex 111.439 31.24 19.2
      vertex 111.439 31.24 18.8
    endloop
  endfacet
  facet normal -0.83205 0.5547 0
    outer loop
      vertex 111.439 31.24 19.2
      vertex 111.352 31.1095 18.8
      vertex 111.352 31.1095 19.2
    endloop
  endfacet
  facet normal 0.442117 -0.896957 0
    outer loop
      vertex 109.8 32.8792 18.8
      vertex 109.941 32.9487 19.2
      vertex 109.8 32.8792 19.2
    endloop
  endfacet
  facet normal 0.442117 -0.896957 0
    outer loop
      vertex 109.941 32.9487 19.2
      vertex 109.8 32.8792 18.8
      vertex 109.941 32.9487 18.8
    endloop
  endfacet
  facet normal 0.997967 0.0637272 0
    outer loop
      vertex 109.21 31.6834 19.2
      vertex 109.2 31.84 18.8
      vertex 109.2 31.84 19.2
    endloop
  endfacet
  facet normal 0.997967 0.0637272 0
    outer loop
      vertex 109.2 31.84 18.8
      vertex 109.21 31.6834 19.2
      vertex 109.21 31.6834 18.8
    endloop
  endfacet
  facet normal -0.0654644 0.997855 0
    outer loop
      vertex 110.557 30.6503 18.8
      vertex 110.4 30.64 19.2
      vertex 110.557 30.6503 19.2
    endloop
  endfacet
  facet normal -0.0654644 0.997855 0
    outer loop
      vertex 110.4 30.64 19.2
      vertex 110.557 30.6503 18.8
      vertex 110.4 30.64 18.8
    endloop
  endfacet
  facet normal -0.442117 0.896957 0
    outer loop
      vertex 111 30.8008 18.8
      vertex 110.859 30.7313 19.2
      vertex 111 30.8008 19.2
    endloop
  endfacet
  facet normal -0.442117 0.896957 0
    outer loop
      vertex 110.859 30.7313 19.2
      vertex 111 30.8008 18.8
      vertex 110.859 30.7313 18.8
    endloop
  endfacet
  facet normal 0.895442 -0.445177 0
    outer loop
      vertex 109.291 32.2992 19.2
      vertex 109.361 32.44 18.8
      vertex 109.361 32.44 19.2
    endloop
  endfacet
  facet normal 0.895442 -0.445177 0
    outer loop
      vertex 109.361 32.44 18.8
      vertex 109.291 32.2992 19.2
      vertex 109.291 32.2992 18.8
    endloop
  endfacet
  facet normal -0.997967 0.0637272 0
    outer loop
      vertex 111.59 31.6834 18.8
      vertex 111.6 31.84 19.2
      vertex 111.6 31.84 18.8
    endloop
  endfacet
  facet normal -0.997967 0.0637272 0
    outer loop
      vertex 111.6 31.84 19.2
      vertex 111.59 31.6834 18.8
      vertex 111.59 31.6834 19.2
    endloop
  endfacet
  facet normal 0.0654644 -0.997855 0
    outer loop
      vertex 110.243 33.0297 18.8
      vertex 110.4 33.04 19.2
      vertex 110.243 33.0297 19.2
    endloop
  endfacet
  facet normal 0.0654644 -0.997855 0
    outer loop
      vertex 110.4 33.04 19.2
      vertex 110.243 33.0297 18.8
      vertex 110.4 33.04 18.8
    endloop
  endfacet
  facet normal 0.194891 0.980825 -0
    outer loop
      vertex 110.243 30.6503 18.8
      vertex 110.089 30.6809 19.2
      vertex 110.243 30.6503 19.2
    endloop
  endfacet
  facet normal 0.194891 0.980825 0
    outer loop
      vertex 110.089 30.6809 19.2
      vertex 110.243 30.6503 18.8
      vertex 110.089 30.6809 18.8
    endloop
  endfacet
  facet normal -0.895442 -0.445177 0
    outer loop
      vertex 111.509 32.2992 18.8
      vertex 111.439 32.44 19.2
      vertex 111.439 32.44 18.8
    endloop
  endfacet
  facet normal -0.895442 -0.445177 0
    outer loop
      vertex 111.439 32.44 19.2
      vertex 111.509 32.2992 18.8
      vertex 111.509 32.2992 19.2
    endloop
  endfacet
  facet normal -0.659406 -0.751787 0
    outer loop
      vertex 111.131 32.792 18.8
      vertex 111.249 32.6885 19.2
      vertex 111.131 32.792 19.2
    endloop
  endfacet
  facet normal -0.659406 -0.751787 -0
    outer loop
      vertex 111.249 32.6885 19.2
      vertex 111.131 32.792 18.8
      vertex 111.249 32.6885 18.8
    endloop
  endfacet
  facet normal 0.194891 -0.980825 0
    outer loop
      vertex 110.089 32.9991 18.8
      vertex 110.243 33.0297 19.2
      vertex 110.089 32.9991 19.2
    endloop
  endfacet
  facet normal 0.194891 -0.980825 0
    outer loop
      vertex 110.243 33.0297 19.2
      vertex 110.089 32.9991 18.8
      vertex 110.243 33.0297 18.8
    endloop
  endfacet
  facet normal 0.322361 0.946617 -0
    outer loop
      vertex 110.089 30.6809 18.8
      vertex 109.941 30.7313 19.2
      vertex 110.089 30.6809 19.2
    endloop
  endfacet
  facet normal 0.322361 0.946617 0
    outer loop
      vertex 109.941 30.7313 19.2
      vertex 110.089 30.6809 18.8
      vertex 109.941 30.7313 18.8
    endloop
  endfacet
  facet normal -0.895442 0.445177 0
    outer loop
      vertex 111.439 31.24 18.8
      vertex 111.509 31.3808 19.2
      vertex 111.509 31.3808 18.8
    endloop
  endfacet
  facet normal -0.895442 0.445177 0
    outer loop
      vertex 111.509 31.3808 19.2
      vertex 111.439 31.24 18.8
      vertex 111.439 31.24 19.2
    endloop
  endfacet
  facet normal -0.997967 -0.0637272 0
    outer loop
      vertex 111.6 31.84 18.8
      vertex 111.59 31.9966 19.2
      vertex 111.59 31.9966 18.8
    endloop
  endfacet
  facet normal -0.997967 -0.0637272 0
    outer loop
      vertex 111.59 31.9966 19.2
      vertex 111.6 31.84 18.8
      vertex 111.6 31.84 19.2
    endloop
  endfacet
  facet normal 0.947787 -0.318905 0
    outer loop
      vertex 109.241 32.1506 19.2
      vertex 109.291 32.2992 18.8
      vertex 109.291 32.2992 19.2
    endloop
  endfacet
  facet normal 0.947787 -0.318905 0
    outer loop
      vertex 109.291 32.2992 18.8
      vertex 109.241 32.1506 19.2
      vertex 109.241 32.1506 18.8
    endloop
  endfacet
  facet normal 0.980335 -0.19734 0
    outer loop
      vertex 109.21 31.9966 19.2
      vertex 109.241 32.1506 18.8
      vertex 109.241 32.1506 19.2
    endloop
  endfacet
  facet normal 0.980335 -0.19734 0
    outer loop
      vertex 109.241 32.1506 18.8
      vertex 109.21 31.9966 19.2
      vertex 109.21 31.9966 18.8
    endloop
  endfacet
  facet normal 0.659406 -0.751787 0
    outer loop
      vertex 109.551 32.6885 18.8
      vertex 109.669 32.792 19.2
      vertex 109.551 32.6885 19.2
    endloop
  endfacet
  facet normal 0.659406 -0.751787 0
    outer loop
      vertex 109.669 32.792 19.2
      vertex 109.551 32.6885 18.8
      vertex 109.669 32.792 18.8
    endloop
  endfacet
  facet normal -0.947787 -0.318905 0
    outer loop
      vertex 111.559 32.1506 18.8
      vertex 111.509 32.2992 19.2
      vertex 111.509 32.2992 18.8
    endloop
  endfacet
  facet normal -0.947787 -0.318905 0
    outer loop
      vertex 111.509 32.2992 19.2
      vertex 111.559 32.1506 18.8
      vertex 111.559 32.1506 19.2
    endloop
  endfacet
  facet normal 0.322361 -0.946617 0
    outer loop
      vertex 109.941 32.9487 18.8
      vertex 110.089 32.9991 19.2
      vertex 109.941 32.9487 19.2
    endloop
  endfacet
  facet normal 0.322361 -0.946617 0
    outer loop
      vertex 110.089 32.9991 19.2
      vertex 109.941 32.9487 18.8
      vertex 110.089 32.9991 18.8
    endloop
  endfacet
  facet normal -0.442117 -0.896957 0
    outer loop
      vertex 110.859 32.9487 18.8
      vertex 111 32.8792 19.2
      vertex 110.859 32.9487 19.2
    endloop
  endfacet
  facet normal -0.442117 -0.896957 -0
    outer loop
      vertex 111 32.8792 19.2
      vertex 110.859 32.9487 18.8
      vertex 111 32.8792 18.8
    endloop
  endfacet
  facet normal -0.753367 -0.6576 0
    outer loop
      vertex 111.352 32.5705 18.8
      vertex 111.249 32.6885 19.2
      vertex 111.249 32.6885 18.8
    endloop
  endfacet
  facet normal -0.753367 -0.6576 0
    outer loop
      vertex 111.249 32.6885 19.2
      vertex 111.352 32.5705 18.8
      vertex 111.352 32.5705 19.2
    endloop
  endfacet
  facet normal -0.194891 -0.980825 0
    outer loop
      vertex 110.557 33.0297 18.8
      vertex 110.711 32.9991 19.2
      vertex 110.557 33.0297 19.2
    endloop
  endfacet
  facet normal -0.194891 -0.980825 -0
    outer loop
      vertex 110.711 32.9991 19.2
      vertex 110.557 33.0297 18.8
      vertex 110.711 32.9991 18.8
    endloop
  endfacet
  facet normal 0.554113 0.832441 -0
    outer loop
      vertex 109.8 30.8008 18.8
      vertex 109.669 30.888 19.2
      vertex 109.8 30.8008 19.2
    endloop
  endfacet
  facet normal 0.554113 0.832441 0
    outer loop
      vertex 109.669 30.888 19.2
      vertex 109.8 30.8008 18.8
      vertex 109.669 30.888 18.8
    endloop
  endfacet
  facet normal 0.753367 -0.6576 0
    outer loop
      vertex 109.448 32.5705 19.2
      vertex 109.551 32.6885 18.8
      vertex 109.551 32.6885 19.2
    endloop
  endfacet
  facet normal 0.753367 -0.6576 0
    outer loop
      vertex 109.551 32.6885 18.8
      vertex 109.448 32.5705 19.2
      vertex 109.448 32.5705 18.8
    endloop
  endfacet
  facet normal -0.554113 -0.832441 0
    outer loop
      vertex 111 32.8792 18.8
      vertex 111.131 32.792 19.2
      vertex 111 32.8792 19.2
    endloop
  endfacet
  facet normal -0.554113 -0.832441 -0
    outer loop
      vertex 111.131 32.792 19.2
      vertex 111 32.8792 18.8
      vertex 111.131 32.792 18.8
    endloop
  endfacet
  facet normal 0.980335 0.19734 0
    outer loop
      vertex 109.241 31.5294 19.2
      vertex 109.21 31.6834 18.8
      vertex 109.21 31.6834 19.2
    endloop
  endfacet
  facet normal 0.980335 0.19734 0
    outer loop
      vertex 109.21 31.6834 18.8
      vertex 109.241 31.5294 19.2
      vertex 109.241 31.5294 18.8
    endloop
  endfacet
  facet normal 0.947787 0.318905 0
    outer loop
      vertex 109.291 31.3808 19.2
      vertex 109.241 31.5294 18.8
      vertex 109.241 31.5294 19.2
    endloop
  endfacet
  facet normal 0.947787 0.318905 0
    outer loop
      vertex 109.241 31.5294 18.8
      vertex 109.291 31.3808 19.2
      vertex 109.291 31.3808 18.8
    endloop
  endfacet
  facet normal -0.980335 0.19734 0
    outer loop
      vertex 111.559 31.5294 18.8
      vertex 111.59 31.6834 19.2
      vertex 111.59 31.6834 18.8
    endloop
  endfacet
  facet normal -0.980335 0.19734 0
    outer loop
      vertex 111.59 31.6834 19.2
      vertex 111.559 31.5294 18.8
      vertex 111.559 31.5294 19.2
    endloop
  endfacet
  facet normal 0.659406 0.751787 -0
    outer loop
      vertex 109.669 30.888 18.8
      vertex 109.551 30.9915 19.2
      vertex 109.669 30.888 19.2
    endloop
  endfacet
  facet normal 0.659406 0.751787 0
    outer loop
      vertex 109.551 30.9915 19.2
      vertex 109.669 30.888 18.8
      vertex 109.551 30.9915 18.8
    endloop
  endfacet
  facet normal 0.895442 0.445177 0
    outer loop
      vertex 109.361 31.24 19.2
      vertex 109.291 31.3808 18.8
      vertex 109.291 31.3808 19.2
    endloop
  endfacet
  facet normal 0.895442 0.445177 0
    outer loop
      vertex 109.291 31.3808 18.8
      vertex 109.361 31.24 19.2
      vertex 109.361 31.24 18.8
    endloop
  endfacet
  facet normal -0.194891 0.980825 0
    outer loop
      vertex 110.711 30.6809 18.8
      vertex 110.557 30.6503 19.2
      vertex 110.711 30.6809 19.2
    endloop
  endfacet
  facet normal -0.194891 0.980825 0
    outer loop
      vertex 110.557 30.6503 19.2
      vertex 110.711 30.6809 18.8
      vertex 110.557 30.6503 18.8
    endloop
  endfacet
  facet normal -0.753367 0.6576 0
    outer loop
      vertex 111.249 30.9915 18.8
      vertex 111.352 31.1095 19.2
      vertex 111.352 31.1095 18.8
    endloop
  endfacet
  facet normal -0.753367 0.6576 0
    outer loop
      vertex 111.352 31.1095 19.2
      vertex 111.249 30.9915 18.8
      vertex 111.249 30.9915 19.2
    endloop
  endfacet
  facet normal -0.322361 0.946617 0
    outer loop
      vertex 110.859 30.7313 18.8
      vertex 110.711 30.6809 19.2
      vertex 110.859 30.7313 19.2
    endloop
  endfacet
  facet normal -0.322361 0.946617 0
    outer loop
      vertex 110.711 30.6809 19.2
      vertex 110.859 30.7313 18.8
      vertex 110.711 30.6809 18.8
    endloop
  endfacet
  facet normal -0.947787 0.318905 0
    outer loop
      vertex 111.509 31.3808 18.8
      vertex 111.559 31.5294 19.2
      vertex 111.559 31.5294 18.8
    endloop
  endfacet
  facet normal -0.947787 0.318905 0
    outer loop
      vertex 111.559 31.5294 19.2
      vertex 111.509 31.3808 18.8
      vertex 111.509 31.3808 19.2
    endloop
  endfacet
  facet normal -0.554113 0.832441 0
    outer loop
      vertex 111.131 30.888 18.8
      vertex 111 30.8008 19.2
      vertex 111.131 30.888 19.2
    endloop
  endfacet
  facet normal -0.554113 0.832441 0
    outer loop
      vertex 111 30.8008 19.2
      vertex 111.131 30.888 18.8
      vertex 111 30.8008 18.8
    endloop
  endfacet
  facet normal -0.322361 -0.946617 0
    outer loop
      vertex 110.711 32.9991 18.8
      vertex 110.859 32.9487 19.2
      vertex 110.711 32.9991 19.2
    endloop
  endfacet
  facet normal -0.322361 -0.946617 -0
    outer loop
      vertex 110.859 32.9487 19.2
      vertex 110.711 32.9991 18.8
      vertex 110.859 32.9487 18.8
    endloop
  endfacet
  facet normal -0.659406 0.751787 0
    outer loop
      vertex 111.249 30.9915 18.8
      vertex 111.131 30.888 19.2
      vertex 111.249 30.9915 19.2
    endloop
  endfacet
  facet normal -0.659406 0.751787 0
    outer loop
      vertex 111.131 30.888 19.2
      vertex 111.249 30.9915 18.8
      vertex 111.131 30.888 18.8
    endloop
  endfacet
  facet normal 0.554113 -0.832441 0
    outer loop
      vertex 109.669 32.792 18.8
      vertex 109.8 32.8792 19.2
      vertex 109.669 32.792 19.2
    endloop
  endfacet
  facet normal 0.554113 -0.832441 0
    outer loop
      vertex 109.8 32.8792 19.2
      vertex 109.669 32.792 18.8
      vertex 109.8 32.8792 18.8
    endloop
  endfacet
  facet normal 0.442117 0.896957 -0
    outer loop
      vertex 109.941 30.7313 18.8
      vertex 109.8 30.8008 19.2
      vertex 109.941 30.7313 19.2
    endloop
  endfacet
  facet normal 0.442117 0.896957 0
    outer loop
      vertex 109.8 30.8008 19.2
      vertex 109.941 30.7313 18.8
      vertex 109.8 30.8008 18.8
    endloop
  endfacet
  facet normal 0.0654644 0.997855 -0
    outer loop
      vertex 110.4 30.64 18.8
      vertex 110.243 30.6503 19.2
      vertex 110.4 30.64 19.2
    endloop
  endfacet
  facet normal 0.0654644 0.997855 0
    outer loop
      vertex 110.243 30.6503 19.2
      vertex 110.4 30.64 18.8
      vertex 110.243 30.6503 18.8
    endloop
  endfacet
  facet normal 0.83205 -0.5547 0
    outer loop
      vertex 109.361 32.44 19.2
      vertex 109.448 32.5705 18.8
      vertex 109.448 32.5705 19.2
    endloop
  endfacet
  facet normal 0.83205 -0.5547 0
    outer loop
      vertex 109.448 32.5705 18.8
      vertex 109.361 32.44 19.2
      vertex 109.361 32.44 18.8
    endloop
  endfacet
  facet normal 0.83205 0.5547 0
    outer loop
      vertex 109.448 31.1095 19.2
      vertex 109.361 31.24 18.8
      vertex 109.361 31.24 19.2
    endloop
  endfacet
  facet normal 0.83205 0.5547 0
    outer loop
      vertex 109.361 31.24 18.8
      vertex 109.448 31.1095 19.2
      vertex 109.448 31.1095 18.8
    endloop
  endfacet
  facet normal 0.753367 0.6576 0
    outer loop
      vertex 109.551 30.9915 19.2
      vertex 109.448 31.1095 18.8
      vertex 109.448 31.1095 19.2
    endloop
  endfacet
  facet normal 0.753367 0.6576 0
    outer loop
      vertex 109.448 31.1095 18.8
      vertex 109.551 30.9915 19.2
      vertex 109.551 30.9915 18.8
    endloop
  endfacet
  facet normal -0.89694 0.442153 0
    outer loop
      vertex 112.392 30.69 17
      vertex 112.525 30.9598 18.8
      vertex 112.525 30.9598 17
    endloop
  endfacet
  facet normal -0.89694 0.442153 0
    outer loop
      vertex 112.525 30.9598 18.8
      vertex 112.392 30.69 17
      vertex 112.392 30.69 18.8
    endloop
  endfacet
  facet normal -0.195157 0.980772 0
    outer loop
      vertex 110.995 29.6184 17
      vertex 110.7 29.5597 18.8
      vertex 110.995 29.6184 18.8
    endloop
  endfacet
  facet normal -0.195157 0.980772 0
    outer loop
      vertex 110.7 29.5597 18.8
      vertex 110.995 29.6184 17
      vertex 110.7 29.5597 17
    endloop
  endfacet
  facet normal -0.831743 -0.55516 0
    outer loop
      vertex 112.392 32.99 17
      vertex 112.225 33.2402 18.8
      vertex 112.225 33.2402 17
    endloop
  endfacet
  facet normal -0.831743 -0.55516 0
    outer loop
      vertex 112.225 33.2402 18.8
      vertex 112.392 32.99 17
      vertex 112.392 32.99 18.8
    endloop
  endfacet
  facet normal -0.89694 -0.442153 0
    outer loop
      vertex 112.525 32.7202 17
      vertex 112.392 32.99 18.8
      vertex 112.392 32.99 17
    endloop
  endfacet
  facet normal -0.89694 -0.442153 0
    outer loop
      vertex 112.392 32.99 18.8
      vertex 112.525 32.7202 17
      vertex 112.525 32.7202 18.8
    endloop
  endfacet
  facet normal 0.981227 -0.192854 0
    outer loop
      vertex 108.12 32.1402 18.8
      vertex 108.178 32.4353 17
      vertex 108.178 32.4353 18.8
    endloop
  endfacet
  facet normal 0.981227 -0.192854 0
    outer loop
      vertex 108.178 32.4353 17
      vertex 108.12 32.1402 18.8
      vertex 108.12 32.1402 17
    endloop
  endfacet
  facet normal 0.659728 0.751505 -0
    outer loop
      vertex 109 30.0153 17
      vertex 108.774 30.2137 18.8
      vertex 109 30.0153 18.8
    endloop
  endfacet
  facet normal 0.659728 0.751505 0
    outer loop
      vertex 108.774 30.2137 18.8
      vertex 109 30.0153 17
      vertex 108.774 30.2137 17
    endloop
  endfacet
  facet normal -0.750661 -0.660688 0
    outer loop
      vertex 112.225 33.2402 17
      vertex 112.026 33.4663 18.8
      vertex 112.026 33.4663 17
    endloop
  endfacet
  facet normal -0.750661 -0.660688 0
    outer loop
      vertex 112.026 33.4663 18.8
      vertex 112.225 33.2402 17
      vertex 112.225 33.2402 18.8
    endloop
  endfacet
  facet normal -0.750661 0.660688 0
    outer loop
      vertex 112.026 30.2137 17
      vertex 112.225 30.4398 18.8
      vertex 112.225 30.4398 17
    endloop
  endfacet
  facet normal -0.750661 0.660688 0
    outer loop
      vertex 112.225 30.4398 18.8
      vertex 112.026 30.2137 17
      vertex 112.026 30.2137 18.8
    endloop
  endfacet
  facet normal 0.195157 -0.980772 0
    outer loop
      vertex 109.805 34.0616 17
      vertex 110.1 34.1203 18.8
      vertex 109.805 34.0616 18.8
    endloop
  endfacet
  facet normal 0.195157 -0.980772 0
    outer loop
      vertex 110.1 34.1203 18.8
      vertex 109.805 34.0616 17
      vertex 110.1 34.1203 17
    endloop
  endfacet
  facet normal 0.997788 -0.0664749 0
    outer loop
      vertex 108.1 31.84 18.8
      vertex 108.12 32.1402 17
      vertex 108.12 32.1402 18.8
    endloop
  endfacet
  facet normal 0.997788 -0.0664749 0
    outer loop
      vertex 108.12 32.1402 17
      vertex 108.1 31.84 18.8
      vertex 108.1 31.84 17
    endloop
  endfacet
  facet normal 0.750661 -0.660688 0
    outer loop
      vertex 108.575 33.2402 18.8
      vertex 108.774 33.4663 17
      vertex 108.774 33.4663 18.8
    endloop
  endfacet
  facet normal 0.750661 -0.660688 0
    outer loop
      vertex 108.774 33.4663 17
      vertex 108.575 33.2402 18.8
      vertex 108.575 33.2402 17
    endloop
  endfacet
  facet normal 0.555927 -0.831231 0
    outer loop
      vertex 109 33.6647 17
      vertex 109.25 33.8319 18.8
      vertex 109 33.6647 18.8
    endloop
  endfacet
  facet normal 0.555927 -0.831231 0
    outer loop
      vertex 109.25 33.8319 18.8
      vertex 109 33.6647 17
      vertex 109.25 33.8319 17
    endloop
  endfacet
  facet normal 0.831743 -0.55516 0
    outer loop
      vertex 108.408 32.99 18.8
      vertex 108.575 33.2402 17
      vertex 108.575 33.2402 18.8
    endloop
  endfacet
  facet normal 0.831743 -0.55516 0
    outer loop
      vertex 108.575 33.2402 17
      vertex 108.408 32.99 18.8
      vertex 108.408 32.99 17
    endloop
  endfacet
  facet normal -0.997788 0.0664749 0
    outer loop
      vertex 112.68 31.5398 17
      vertex 112.7 31.84 18.8
      vertex 112.7 31.84 17
    endloop
  endfacet
  facet normal -0.997788 0.0664749 0
    outer loop
      vertex 112.7 31.84 18.8
      vertex 112.68 31.5398 17
      vertex 112.68 31.5398 18.8
    endloop
  endfacet
  facet normal -0.981227 -0.192854 0
    outer loop
      vertex 112.68 32.1402 17
      vertex 112.622 32.4353 18.8
      vertex 112.622 32.4353 17
    endloop
  endfacet
  facet normal -0.981227 -0.192854 0
    outer loop
      vertex 112.622 32.4353 18.8
      vertex 112.68 32.1402 17
      vertex 112.68 32.1402 18.8
    endloop
  endfacet
  facet normal -0.0655255 -0.997851 0
    outer loop
      vertex 110.4 34.14 17
      vertex 110.7 34.1203 18.8
      vertex 110.4 34.14 18.8
    endloop
  endfacet
  facet normal -0.0655255 -0.997851 -0
    outer loop
      vertex 110.7 34.1203 18.8
      vertex 110.4 34.14 17
      vertex 110.7 34.1203 17
    endloop
  endfacet
  facet normal 0.831743 0.55516 0
    outer loop
      vertex 108.575 30.4398 18.8
      vertex 108.408 30.69 17
      vertex 108.408 30.69 18.8
    endloop
  endfacet
  facet normal 0.831743 0.55516 0
    outer loop
      vertex 108.408 30.69 17
      vertex 108.575 30.4398 18.8
      vertex 108.575 30.4398 17
    endloop
  endfacet
  facet normal -0.44189 0.897069 0
    outer loop
      vertex 111.55 29.8481 17
      vertex 111.28 29.7151 18.8
      vertex 111.55 29.8481 18.8
    endloop
  endfacet
  facet normal -0.44189 0.897069 0
    outer loop
      vertex 111.28 29.7151 18.8
      vertex 111.55 29.8481 17
      vertex 111.28 29.7151 17
    endloop
  endfacet
  facet normal -0.997788 -0.0664749 0
    outer loop
      vertex 112.7 31.84 17
      vertex 112.68 32.1402 18.8
      vertex 112.68 32.1402 17
    endloop
  endfacet
  facet normal -0.997788 -0.0664749 0
    outer loop
      vertex 112.68 32.1402 18.8
      vertex 112.7 31.84 17
      vertex 112.7 31.84 18.8
    endloop
  endfacet
  facet normal -0.659728 0.751505 0
    outer loop
      vertex 112.026 30.2137 17
      vertex 111.8 30.0153 18.8
      vertex 112.026 30.2137 18.8
    endloop
  endfacet
  facet normal -0.659728 0.751505 0
    outer loop
      vertex 111.8 30.0153 18.8
      vertex 112.026 30.2137 17
      vertex 111.8 30.0153 17
    endloop
  endfacet
  facet normal 0.44189 0.897069 -0
    outer loop
      vertex 109.52 29.7151 17
      vertex 109.25 29.8481 18.8
      vertex 109.52 29.7151 18.8
    endloop
  endfacet
  facet normal 0.44189 0.897069 0
    outer loop
      vertex 109.25 29.8481 18.8
      vertex 109.52 29.7151 17
      vertex 109.25 29.8481 17
    endloop
  endfacet
  facet normal -0.555927 -0.831231 0
    outer loop
      vertex 111.55 33.8319 17
      vertex 111.8 33.6647 18.8
      vertex 111.55 33.8319 18.8
    endloop
  endfacet
  facet normal -0.555927 -0.831231 -0
    outer loop
      vertex 111.8 33.6647 18.8
      vertex 111.55 33.8319 17
      vertex 111.8 33.6647 17
    endloop
  endfacet
  facet normal -0.555927 0.831231 0
    outer loop
      vertex 111.8 30.0153 17
      vertex 111.55 29.8481 18.8
      vertex 111.8 30.0153 18.8
    endloop
  endfacet
  facet normal -0.555927 0.831231 0
    outer loop
      vertex 111.55 29.8481 18.8
      vertex 111.8 30.0153 17
      vertex 111.55 29.8481 17
    endloop
  endfacet
  facet normal -0.946637 0.322302 0
    outer loop
      vertex 112.525 30.9598 17
      vertex 112.622 31.2447 18.8
      vertex 112.622 31.2447 17
    endloop
  endfacet
  facet normal -0.946637 0.322302 0
    outer loop
      vertex 112.622 31.2447 18.8
      vertex 112.525 30.9598 17
      vertex 112.525 30.9598 18.8
    endloop
  endfacet
  facet normal 0.321307 0.946975 -0
    outer loop
      vertex 109.805 29.6184 17
      vertex 109.52 29.7151 18.8
      vertex 109.805 29.6184 18.8
    endloop
  endfacet
  facet normal 0.321307 0.946975 0
    outer loop
      vertex 109.52 29.7151 18.8
      vertex 109.805 29.6184 17
      vertex 109.52 29.7151 17
    endloop
  endfacet
  facet normal -0.0655255 0.997851 0
    outer loop
      vertex 110.7 29.5597 17
      vertex 110.4 29.54 18.8
      vertex 110.7 29.5597 18.8
    endloop
  endfacet
  facet normal -0.0655255 0.997851 0
    outer loop
      vertex 110.4 29.54 18.8
      vertex 110.7 29.5597 17
      vertex 110.4 29.54 17
    endloop
  endfacet
  facet normal -0.946637 -0.322302 0
    outer loop
      vertex 112.622 32.4353 17
      vertex 112.525 32.7202 18.8
      vertex 112.525 32.7202 17
    endloop
  endfacet
  facet normal -0.946637 -0.322302 0
    outer loop
      vertex 112.525 32.7202 18.8
      vertex 112.622 32.4353 17
      vertex 112.622 32.4353 18.8
    endloop
  endfacet
  facet normal 0.946637 -0.322302 0
    outer loop
      vertex 108.178 32.4353 18.8
      vertex 108.275 32.7202 17
      vertex 108.275 32.7202 18.8
    endloop
  endfacet
  facet normal 0.946637 -0.322302 0
    outer loop
      vertex 108.275 32.7202 17
      vertex 108.178 32.4353 18.8
      vertex 108.178 32.4353 17
    endloop
  endfacet
  facet normal 0.321307 -0.946975 0
    outer loop
      vertex 109.52 33.9649 17
      vertex 109.805 34.0616 18.8
      vertex 109.52 33.9649 18.8
    endloop
  endfacet
  facet normal 0.321307 -0.946975 0
    outer loop
      vertex 109.805 34.0616 18.8
      vertex 109.52 33.9649 17
      vertex 109.805 34.0616 17
    endloop
  endfacet
  facet normal -0.321307 -0.946975 0
    outer loop
      vertex 110.995 34.0616 17
      vertex 111.28 33.9649 18.8
      vertex 110.995 34.0616 18.8
    endloop
  endfacet
  facet normal -0.321307 -0.946975 -0
    outer loop
      vertex 111.28 33.9649 18.8
      vertex 110.995 34.0616 17
      vertex 111.28 33.9649 17
    endloop
  endfacet
  facet normal 0.946637 0.322302 0
    outer loop
      vertex 108.275 30.9598 18.8
      vertex 108.178 31.2447 17
      vertex 108.178 31.2447 18.8
    endloop
  endfacet
  facet normal 0.946637 0.322302 0
    outer loop
      vertex 108.178 31.2447 17
      vertex 108.275 30.9598 18.8
      vertex 108.275 30.9598 17
    endloop
  endfacet
  facet normal 0.0655255 0.997851 -0
    outer loop
      vertex 110.4 29.54 17
      vertex 110.1 29.5597 18.8
      vertex 110.4 29.54 18.8
    endloop
  endfacet
  facet normal 0.0655255 0.997851 0
    outer loop
      vertex 110.1 29.5597 18.8
      vertex 110.4 29.54 17
      vertex 110.1 29.5597 17
    endloop
  endfacet
  facet normal -0.831743 0.55516 0
    outer loop
      vertex 112.225 30.4398 17
      vertex 112.392 30.69 18.8
      vertex 112.392 30.69 17
    endloop
  endfacet
  facet normal -0.831743 0.55516 0
    outer loop
      vertex 112.392 30.69 18.8
      vertex 112.225 30.4398 17
      vertex 112.225 30.4398 18.8
    endloop
  endfacet
  facet normal 0.44189 -0.897069 0
    outer loop
      vertex 109.25 33.8319 17
      vertex 109.52 33.9649 18.8
      vertex 109.25 33.8319 18.8
    endloop
  endfacet
  facet normal 0.44189 -0.897069 0
    outer loop
      vertex 109.52 33.9649 18.8
      vertex 109.25 33.8319 17
      vertex 109.52 33.9649 17
    endloop
  endfacet
  facet normal -0.981227 0.192854 0
    outer loop
      vertex 112.622 31.2447 17
      vertex 112.68 31.5398 18.8
      vertex 112.68 31.5398 17
    endloop
  endfacet
  facet normal -0.981227 0.192854 0
    outer loop
      vertex 112.68 31.5398 18.8
      vertex 112.622 31.2447 17
      vertex 112.622 31.2447 18.8
    endloop
  endfacet
  facet normal -0.195157 -0.980772 0
    outer loop
      vertex 110.7 34.1203 17
      vertex 110.995 34.0616 18.8
      vertex 110.7 34.1203 18.8
    endloop
  endfacet
  facet normal -0.195157 -0.980772 -0
    outer loop
      vertex 110.995 34.0616 18.8
      vertex 110.7 34.1203 17
      vertex 110.995 34.0616 17
    endloop
  endfacet
  facet normal -0.321307 0.946975 0
    outer loop
      vertex 111.28 29.7151 17
      vertex 110.995 29.6184 18.8
      vertex 111.28 29.7151 18.8
    endloop
  endfacet
  facet normal -0.321307 0.946975 0
    outer loop
      vertex 110.995 29.6184 18.8
      vertex 111.28 29.7151 17
      vertex 110.995 29.6184 17
    endloop
  endfacet
  facet normal 0.750661 0.660688 0
    outer loop
      vertex 108.774 30.2137 18.8
      vertex 108.575 30.4398 17
      vertex 108.575 30.4398 18.8
    endloop
  endfacet
  facet normal 0.750661 0.660688 0
    outer loop
      vertex 108.575 30.4398 17
      vertex 108.774 30.2137 18.8
      vertex 108.774 30.2137 17
    endloop
  endfacet
  facet normal 0 0 -1
    outer loop
      vertex 111.6 31.84 18.8
      vertex 112.7 31.84 18.8
      vertex 112.68 31.5398 18.8
    endloop
  endfacet
  facet normal 0 0 -1
    outer loop
      vertex 111.59 31.6834 18.8
      vertex 112.68 31.5398 18.8
      vertex 112.622 31.2447 18.8
    endloop
  endfacet
  facet normal 0 0 -1
    outer loop
      vertex 112.7 31.84 18.8
      vertex 111.6 31.84 18.8
      vertex 112.68 32.1402 18.8
    endloop
  endfacet
  facet normal 0 0 -1
    outer loop
      vertex 111.559 31.5294 18.8
      vertex 112.622 31.2447 18.8
      vertex 112.525 30.9598 18.8
    endloop
  endfacet
  facet normal 0 0 -1
    outer loop
      vertex 111.59 31.9966 18.8
      vertex 112.68 32.1402 18.8
      vertex 111.6 31.84 18.8
    endloop
  endfacet
  facet normal 0 0 -1
    outer loop
      vertex 111.509 31.3808 18.8
      vertex 112.525 30.9598 18.8
      vertex 112.392 30.69 18.8
    endloop
  endfacet
  facet normal -0 0 -1
    outer loop
      vertex 112.68 32.1402 18.8
      vertex 111.59 31.9966 18.8
      vertex 112.622 32.4353 18.8
    endloop
  endfacet
  facet normal 0 0 -1
    outer loop
      vertex 111.439 31.24 18.8
      vertex 112.392 30.69 18.8
      vertex 112.225 30.4398 18.8
    endloop
  endfacet
  facet normal 0 0 -1
    outer loop
      vertex 111.559 32.1506 18.8
      vertex 112.622 32.4353 18.8
      vertex 111.59 31.9966 18.8
    endloop
  endfacet
  facet normal 0 0 -1
    outer loop
      vertex 111.352 31.1095 18.8
      vertex 112.225 30.4398 18.8
      vertex 112.026 30.2137 18.8
    endloop
  endfacet
  facet normal -0 0 -1
    outer loop
      vertex 112.622 32.4353 18.8
      vertex 111.559 32.1506 18.8
      vertex 112.525 32.7202 18.8
    endloop
  endfacet
  facet normal 0 0 -1
    outer loop
      vertex 111.249 30.9915 18.8
      vertex 112.026 30.2137 18.8
      vertex 111.8 30.0153 18.8
    endloop
  endfacet
  facet normal 0 0 -1
    outer loop
      vertex 111.509 32.2992 18.8
      vertex 112.525 32.7202 18.8
      vertex 111.559 32.1506 18.8
    endloop
  endfacet
  facet normal -0 0 -1
    outer loop
      vertex 112.525 32.7202 18.8
      vertex 111.509 32.2992 18.8
      vertex 112.392 32.99 18.8
    endloop
  endfacet
  facet normal 0 0 -1
    outer loop
      vertex 112.68 31.5398 18.8
      vertex 111.59 31.6834 18.8
      vertex 111.6 31.84 18.8
    endloop
  endfacet
  facet normal 0 0 -1
    outer loop
      vertex 112.622 31.2447 18.8
      vertex 111.559 31.5294 18.8
      vertex 111.59 31.6834 18.8
    endloop
  endfacet
  facet normal 0 0 -1
    outer loop
      vertex 111.131 30.888 18.8
      vertex 111.8 30.0153 18.8
      vertex 111.55 29.8481 18.8
    endloop
  endfacet
  facet normal 0 0 -1
    outer loop
      vertex 112.525 30.9598 18.8
      vertex 111.509 31.3808 18.8
      vertex 111.559 31.5294 18.8
    endloop
  endfacet
  facet normal 0 0 -1
    outer loop
      vertex 112.392 30.69 18.8
      vertex 111.439 31.24 18.8
      vertex 111.509 31.3808 18.8
    endloop
  endfacet
  facet normal 0 0 -1
    outer loop
      vertex 112.225 30.4398 18.8
      vertex 111.352 31.1095 18.8
      vertex 111.439 31.24 18.8
    endloop
  endfacet
  facet normal 0 0 -1
    outer loop
      vertex 111 30.8008 18.8
      vertex 111.55 29.8481 18.8
      vertex 111.28 29.7151 18.8
    endloop
  endfacet
  facet normal 0 0 -1
    outer loop
      vertex 112.026 30.2137 18.8
      vertex 111.249 30.9915 18.8
      vertex 111.352 31.1095 18.8
    endloop
  endfacet
  facet normal 0 0 -1
    outer loop
      vertex 111.8 30.0153 18.8
      vertex 111.131 30.888 18.8
      vertex 111.249 30.9915 18.8
    endloop
  endfacet
  facet normal 0 0 -1
    outer loop
      vertex 111.55 29.8481 18.8
      vertex 111 30.8008 18.8
      vertex 111.131 30.888 18.8
    endloop
  endfacet
  facet normal 0 0 -1
    outer loop
      vertex 110.859 30.7313 18.8
      vertex 111.28 29.7151 18.8
      vertex 110.995 29.6184 18.8
    endloop
  endfacet
  facet normal 0 0 -1
    outer loop
      vertex 111.28 29.7151 18.8
      vertex 110.859 30.7313 18.8
      vertex 111 30.8008 18.8
    endloop
  endfacet
  facet normal 0 0 -1
    outer loop
      vertex 110.995 29.6184 18.8
      vertex 110.711 30.6809 18.8
      vertex 110.859 30.7313 18.8
    endloop
  endfacet
  facet normal 0 0 -1
    outer loop
      vertex 110.7 29.5597 18.8
      vertex 110.711 30.6809 18.8
      vertex 110.995 29.6184 18.8
    endloop
  endfacet
  facet normal 0 0 -1
    outer loop
      vertex 110.7 29.5597 18.8
      vertex 110.557 30.6503 18.8
      vertex 110.711 30.6809 18.8
    endloop
  endfacet
  facet normal 0 0 -1
    outer loop
      vertex 110.4 29.54 18.8
      vertex 110.557 30.6503 18.8
      vertex 110.7 29.5597 18.8
    endloop
  endfacet
  facet normal 0 0 -1
    outer loop
      vertex 110.4 29.54 18.8
      vertex 110.4 30.64 18.8
      vertex 110.557 30.6503 18.8
    endloop
  endfacet
  facet normal 0 0 -1
    outer loop
      vertex 110.4 29.54 18.8
      vertex 110.243 30.6503 18.8
      vertex 110.4 30.64 18.8
    endloop
  endfacet
  facet normal 0 0 -1
    outer loop
      vertex 110.1 29.5597 18.8
      vertex 110.243 30.6503 18.8
      vertex 110.4 29.54 18.8
    endloop
  endfacet
  facet normal 0 0 -1
    outer loop
      vertex 110.1 29.5597 18.8
      vertex 110.089 30.6809 18.8
      vertex 110.243 30.6503 18.8
    endloop
  endfacet
  facet normal 0 0 -1
    outer loop
      vertex 109.805 29.6184 18.8
      vertex 110.089 30.6809 18.8
      vertex 110.1 29.5597 18.8
    endloop
  endfacet
  facet normal -0 0 -1
    outer loop
      vertex 110.089 30.6809 18.8
      vertex 109.805 29.6184 18.8
      vertex 109.941 30.7313 18.8
    endloop
  endfacet
  facet normal 0 0 -1
    outer loop
      vertex 109.52 29.7151 18.8
      vertex 109.941 30.7313 18.8
      vertex 109.805 29.6184 18.8
    endloop
  endfacet
  facet normal -0 0 -1
    outer loop
      vertex 109.941 30.7313 18.8
      vertex 109.52 29.7151 18.8
      vertex 109.8 30.8008 18.8
    endloop
  endfacet
  facet normal 0 0 -1
    outer loop
      vertex 109.25 29.8481 18.8
      vertex 109.8 30.8008 18.8
      vertex 109.52 29.7151 18.8
    endloop
  endfacet
  facet normal -0 0 -1
    outer loop
      vertex 109.8 30.8008 18.8
      vertex 109.25 29.8481 18.8
      vertex 109.669 30.888 18.8
    endloop
  endfacet
  facet normal 0 0 -1
    outer loop
      vertex 109 30.0153 18.8
      vertex 109.669 30.888 18.8
      vertex 109.25 29.8481 18.8
    endloop
  endfacet
  facet normal -0 0 -1
    outer loop
      vertex 109.669 30.888 18.8
      vertex 109 30.0153 18.8
      vertex 109.551 30.9915 18.8
    endloop
  endfacet
  facet normal 0 0 -1
    outer loop
      vertex 108.774 30.2137 18.8
      vertex 109.551 30.9915 18.8
      vertex 109 30.0153 18.8
    endloop
  endfacet
  facet normal -0 0 -1
    outer loop
      vertex 109.551 30.9915 18.8
      vertex 108.774 30.2137 18.8
      vertex 109.448 31.1095 18.8
    endloop
  endfacet
  facet normal 0 0 -1
    outer loop
      vertex 108.575 30.4398 18.8
      vertex 109.448 31.1095 18.8
      vertex 108.774 30.2137 18.8
    endloop
  endfacet
  facet normal -0 0 -1
    outer loop
      vertex 109.448 31.1095 18.8
      vertex 108.575 30.4398 18.8
      vertex 109.361 31.24 18.8
    endloop
  endfacet
  facet normal 0 0 -1
    outer loop
      vertex 108.408 30.69 18.8
      vertex 109.361 31.24 18.8
      vertex 108.575 30.4398 18.8
    endloop
  endfacet
  facet normal -0 0 -1
    outer loop
      vertex 109.361 31.24 18.8
      vertex 108.408 30.69 18.8
      vertex 109.291 31.3808 18.8
    endloop
  endfacet
  facet normal 0 0 -1
    outer loop
      vertex 111.439 32.44 18.8
      vertex 112.392 32.99 18.8
      vertex 111.509 32.2992 18.8
    endloop
  endfacet
  facet normal -0 0 -1
    outer loop
      vertex 112.392 32.99 18.8
      vertex 111.439 32.44 18.8
      vertex 112.225 33.2402 18.8
    endloop
  endfacet
  facet normal 0 0 -1
    outer loop
      vertex 111.352 32.5705 18.8
      vertex 112.225 33.2402 18.8
      vertex 111.439 32.44 18.8
    endloop
  endfacet
  facet normal -0 0 -1
    outer loop
      vertex 112.225 33.2402 18.8
      vertex 111.352 32.5705 18.8
      vertex 112.026 33.4663 18.8
    endloop
  endfacet
  facet normal 0 0 -1
    outer loop
      vertex 111.249 32.6885 18.8
      vertex 112.026 33.4663 18.8
      vertex 111.352 32.5705 18.8
    endloop
  endfacet
  facet normal -0 0 -1
    outer loop
      vertex 112.026 33.4663 18.8
      vertex 111.249 32.6885 18.8
      vertex 111.8 33.6647 18.8
    endloop
  endfacet
  facet normal 0 0 -1
    outer loop
      vertex 111.131 32.792 18.8
      vertex 111.8 33.6647 18.8
      vertex 111.249 32.6885 18.8
    endloop
  endfacet
  facet normal -0 0 -1
    outer loop
      vertex 111.8 33.6647 18.8
      vertex 111.131 32.792 18.8
      vertex 111.55 33.8319 18.8
    endloop
  endfacet
  facet normal 0 0 -1
    outer loop
      vertex 111 32.8792 18.8
      vertex 111.55 33.8319 18.8
      vertex 111.131 32.792 18.8
    endloop
  endfacet
  facet normal -0 0 -1
    outer loop
      vertex 111.55 33.8319 18.8
      vertex 111 32.8792 18.8
      vertex 111.28 33.9649 18.8
    endloop
  endfacet
  facet normal 0 0 -1
    outer loop
      vertex 110.859 32.9487 18.8
      vertex 111.28 33.9649 18.8
      vertex 111 32.8792 18.8
    endloop
  endfacet
  facet normal -0 0 -1
    outer loop
      vertex 111.28 33.9649 18.8
      vertex 110.859 32.9487 18.8
      vertex 110.995 34.0616 18.8
    endloop
  endfacet
  facet normal 0 0 -1
    outer loop
      vertex 110.711 32.9991 18.8
      vertex 110.995 34.0616 18.8
      vertex 110.859 32.9487 18.8
    endloop
  endfacet
  facet normal 0 0 -1
    outer loop
      vertex 110.711 32.9991 18.8
      vertex 110.7 34.1203 18.8
      vertex 110.995 34.0616 18.8
    endloop
  endfacet
  facet normal 0 0 -1
    outer loop
      vertex 110.557 33.0297 18.8
      vertex 110.7 34.1203 18.8
      vertex 110.711 32.9991 18.8
    endloop
  endfacet
  facet normal 0 0 -1
    outer loop
      vertex 110.4 33.04 18.8
      vertex 110.7 34.1203 18.8
      vertex 110.557 33.0297 18.8
    endloop
  endfacet
  facet normal 0 0 -1
    outer loop
      vertex 110.4 33.04 18.8
      vertex 110.4 34.14 18.8
      vertex 110.7 34.1203 18.8
    endloop
  endfacet
  facet normal 0 0 -1
    outer loop
      vertex 110.243 33.0297 18.8
      vertex 110.4 34.14 18.8
      vertex 110.4 33.04 18.8
    endloop
  endfacet
  facet normal 0 0 -1
    outer loop
      vertex 110.243 33.0297 18.8
      vertex 110.1 34.1203 18.8
      vertex 110.4 34.14 18.8
    endloop
  endfacet
  facet normal 0 0 -1
    outer loop
      vertex 110.089 32.9991 18.8
      vertex 110.1 34.1203 18.8
      vertex 110.243 33.0297 18.8
    endloop
  endfacet
  facet normal 0 0 -1
    outer loop
      vertex 109.805 34.0616 18.8
      vertex 110.089 32.9991 18.8
      vertex 109.941 32.9487 18.8
    endloop
  endfacet
  facet normal 0 0 -1
    outer loop
      vertex 110.089 32.9991 18.8
      vertex 109.805 34.0616 18.8
      vertex 110.1 34.1203 18.8
    endloop
  endfacet
  facet normal 0 0 -1
    outer loop
      vertex 109.52 33.9649 18.8
      vertex 109.941 32.9487 18.8
      vertex 109.8 32.8792 18.8
    endloop
  endfacet
  facet normal 0 0 -1
    outer loop
      vertex 109.25 33.8319 18.8
      vertex 109.8 32.8792 18.8
      vertex 109.669 32.792 18.8
    endloop
  endfacet
  facet normal 0 0 -1
    outer loop
      vertex 109 33.6647 18.8
      vertex 109.669 32.792 18.8
      vertex 109.551 32.6885 18.8
    endloop
  endfacet
  facet normal 0 0 -1
    outer loop
      vertex 109.941 32.9487 18.8
      vertex 109.52 33.9649 18.8
      vertex 109.805 34.0616 18.8
    endloop
  endfacet
  facet normal 0 0 -1
    outer loop
      vertex 108.774 33.4663 18.8
      vertex 109.551 32.6885 18.8
      vertex 109.448 32.5705 18.8
    endloop
  endfacet
  facet normal 0 0 -1
    outer loop
      vertex 108.575 33.2402 18.8
      vertex 109.448 32.5705 18.8
      vertex 109.361 32.44 18.8
    endloop
  endfacet
  facet normal 0 0 -1
    outer loop
      vertex 108.408 32.99 18.8
      vertex 109.361 32.44 18.8
      vertex 109.291 32.2992 18.8
    endloop
  endfacet
  facet normal 0 0 -1
    outer loop
      vertex 109.8 32.8792 18.8
      vertex 109.25 33.8319 18.8
      vertex 109.52 33.9649 18.8
    endloop
  endfacet
  facet normal 0 0 -1
    outer loop
      vertex 108.275 32.7202 18.8
      vertex 109.291 32.2992 18.8
      vertex 109.241 32.1506 18.8
    endloop
  endfacet
  facet normal 0 0 -1
    outer loop
      vertex 108.178 32.4353 18.8
      vertex 109.241 32.1506 18.8
      vertex 109.21 31.9966 18.8
    endloop
  endfacet
  facet normal 0 0 -1
    outer loop
      vertex 108.12 32.1402 18.8
      vertex 109.21 31.9966 18.8
      vertex 109.2 31.84 18.8
    endloop
  endfacet
  facet normal 0 0 -1
    outer loop
      vertex 108.275 30.9598 18.8
      vertex 109.291 31.3808 18.8
      vertex 108.408 30.69 18.8
    endloop
  endfacet
  facet normal 0 0 -1
    outer loop
      vertex 109.669 32.792 18.8
      vertex 109 33.6647 18.8
      vertex 109.25 33.8319 18.8
    endloop
  endfacet
  facet normal -0 0 -1
    outer loop
      vertex 109.291 31.3808 18.8
      vertex 108.275 30.9598 18.8
      vertex 109.241 31.5294 18.8
    endloop
  endfacet
  facet normal 0 0 -1
    outer loop
      vertex 109.551 32.6885 18.8
      vertex 108.774 33.4663 18.8
      vertex 109 33.6647 18.8
    endloop
  endfacet
  facet normal 0 0 -1
    outer loop
      vertex 108.178 31.2447 18.8
      vertex 109.241 31.5294 18.8
      vertex 108.275 30.9598 18.8
    endloop
  endfacet
  facet normal 0 0 -1
    outer loop
      vertex 109.448 32.5705 18.8
      vertex 108.575 33.2402 18.8
      vertex 108.774 33.4663 18.8
    endloop
  endfacet
  facet normal -0 0 -1
    outer loop
      vertex 109.241 31.5294 18.8
      vertex 108.178 31.2447 18.8
      vertex 109.21 31.6834 18.8
    endloop
  endfacet
  facet normal 0 0 -1
    outer loop
      vertex 109.361 32.44 18.8
      vertex 108.408 32.99 18.8
      vertex 108.575 33.2402 18.8
    endloop
  endfacet
  facet normal 0 0 -1
    outer loop
      vertex 108.12 31.5398 18.8
      vertex 109.21 31.6834 18.8
      vertex 108.178 31.2447 18.8
    endloop
  endfacet
  facet normal 0 0 -1
    outer loop
      vertex 109.291 32.2992 18.8
      vertex 108.275 32.7202 18.8
      vertex 108.408 32.99 18.8
    endloop
  endfacet
  facet normal -0 0 -1
    outer loop
      vertex 109.21 31.6834 18.8
      vertex 108.12 31.5398 18.8
      vertex 109.2 31.84 18.8
    endloop
  endfacet
  facet normal 0 0 -1
    outer loop
      vertex 109.241 32.1506 18.8
      vertex 108.178 32.4353 18.8
      vertex 108.275 32.7202 18.8
    endloop
  endfacet
  facet normal 0 0 -1
    outer loop
      vertex 108.1 31.84 18.8
      vertex 109.2 31.84 18.8
      vertex 108.12 31.5398 18.8
    endloop
  endfacet
  facet normal 0 0 -1
    outer loop
      vertex 109.21 31.9966 18.8
      vertex 108.12 32.1402 18.8
      vertex 108.178 32.4353 18.8
    endloop
  endfacet
  facet normal 0 0 -1
    outer loop
      vertex 109.2 31.84 18.8
      vertex 108.1 31.84 18.8
      vertex 108.12 32.1402 18.8
    endloop
  endfacet
  facet normal -0.44189 -0.897069 0
    outer loop
      vertex 111.28 33.9649 17
      vertex 111.55 33.8319 18.8
      vertex 111.28 33.9649 18.8
    endloop
  endfacet
  facet normal -0.44189 -0.897069 -0
    outer loop
      vertex 111.55 33.8319 18.8
      vertex 111.28 33.9649 17
      vertex 111.55 33.8319 17
    endloop
  endfacet
  facet normal 0.195157 0.980772 -0
    outer loop
      vertex 110.1 29.5597 17
      vertex 109.805 29.6184 18.8
      vertex 110.1 29.5597 18.8
    endloop
  endfacet
  facet normal 0.195157 0.980772 0
    outer loop
      vertex 109.805 29.6184 18.8
      vertex 110.1 29.5597 17
      vertex 109.805 29.6184 17
    endloop
  endfacet
  facet normal 0.0655255 -0.997851 0
    outer loop
      vertex 110.1 34.1203 17
      vertex 110.4 34.14 18.8
      vertex 110.1 34.1203 18.8
    endloop
  endfacet
  facet normal 0.0655255 -0.997851 0
    outer loop
      vertex 110.4 34.14 18.8
      vertex 110.1 34.1203 17
      vertex 110.4 34.14 17
    endloop
  endfacet
  facet normal 0.659728 -0.751505 0
    outer loop
      vertex 108.774 33.4663 17
      vertex 109 33.6647 18.8
      vertex 108.774 33.4663 18.8
    endloop
  endfacet
  facet normal 0.659728 -0.751505 0
    outer loop
      vertex 109 33.6647 18.8
      vertex 108.774 33.4663 17
      vertex 109 33.6647 17
    endloop
  endfacet
  facet normal -0.659728 -0.751505 0
    outer loop
      vertex 111.8 33.6647 17
      vertex 112.026 33.4663 18.8
      vertex 111.8 33.6647 18.8
    endloop
  endfacet
  facet normal -0.659728 -0.751505 -0
    outer loop
      vertex 112.026 33.4663 18.8
      vertex 111.8 33.6647 17
      vertex 112.026 33.4663 17
    endloop
  endfacet
  facet normal 0.981227 0.192854 0
    outer loop
      vertex 108.178 31.2447 18.8
      vertex 108.12 31.5398 17
      vertex 108.12 31.5398 18.8
    endloop
  endfacet
  facet normal 0.981227 0.192854 0
    outer loop
      vertex 108.12 31.5398 17
      vertex 108.178 31.2447 18.8
      vertex 108.178 31.2447 17
    endloop
  endfacet
  facet normal 0.997788 0.0664749 0
    outer loop
      vertex 108.12 31.5398 18.8
      vertex 108.1 31.84 17
      vertex 108.1 31.84 18.8
    endloop
  endfacet
  facet normal 0.997788 0.0664749 0
    outer loop
      vertex 108.1 31.84 17
      vertex 108.12 31.5398 18.8
      vertex 108.12 31.5398 17
    endloop
  endfacet
  facet normal 0.555927 0.831231 -0
    outer loop
      vertex 109.25 29.8481 17
      vertex 109 30.0153 18.8
      vertex 109.25 29.8481 18.8
    endloop
  endfacet
  facet normal 0.555927 0.831231 0
    outer loop
      vertex 109 30.0153 18.8
      vertex 109.25 29.8481 17
      vertex 109 30.0153 17
    endloop
  endfacet
  facet normal 0.89694 -0.442153 0
    outer loop
      vertex 108.275 32.7202 18.8
      vertex 108.408 32.99 17
      vertex 108.408 32.99 18.8
    endloop
  endfacet
  facet normal 0.89694 -0.442153 0
    outer loop
      vertex 108.408 32.99 17
      vertex 108.275 32.7202 18.8
      vertex 108.275 32.7202 17
    endloop
  endfacet
  facet normal 0.89694 0.442153 0
    outer loop
      vertex 108.408 30.69 18.8
      vertex 108.275 30.9598 17
      vertex 108.275 30.9598 18.8
    endloop
  endfacet
  facet normal 0.89694 0.442153 0
    outer loop
      vertex 108.275 30.9598 17
      vertex 108.408 30.69 18.8
      vertex 108.408 30.69 17
    endloop
  endfacet
  facet normal 0 -0.321421 0.946936
    outer loop
      vertex 114.7 12.781 12.9213
      vertex 117.4 12.5023 12.8267
      vertex 117.4 12.781 12.9213
    endloop
  endfacet
  facet normal 0 -0.321421 0.946936
    outer loop
      vertex 117.4 12.5023 12.8267
      vertex 114.7 12.781 12.9213
      vertex 114.7 12.5023 12.8267
    endloop
  endfacet
  facet normal 0 -0.946936 0.321421
    outer loop
      vertex 114.7 13.9987 14.139
      vertex 117.4 14.0933 14.4177
      vertex 114.7 14.0933 14.4177
    endloop
  endfacet
  facet normal 0 -0.946936 0.321421
    outer loop
      vertex 117.4 14.0933 14.4177
      vertex 114.7 13.9987 14.139
      vertex 117.4 13.9987 14.139
    endloop
  endfacet
  facet normal 0 -0.555797 0.831318
    outer loop
      vertex 114.7 13.2897 13.215
      vertex 117.4 13.045 13.0514
      vertex 117.4 13.2897 13.215
    endloop
  endfacet
  facet normal 0 -0.555797 0.831318
    outer loop
      vertex 117.4 13.045 13.0514
      vertex 114.7 13.2897 13.215
      vertex 114.7 13.045 13.0514
    endloop
  endfacet
  facet normal 0 -0.0652336 0.99787
    outer loop
      vertex 114.7 12.2137 12.7692
      vertex 117.4 11.92 12.75
      vertex 117.4 12.2137 12.7692
    endloop
  endfacet
  facet normal 0 -0.0652336 0.99787
    outer loop
      vertex 117.4 11.92 12.75
      vertex 114.7 12.2137 12.7692
      vertex 114.7 11.92 12.75
    endloop
  endfacet
  facet normal 0 -0.831318 -0.555797
    outer loop
      vertex 114.7 13.8686 16.125
      vertex 117.4 13.705 16.3697
      vertex 114.7 13.705 16.3697
    endloop
  endfacet
  facet normal 0 -0.831318 -0.555797
    outer loop
      vertex 117.4 13.705 16.3697
      vertex 114.7 13.8686 16.125
      vertex 117.4 13.8686 16.125
    endloop
  endfacet
  facet normal 0 -0.659202 -0.751966
    outer loop
      vertex 114.7 13.2897 16.785
      vertex 117.4 13.511 16.591
      vertex 117.4 13.2897 16.785
    endloop
  endfacet
  facet normal -0 -0.659202 -0.751966
    outer loop
      vertex 117.4 13.511 16.591
      vertex 114.7 13.2897 16.785
      vertex 114.7 13.511 16.591
    endloop
  endfacet
  facet normal -0 0.442042 0.896995
    outer loop
      vertex 114.7 11.059 12.9213
      vertex 117.4 10.795 13.0514
      vertex 117.4 11.059 12.9213
    endloop
  endfacet
  facet normal 0 0.442042 0.896995
    outer loop
      vertex 117.4 10.795 13.0514
      vertex 114.7 11.059 12.9213
      vertex 114.7 10.795 13.0514
    endloop
  endfacet
  facet normal 0 0.946936 0.321421
    outer loop
      vertex 117.4 9.84127 14.139
      vertex 114.7 9.74667 14.4177
      vertex 117.4 9.74667 14.4177
    endloop
  endfacet
  facet normal 0 0.946936 0.321421
    outer loop
      vertex 114.7 9.74667 14.4177
      vertex 117.4 9.84127 14.139
      vertex 114.7 9.84127 14.139
    endloop
  endfacet
  facet normal 0 -0.442042 0.896995
    outer loop
      vertex 114.7 13.045 13.0514
      vertex 117.4 12.781 12.9213
      vertex 117.4 13.045 13.0514
    endloop
  endfacet
  facet normal 0 -0.442042 0.896995
    outer loop
      vertex 117.4 12.781 12.9213
      vertex 114.7 13.045 13.0514
      vertex 114.7 12.781 12.9213
    endloop
  endfacet
  facet normal 0 -0.195397 -0.980724
    outer loop
      vertex 112.4 12.2137 17.2308
      vertex 117.4 12.5023 17.1733
      vertex 117.4 12.2137 17.2308
    endloop
  endfacet
  facet normal -0 -0.195397 -0.980724
    outer loop
      vertex 117.4 12.5023 17.1733
      vertex 112.4 12.2137 17.2308
      vertex 112.4 12.5023 17.1733
    endloop
  endfacet
  facet normal 0 -0.980724 0.195397
    outer loop
      vertex 114.7 14.0933 14.4177
      vertex 117.4 14.1508 14.7063
      vertex 114.7 14.1508 14.7063
    endloop
  endfacet
  facet normal 0 -0.980724 0.195397
    outer loop
      vertex 117.4 14.1508 14.7063
      vertex 114.7 14.0933 14.4177
      vertex 117.4 14.0933 14.4177
    endloop
  endfacet
  facet normal 0 0.980776 -0.195136
    outer loop
      vertex 117.4 9.68925 15.2937
      vertex 114.7 9.74667 15.5823
      vertex 117.4 9.74667 15.5823
    endloop
  endfacet
  facet normal 0 0.980776 -0.195136
    outer loop
      vertex 114.7 9.74667 15.5823
      vertex 117.4 9.68925 15.2937
      vertex 114.7 9.68925 15.2937
    endloop
  endfacet
  facet normal 0 -0.751966 -0.659202
    outer loop
      vertex 114.7 13.705 16.3697
      vertex 117.4 13.511 16.591
      vertex 114.7 13.511 16.591
    endloop
  endfacet
  facet normal 0 -0.751966 -0.659202
    outer loop
      vertex 117.4 13.511 16.591
      vertex 114.7 13.705 16.3697
      vertex 117.4 13.705 16.3697
    endloop
  endfacet
  facet normal 0 -0.896995 -0.442042
    outer loop
      vertex 114.7 13.9987 15.861
      vertex 117.4 13.8686 16.125
      vertex 114.7 13.8686 16.125
    endloop
  endfacet
  facet normal 0 -0.896995 -0.442042
    outer loop
      vertex 117.4 13.8686 16.125
      vertex 114.7 13.9987 15.861
      vertex 117.4 13.9987 15.861
    endloop
  endfacet
  facet normal 0 -0.321421 -0.946936
    outer loop
      vertex 112.4 12.5023 17.1733
      vertex 117.4 12.781 17.0787
      vertex 117.4 12.5023 17.1733
    endloop
  endfacet
  facet normal -0 -0.321421 -0.946936
    outer loop
      vertex 117.4 12.781 17.0787
      vertex 112.4 12.5023 17.1733
      vertex 112.4 12.781 17.0787
    endloop
  endfacet
  facet normal 0 -0.980724 -0.195397
    outer loop
      vertex 114.7 14.1508 15.2937
      vertex 117.4 14.0933 15.5823
      vertex 114.7 14.0933 15.5823
    endloop
  endfacet
  facet normal 0 -0.980724 -0.195397
    outer loop
      vertex 117.4 14.0933 15.5823
      vertex 114.7 14.1508 15.2937
      vertex 117.4 14.1508 15.2937
    endloop
  endfacet
  facet normal 0 -0.946936 -0.321421
    outer loop
      vertex 114.7 14.0933 15.5823
      vertex 117.4 13.9987 15.861
      vertex 114.7 13.9987 15.861
    endloop
  endfacet
  facet normal 0 -0.946936 -0.321421
    outer loop
      vertex 117.4 13.9987 15.861
      vertex 114.7 14.0933 15.5823
      vertex 117.4 14.0933 15.5823
    endloop
  endfacet
  facet normal 0 -0.0652336 -0.99787
    outer loop
      vertex 112.4 11.92 17.25
      vertex 117.4 12.2137 17.2308
      vertex 117.4 11.92 17.25
    endloop
  endfacet
  facet normal -0 -0.0652336 -0.99787
    outer loop
      vertex 117.4 12.2137 17.2308
      vertex 112.4 11.92 17.25
      vertex 112.4 12.2137 17.2308
    endloop
  endfacet
  facet normal -0 0.321421 0.946936
    outer loop
      vertex 114.7 11.3377 12.8267
      vertex 117.4 11.059 12.9213
      vertex 117.4 11.3377 12.8267
    endloop
  endfacet
  facet normal 0 0.321421 0.946936
    outer loop
      vertex 117.4 11.059 12.9213
      vertex 114.7 11.3377 12.8267
      vertex 114.7 11.059 12.9213
    endloop
  endfacet
  facet normal 0 -0.896995 0.442042
    outer loop
      vertex 114.7 13.8686 13.875
      vertex 117.4 13.9987 14.139
      vertex 114.7 13.9987 14.139
    endloop
  endfacet
  facet normal 0 -0.896995 0.442042
    outer loop
      vertex 117.4 13.9987 14.139
      vertex 114.7 13.8686 13.875
      vertex 117.4 13.8686 13.875
    endloop
  endfacet
  facet normal 0 -0.831318 0.555797
    outer loop
      vertex 114.7 13.705 13.6303
      vertex 117.4 13.8686 13.875
      vertex 114.7 13.8686 13.875
    endloop
  endfacet
  facet normal 0 -0.831318 0.555797
    outer loop
      vertex 117.4 13.8686 13.875
      vertex 114.7 13.705 13.6303
      vertex 117.4 13.705 13.6303
    endloop
  endfacet
  facet normal 0 0.751966 0.659202
    outer loop
      vertex 117.4 10.329 13.409
      vertex 114.7 10.135 13.6303
      vertex 117.4 10.135 13.6303
    endloop
  endfacet
  facet normal 0 0.751966 0.659202
    outer loop
      vertex 114.7 10.135 13.6303
      vertex 117.4 10.329 13.409
      vertex 114.7 10.329 13.409
    endloop
  endfacet
  facet normal 0 -0.751966 0.659202
    outer loop
      vertex 114.7 13.511 13.409
      vertex 117.4 13.705 13.6303
      vertex 114.7 13.705 13.6303
    endloop
  endfacet
  facet normal 0 -0.751966 0.659202
    outer loop
      vertex 117.4 13.705 13.6303
      vertex 114.7 13.511 13.409
      vertex 117.4 13.511 13.409
    endloop
  endfacet
  facet normal 0 -0.99787 0.0652336
    outer loop
      vertex 114.7 14.1508 14.7063
      vertex 117.4 14.17 15
      vertex 114.7 14.17 15
    endloop
  endfacet
  facet normal 0 -0.99787 0.0652336
    outer loop
      vertex 117.4 14.17 15
      vertex 114.7 14.1508 14.7063
      vertex 117.4 14.1508 14.7063
    endloop
  endfacet
  facet normal 1 0 0
    outer loop
      vertex 112.4 12.5023 17.1733
      vertex 112.4 12.9407 17
      vertex 112.4 12.781 17.0787
    endloop
  endfacet
  facet normal 1 0 0
    outer loop
      vertex 112.4 12.2137 17.2308
      vertex 112.4 12.9407 17
      vertex 112.4 12.5023 17.1733
    endloop
  endfacet
  facet normal 1 0 0
    outer loop
      vertex 112.4 11.92 17.25
      vertex 112.4 12.9407 17
      vertex 112.4 12.2137 17.2308
    endloop
  endfacet
  facet normal 1 -0 0
    outer loop
      vertex 112.4 11.6263 17.2308
      vertex 112.4 12.9407 17
      vertex 112.4 11.92 17.25
    endloop
  endfacet
  facet normal 1 -0 0
    outer loop
      vertex 112.4 11.3377 17.1733
      vertex 112.4 12.9407 17
      vertex 112.4 11.6263 17.2308
    endloop
  endfacet
  facet normal 1 0 0
    outer loop
      vertex 112.4 10.8993 17
      vertex 112.4 11.3377 17.1733
      vertex 112.4 11.059 17.0787
    endloop
  endfacet
  facet normal 1 0 0
    outer loop
      vertex 112.4 11.3377 17.1733
      vertex 112.4 10.8993 17
      vertex 112.4 12.9407 17
    endloop
  endfacet
  facet normal 0 -0.555797 -0.831318
    outer loop
      vertex 114.7 13.045 16.9486
      vertex 117.4 13.2897 16.785
      vertex 117.4 13.045 16.9486
    endloop
  endfacet
  facet normal -0 -0.555797 -0.831318
    outer loop
      vertex 117.4 13.2897 16.785
      vertex 114.7 13.045 16.9486
      vertex 114.7 13.2897 16.785
    endloop
  endfacet
  facet normal 0 -0.195397 0.980724
    outer loop
      vertex 114.7 12.5023 12.8267
      vertex 117.4 12.2137 12.7692
      vertex 117.4 12.5023 12.8267
    endloop
  endfacet
  facet normal 0 -0.195397 0.980724
    outer loop
      vertex 117.4 12.2137 12.7692
      vertex 114.7 12.5023 12.8267
      vertex 114.7 12.2137 12.7692
    endloop
  endfacet
  facet normal 0 0.195397 -0.980724
    outer loop
      vertex 112.4 11.3377 17.1733
      vertex 117.4 11.6263 17.2308
      vertex 117.4 11.3377 17.1733
    endloop
  endfacet
  facet normal 0 0.195397 -0.980724
    outer loop
      vertex 117.4 11.6263 17.2308
      vertex 112.4 11.3377 17.1733
      vertex 112.4 11.6263 17.2308
    endloop
  endfacet
  facet normal 0 0.997859 -0.0654027
    outer loop
      vertex 117.4 9.67 15
      vertex 114.7 9.68925 15.2937
      vertex 117.4 9.68925 15.2937
    endloop
  endfacet
  facet normal 0 0.997859 -0.0654027
    outer loop
      vertex 114.7 9.68925 15.2937
      vertex 117.4 9.67 15
      vertex 114.7 9.67 15
    endloop
  endfacet
  facet normal 0 0.980776 0.195136
    outer loop
      vertex 117.4 9.74667 14.4177
      vertex 114.7 9.68925 14.7063
      vertex 117.4 9.68925 14.7063
    endloop
  endfacet
  facet normal 0 0.980776 0.195136
    outer loop
      vertex 114.7 9.68925 14.7063
      vertex 117.4 9.74667 14.4177
      vertex 114.7 9.74667 14.4177
    endloop
  endfacet
  facet normal 0 0.997859 0.0654027
    outer loop
      vertex 117.4 9.68925 14.7063
      vertex 114.7 9.67 15
      vertex 117.4 9.67 15
    endloop
  endfacet
  facet normal 0 0.997859 0.0654027
    outer loop
      vertex 114.7 9.67 15
      vertex 117.4 9.68925 14.7063
      vertex 114.7 9.68925 14.7063
    endloop
  endfacet
  facet normal 0 0.442046 -0.896992
    outer loop
      vertex 114.7 10.8993 17
      vertex 117.4 10.795 16.9486
      vertex 114.7 10.795 16.9486
    endloop
  endfacet
  facet normal -2.1393e-07 0.442042 -0.896995
    outer loop
      vertex 117.4 10.795 16.9486
      vertex 114.7 10.8993 17
      vertex 117.4 11.059 17.0787
    endloop
  endfacet
  facet normal 0 0.442039 -0.896996
    outer loop
      vertex 112.4 11.059 17.0787
      vertex 114.7 10.8993 17
      vertex 112.4 10.8993 17
    endloop
  endfacet
  facet normal 0 0.442039 -0.896996
    outer loop
      vertex 114.7 10.8993 17
      vertex 112.4 11.059 17.0787
      vertex 117.4 11.059 17.0787
    endloop
  endfacet
  facet normal 0 0.8969 0.442233
    outer loop
      vertex 117.4 9.97144 13.875
      vertex 114.7 9.84127 14.139
      vertex 117.4 9.84127 14.139
    endloop
  endfacet
  facet normal 0 0.8969 0.442233
    outer loop
      vertex 114.7 9.84127 14.139
      vertex 117.4 9.97144 13.875
      vertex 114.7 9.97144 13.875
    endloop
  endfacet
  facet normal -0 0.0652336 0.99787
    outer loop
      vertex 114.7 11.92 12.75
      vertex 117.4 11.6263 12.7692
      vertex 117.4 11.92 12.75
    endloop
  endfacet
  facet normal 0 0.0652336 0.99787
    outer loop
      vertex 117.4 11.6263 12.7692
      vertex 114.7 11.92 12.75
      vertex 114.7 11.6263 12.7692
    endloop
  endfacet
  facet normal -0 0.659202 0.751966
    outer loop
      vertex 114.7 10.5503 13.215
      vertex 117.4 10.329 13.409
      vertex 117.4 10.5503 13.215
    endloop
  endfacet
  facet normal 0 0.659202 0.751966
    outer loop
      vertex 117.4 10.329 13.409
      vertex 114.7 10.5503 13.215
      vertex 114.7 10.329 13.409
    endloop
  endfacet
  facet normal -0 0.195397 0.980724
    outer loop
      vertex 114.7 11.6263 12.7692
      vertex 117.4 11.3377 12.8267
      vertex 117.4 11.6263 12.7692
    endloop
  endfacet
  facet normal 0 0.195397 0.980724
    outer loop
      vertex 117.4 11.3377 12.8267
      vertex 114.7 11.6263 12.7692
      vertex 114.7 11.3377 12.8267
    endloop
  endfacet
  facet normal 0 0.0652336 -0.99787
    outer loop
      vertex 112.4 11.6263 17.2308
      vertex 117.4 11.92 17.25
      vertex 117.4 11.6263 17.2308
    endloop
  endfacet
  facet normal 0 0.0652336 -0.99787
    outer loop
      vertex 117.4 11.92 17.25
      vertex 112.4 11.6263 17.2308
      vertex 112.4 11.92 17.25
    endloop
  endfacet
  facet normal 0 0.831381 -0.555703
    outer loop
      vertex 117.4 9.97144 16.125
      vertex 114.7 10.135 16.3697
      vertex 117.4 10.135 16.3697
    endloop
  endfacet
  facet normal 0 0.831381 -0.555703
    outer loop
      vertex 114.7 10.135 16.3697
      vertex 117.4 9.97144 16.125
      vertex 114.7 9.97144 16.125
    endloop
  endfacet
  facet normal -0 0.555797 0.831318
    outer loop
      vertex 114.7 10.795 13.0514
      vertex 117.4 10.5503 13.215
      vertex 117.4 10.795 13.0514
    endloop
  endfacet
  facet normal 0 0.555797 0.831318
    outer loop
      vertex 117.4 10.5503 13.215
      vertex 114.7 10.795 13.0514
      vertex 114.7 10.5503 13.215
    endloop
  endfacet
  facet normal 0 0.831381 0.555703
    outer loop
      vertex 117.4 10.135 13.6303
      vertex 114.7 9.97144 13.875
      vertex 117.4 9.97144 13.875
    endloop
  endfacet
  facet normal 0 0.831381 0.555703
    outer loop
      vertex 114.7 9.97144 13.875
      vertex 117.4 10.135 13.6303
      vertex 114.7 10.135 13.6303
    endloop
  endfacet
  facet normal 0 -0.659202 0.751966
    outer loop
      vertex 114.7 13.511 13.409
      vertex 117.4 13.2897 13.215
      vertex 117.4 13.511 13.409
    endloop
  endfacet
  facet normal 0 -0.659202 0.751966
    outer loop
      vertex 117.4 13.2897 13.215
      vertex 114.7 13.511 13.409
      vertex 114.7 13.2897 13.215
    endloop
  endfacet
  facet normal 0 0.321421 -0.946936
    outer loop
      vertex 112.4 11.059 17.0787
      vertex 117.4 11.3377 17.1733
      vertex 117.4 11.059 17.0787
    endloop
  endfacet
  facet normal 0 0.321421 -0.946936
    outer loop
      vertex 117.4 11.3377 17.1733
      vertex 112.4 11.059 17.0787
      vertex 112.4 11.3377 17.1733
    endloop
  endfacet
  facet normal 0 0.8969 -0.442233
    outer loop
      vertex 117.4 9.84127 15.861
      vertex 114.7 9.97144 16.125
      vertex 117.4 9.97144 16.125
    endloop
  endfacet
  facet normal 0 0.8969 -0.442233
    outer loop
      vertex 114.7 9.97144 16.125
      vertex 117.4 9.84127 15.861
      vertex 114.7 9.84127 15.861
    endloop
  endfacet
  facet normal 0 0.555797 -0.831318
    outer loop
      vertex 114.7 10.5503 16.785
      vertex 117.4 10.795 16.9486
      vertex 117.4 10.5503 16.785
    endloop
  endfacet
  facet normal 0 0.555797 -0.831318
    outer loop
      vertex 117.4 10.795 16.9486
      vertex 114.7 10.5503 16.785
      vertex 114.7 10.795 16.9486
    endloop
  endfacet
  facet normal 0 0.751966 -0.659202
    outer loop
      vertex 117.4 10.135 16.3697
      vertex 114.7 10.329 16.591
      vertex 117.4 10.329 16.591
    endloop
  endfacet
  facet normal 0 0.751966 -0.659202
    outer loop
      vertex 114.7 10.329 16.591
      vertex 117.4 10.135 16.3697
      vertex 114.7 10.135 16.3697
    endloop
  endfacet
  facet normal 0 0.946936 -0.321421
    outer loop
      vertex 117.4 9.74667 15.5823
      vertex 114.7 9.84127 15.861
      vertex 117.4 9.84127 15.861
    endloop
  endfacet
  facet normal 0 0.946936 -0.321421
    outer loop
      vertex 114.7 9.84127 15.861
      vertex 117.4 9.74667 15.5823
      vertex 114.7 9.74667 15.5823
    endloop
  endfacet
  facet normal 0 0.659202 -0.751966
    outer loop
      vertex 114.7 10.329 16.591
      vertex 117.4 10.5503 16.785
      vertex 117.4 10.329 16.591
    endloop
  endfacet
  facet normal 0 0.659202 -0.751966
    outer loop
      vertex 117.4 10.5503 16.785
      vertex 114.7 10.329 16.591
      vertex 114.7 10.5503 16.785
    endloop
  endfacet
  facet normal 0 -0.99787 -0.0652336
    outer loop
      vertex 114.7 14.17 15
      vertex 117.4 14.1508 15.2937
      vertex 114.7 14.1508 15.2937
    endloop
  endfacet
  facet normal 0 -0.99787 -0.0652336
    outer loop
      vertex 117.4 14.1508 15.2937
      vertex 114.7 14.17 15
      vertex 117.4 14.17 15
    endloop
  endfacet
  facet normal -2.1393e-07 -0.442042 -0.896995
    outer loop
      vertex 117.4 12.781 17.0787
      vertex 114.7 12.9407 17
      vertex 117.4 13.045 16.9486
    endloop
  endfacet
  facet normal 0 -0.442039 -0.896996
    outer loop
      vertex 112.4 12.781 17.0787
      vertex 114.7 12.9407 17
      vertex 117.4 12.781 17.0787
    endloop
  endfacet
  facet normal -0 -0.442039 -0.896996
    outer loop
      vertex 114.7 12.9407 17
      vertex 112.4 12.781 17.0787
      vertex 112.4 12.9407 17
    endloop
  endfacet
  facet normal -0 -0.442046 -0.896992
    outer loop
      vertex 117.4 13.045 16.9486
      vertex 114.7 12.9407 17
      vertex 114.7 13.045 16.9486
    endloop
  endfacet
  facet normal 0 -0.321421 0.946936
    outer loop
      vertex 114.7 26.781 12.9213
      vertex 117.4 26.5023 12.8267
      vertex 117.4 26.781 12.9213
    endloop
  endfacet
  facet normal 0 -0.321421 0.946936
    outer loop
      vertex 117.4 26.5023 12.8267
      vertex 114.7 26.781 12.9213
      vertex 114.7 26.5023 12.8267
    endloop
  endfacet
  facet normal 0 -0.946936 0.321421
    outer loop
      vertex 114.7 27.9987 14.139
      vertex 117.4 28.0933 14.4177
      vertex 114.7 28.0933 14.4177
    endloop
  endfacet
  facet normal 0 -0.946936 0.321421
    outer loop
      vertex 117.4 28.0933 14.4177
      vertex 114.7 27.9987 14.139
      vertex 117.4 27.9987 14.139
    endloop
  endfacet
  facet normal 0 -0.555797 0.831318
    outer loop
      vertex 114.7 27.2897 13.215
      vertex 117.4 27.045 13.0514
      vertex 117.4 27.2897 13.215
    endloop
  endfacet
  facet normal 0 -0.555797 0.831318
    outer loop
      vertex 117.4 27.045 13.0514
      vertex 114.7 27.2897 13.215
      vertex 114.7 27.045 13.0514
    endloop
  endfacet
  facet normal 0 -0.0652336 0.99787
    outer loop
      vertex 114.7 26.2137 12.7692
      vertex 117.4 25.92 12.75
      vertex 117.4 26.2137 12.7692
    endloop
  endfacet
  facet normal 0 -0.0652336 0.99787
    outer loop
      vertex 117.4 25.92 12.75
      vertex 114.7 26.2137 12.7692
      vertex 114.7 25.92 12.75
    endloop
  endfacet
  facet normal 0 -0.831318 -0.555797
    outer loop
      vertex 114.7 27.8686 16.125
      vertex 117.4 27.705 16.3697
      vertex 114.7 27.705 16.3697
    endloop
  endfacet
  facet normal 0 -0.831318 -0.555797
    outer loop
      vertex 117.4 27.705 16.3697
      vertex 114.7 27.8686 16.125
      vertex 117.4 27.8686 16.125
    endloop
  endfacet
  facet normal -0 0.195397 0.980724
    outer loop
      vertex 114.7 25.6263 12.7692
      vertex 117.4 25.3377 12.8267
      vertex 117.4 25.6263 12.7692
    endloop
  endfacet
  facet normal 0 0.195397 0.980724
    outer loop
      vertex 117.4 25.3377 12.8267
      vertex 114.7 25.6263 12.7692
      vertex 114.7 25.3377 12.8267
    endloop
  endfacet
  facet normal 0 -0.659202 -0.751966
    outer loop
      vertex 114.7 27.2897 16.785
      vertex 117.4 27.511 16.591
      vertex 117.4 27.2897 16.785
    endloop
  endfacet
  facet normal -0 -0.659202 -0.751966
    outer loop
      vertex 117.4 27.511 16.591
      vertex 114.7 27.2897 16.785
      vertex 114.7 27.511 16.591
    endloop
  endfacet
  facet normal -0 0.442042 0.896995
    outer loop
      vertex 114.7 25.059 12.9213
      vertex 117.4 24.795 13.0514
      vertex 117.4 25.059 12.9213
    endloop
  endfacet
  facet normal 0 0.442042 0.896995
    outer loop
      vertex 117.4 24.795 13.0514
      vertex 114.7 25.059 12.9213
      vertex 114.7 24.795 13.0514
    endloop
  endfacet
  facet normal 0 0.946936 0.321421
    outer loop
      vertex 117.4 23.8413 14.139
      vertex 114.7 23.7467 14.4177
      vertex 117.4 23.7467 14.4177
    endloop
  endfacet
  facet normal 0 0.946936 0.321421
    outer loop
      vertex 114.7 23.7467 14.4177
      vertex 117.4 23.8413 14.139
      vertex 114.7 23.8413 14.139
    endloop
  endfacet
  facet normal 0 -0.442042 0.896995
    outer loop
      vertex 114.7 27.045 13.0514
      vertex 117.4 26.781 12.9213
      vertex 117.4 27.045 13.0514
    endloop
  endfacet
  facet normal 0 -0.442042 0.896995
    outer loop
      vertex 117.4 26.781 12.9213
      vertex 114.7 27.045 13.0514
      vertex 114.7 26.781 12.9213
    endloop
  endfacet
  facet normal 0 -0.195397 -0.980724
    outer loop
      vertex 112.4 26.2137 17.2308
      vertex 117.4 26.5023 17.1733
      vertex 117.4 26.2137 17.2308
    endloop
  endfacet
  facet normal -0 -0.195397 -0.980724
    outer loop
      vertex 117.4 26.5023 17.1733
      vertex 112.4 26.2137 17.2308
      vertex 112.4 26.5023 17.1733
    endloop
  endfacet
  facet normal 0 -0.980789 0.19507
    outer loop
      vertex 114.7 28.0933 14.4177
      vertex 117.4 28.1507 14.7063
      vertex 114.7 28.1507 14.7063
    endloop
  endfacet
  facet normal 0 -0.980789 0.19507
    outer loop
      vertex 117.4 28.1507 14.7063
      vertex 114.7 28.0933 14.4177
      vertex 117.4 28.0933 14.4177
    endloop
  endfacet
  facet normal 0 0.980724 -0.195397
    outer loop
      vertex 117.4 23.6892 15.2937
      vertex 114.7 23.7467 15.5823
      vertex 117.4 23.7467 15.5823
    endloop
  endfacet
  facet normal 0 0.980724 -0.195397
    outer loop
      vertex 114.7 23.7467 15.5823
      vertex 117.4 23.6892 15.2937
      vertex 114.7 23.6892 15.2937
    endloop
  endfacet
  facet normal 0 -0.751966 -0.659202
    outer loop
      vertex 114.7 27.705 16.3697
      vertex 117.4 27.511 16.591
      vertex 114.7 27.511 16.591
    endloop
  endfacet
  facet normal 0 -0.751966 -0.659202
    outer loop
      vertex 117.4 27.511 16.591
      vertex 114.7 27.705 16.3697
      vertex 117.4 27.705 16.3697
    endloop
  endfacet
  facet normal 0 -0.896995 -0.442042
    outer loop
      vertex 114.7 27.9987 15.861
      vertex 117.4 27.8686 16.125
      vertex 114.7 27.8686 16.125
    endloop
  endfacet
  facet normal 0 -0.896995 -0.442042
    outer loop
      vertex 117.4 27.8686 16.125
      vertex 114.7 27.9987 15.861
      vertex 117.4 27.9987 15.861
    endloop
  endfacet
  facet normal 0 -0.321421 -0.946936
    outer loop
      vertex 112.4 26.5023 17.1733
      vertex 117.4 26.781 17.0787
      vertex 117.4 26.5023 17.1733
    endloop
  endfacet
  facet normal -0 -0.321421 -0.946936
    outer loop
      vertex 117.4 26.781 17.0787
      vertex 112.4 26.5023 17.1733
      vertex 112.4 26.781 17.0787
    endloop
  endfacet
  facet normal 0 -0.980789 -0.19507
    outer loop
      vertex 114.7 28.1507 15.2937
      vertex 117.4 28.0933 15.5823
      vertex 114.7 28.0933 15.5823
    endloop
  endfacet
  facet normal 0 -0.980789 -0.19507
    outer loop
      vertex 117.4 28.0933 15.5823
      vertex 114.7 28.1507 15.2937
      vertex 117.4 28.1507 15.2937
    endloop
  endfacet
  facet normal 0 -0.946936 -0.321421
    outer loop
      vertex 114.7 28.0933 15.5823
      vertex 117.4 27.9987 15.861
      vertex 114.7 27.9987 15.861
    endloop
  endfacet
  facet normal 0 -0.946936 -0.321421
    outer loop
      vertex 117.4 27.9987 15.861
      vertex 114.7 28.0933 15.5823
      vertex 117.4 28.0933 15.5823
    endloop
  endfacet
  facet normal 0 -0.0652336 -0.99787
    outer loop
      vertex 112.4 25.92 17.25
      vertex 117.4 26.2137 17.2308
      vertex 117.4 25.92 17.25
    endloop
  endfacet
  facet normal -0 -0.0652336 -0.99787
    outer loop
      vertex 117.4 26.2137 17.2308
      vertex 112.4 25.92 17.25
      vertex 112.4 26.2137 17.2308
    endloop
  endfacet
  facet normal -0 0.321421 0.946936
    outer loop
      vertex 114.7 25.3377 12.8267
      vertex 117.4 25.059 12.9213
      vertex 117.4 25.3377 12.8267
    endloop
  endfacet
  facet normal 0 0.321421 0.946936
    outer loop
      vertex 117.4 25.059 12.9213
      vertex 114.7 25.3377 12.8267
      vertex 114.7 25.059 12.9213
    endloop
  endfacet
  facet normal 0 -0.896995 0.442042
    outer loop
      vertex 114.7 27.8686 13.875
      vertex 117.4 27.9987 14.139
      vertex 114.7 27.9987 14.139
    endloop
  endfacet
  facet normal 0 -0.896995 0.442042
    outer loop
      vertex 117.4 27.9987 14.139
      vertex 114.7 27.8686 13.875
      vertex 117.4 27.8686 13.875
    endloop
  endfacet
  facet normal 0 -0.831318 0.555797
    outer loop
      vertex 114.7 27.705 13.6303
      vertex 117.4 27.8686 13.875
      vertex 114.7 27.8686 13.875
    endloop
  endfacet
  facet normal 0 -0.831318 0.555797
    outer loop
      vertex 117.4 27.8686 13.875
      vertex 114.7 27.705 13.6303
      vertex 117.4 27.705 13.6303
    endloop
  endfacet
  facet normal 0 0.751966 0.659202
    outer loop
      vertex 117.4 24.329 13.409
      vertex 114.7 24.135 13.6303
      vertex 117.4 24.135 13.6303
    endloop
  endfacet
  facet normal 0 0.751966 0.659202
    outer loop
      vertex 114.7 24.135 13.6303
      vertex 117.4 24.329 13.409
      vertex 114.7 24.329 13.409
    endloop
  endfacet
  facet normal 0 -0.751966 0.659202
    outer loop
      vertex 114.7 27.511 13.409
      vertex 117.4 27.705 13.6303
      vertex 114.7 27.705 13.6303
    endloop
  endfacet
  facet normal 0 -0.751966 0.659202
    outer loop
      vertex 117.4 27.705 13.6303
      vertex 114.7 27.511 13.409
      vertex 117.4 27.511 13.409
    endloop
  endfacet
  facet normal 0 -0.997848 0.0655719
    outer loop
      vertex 114.7 28.1507 14.7063
      vertex 117.4 28.17 15
      vertex 114.7 28.17 15
    endloop
  endfacet
  facet normal 0 -0.997848 0.0655719
    outer loop
      vertex 117.4 28.17 15
      vertex 114.7 28.1507 14.7063
      vertex 117.4 28.1507 14.7063
    endloop
  endfacet
  facet normal 1 0 0
    outer loop
      vertex 112.4 26.5023 17.1733
      vertex 112.4 26.9407 17
      vertex 112.4 26.781 17.0787
    endloop
  endfacet
  facet normal 1 0 0
    outer loop
      vertex 112.4 26.2137 17.2308
      vertex 112.4 26.9407 17
      vertex 112.4 26.5023 17.1733
    endloop
  endfacet
  facet normal 1 0 0
    outer loop
      vertex 112.4 25.92 17.25
      vertex 112.4 26.9407 17
      vertex 112.4 26.2137 17.2308
    endloop
  endfacet
  facet normal 1 -0 0
    outer loop
      vertex 112.4 25.6263 17.2308
      vertex 112.4 26.9407 17
      vertex 112.4 25.92 17.25
    endloop
  endfacet
  facet normal 1 -0 0
    outer loop
      vertex 112.4 25.3377 17.1733
      vertex 112.4 26.9407 17
      vertex 112.4 25.6263 17.2308
    endloop
  endfacet
  facet normal 1 0 0
    outer loop
      vertex 112.4 24.8993 17
      vertex 112.4 25.3377 17.1733
      vertex 112.4 25.059 17.0787
    endloop
  endfacet
  facet normal 1 0 0
    outer loop
      vertex 112.4 25.3377 17.1733
      vertex 112.4 24.8993 17
      vertex 112.4 26.9407 17
    endloop
  endfacet
  facet normal 0 -0.555797 -0.831318
    outer loop
      vertex 114.7 27.045 16.9486
      vertex 117.4 27.2897 16.785
      vertex 117.4 27.045 16.9486
    endloop
  endfacet
  facet normal -0 -0.555797 -0.831318
    outer loop
      vertex 117.4 27.2897 16.785
      vertex 114.7 27.045 16.9486
      vertex 114.7 27.2897 16.785
    endloop
  endfacet
  facet normal 0 -0.195397 0.980724
    outer loop
      vertex 114.7 26.5023 12.8267
      vertex 117.4 26.2137 12.7692
      vertex 117.4 26.5023 12.8267
    endloop
  endfacet
  facet normal 0 -0.195397 0.980724
    outer loop
      vertex 117.4 26.2137 12.7692
      vertex 114.7 26.5023 12.8267
      vertex 114.7 26.2137 12.7692
    endloop
  endfacet
  facet normal 0 0.195397 -0.980724
    outer loop
      vertex 112.4 25.3377 17.1733
      vertex 117.4 25.6263 17.2308
      vertex 117.4 25.3377 17.1733
    endloop
  endfacet
  facet normal 0 0.195397 -0.980724
    outer loop
      vertex 117.4 25.6263 17.2308
      vertex 112.4 25.3377 17.1733
      vertex 112.4 25.6263 17.2308
    endloop
  endfacet
  facet normal 0 -0.997848 -0.0655719
    outer loop
      vertex 114.7 28.17 15
      vertex 117.4 28.1507 15.2937
      vertex 114.7 28.1507 15.2937
    endloop
  endfacet
  facet normal 0 -0.997848 -0.0655719
    outer loop
      vertex 117.4 28.1507 15.2937
      vertex 114.7 28.17 15
      vertex 117.4 28.17 15
    endloop
  endfacet
  facet normal 0 0.99787 -0.0652336
    outer loop
      vertex 117.4 23.67 15
      vertex 114.7 23.6892 15.2937
      vertex 117.4 23.6892 15.2937
    endloop
  endfacet
  facet normal 0 0.99787 -0.0652336
    outer loop
      vertex 114.7 23.6892 15.2937
      vertex 117.4 23.67 15
      vertex 114.7 23.67 15
    endloop
  endfacet
  facet normal 0 0.980724 0.195397
    outer loop
      vertex 117.4 23.7467 14.4177
      vertex 114.7 23.6892 14.7063
      vertex 117.4 23.6892 14.7063
    endloop
  endfacet
  facet normal 0 0.980724 0.195397
    outer loop
      vertex 114.7 23.6892 14.7063
      vertex 117.4 23.7467 14.4177
      vertex 114.7 23.7467 14.4177
    endloop
  endfacet
  facet normal 0 0.99787 0.0652336
    outer loop
      vertex 117.4 23.6892 14.7063
      vertex 114.7 23.67 15
      vertex 117.4 23.67 15
    endloop
  endfacet
  facet normal 0 0.99787 0.0652336
    outer loop
      vertex 114.7 23.67 15
      vertex 117.4 23.6892 14.7063
      vertex 114.7 23.6892 14.7063
    endloop
  endfacet
  facet normal 0 0.442046 -0.896992
    outer loop
      vertex 114.7 24.8993 17
      vertex 117.4 24.795 16.9486
      vertex 114.7 24.795 16.9486
    endloop
  endfacet
  facet normal -2.1393e-07 0.442042 -0.896995
    outer loop
      vertex 117.4 24.795 16.9486
      vertex 114.7 24.8993 17
      vertex 117.4 25.059 17.0787
    endloop
  endfacet
  facet normal 0 0.442039 -0.896996
    outer loop
      vertex 112.4 25.059 17.0787
      vertex 114.7 24.8993 17
      vertex 112.4 24.8993 17
    endloop
  endfacet
  facet normal 0 0.442039 -0.896996
    outer loop
      vertex 114.7 24.8993 17
      vertex 112.4 25.059 17.0787
      vertex 117.4 25.059 17.0787
    endloop
  endfacet
  facet normal 0 0.896995 0.442042
    outer loop
      vertex 117.4 23.9714 13.875
      vertex 114.7 23.8413 14.139
      vertex 117.4 23.8413 14.139
    endloop
  endfacet
  facet normal 0 0.896995 0.442042
    outer loop
      vertex 114.7 23.8413 14.139
      vertex 117.4 23.9714 13.875
      vertex 114.7 23.9714 13.875
    endloop
  endfacet
  facet normal -0 0.0652336 0.99787
    outer loop
      vertex 114.7 25.92 12.75
      vertex 117.4 25.6263 12.7692
      vertex 117.4 25.92 12.75
    endloop
  endfacet
  facet normal 0 0.0652336 0.99787
    outer loop
      vertex 117.4 25.6263 12.7692
      vertex 114.7 25.92 12.75
      vertex 114.7 25.6263 12.7692
    endloop
  endfacet
  facet normal -0 0.659202 0.751966
    outer loop
      vertex 114.7 24.5503 13.215
      vertex 117.4 24.329 13.409
      vertex 117.4 24.5503 13.215
    endloop
  endfacet
  facet normal 0 0.659202 0.751966
    outer loop
      vertex 117.4 24.329 13.409
      vertex 114.7 24.5503 13.215
      vertex 114.7 24.329 13.409
    endloop
  endfacet
  facet normal 0 0.0652336 -0.99787
    outer loop
      vertex 112.4 25.6263 17.2308
      vertex 117.4 25.92 17.25
      vertex 117.4 25.6263 17.2308
    endloop
  endfacet
  facet normal 0 0.0652336 -0.99787
    outer loop
      vertex 117.4 25.92 17.25
      vertex 112.4 25.6263 17.2308
      vertex 112.4 25.92 17.25
    endloop
  endfacet
  facet normal 0 0.831318 -0.555797
    outer loop
      vertex 117.4 23.9714 16.125
      vertex 114.7 24.135 16.3697
      vertex 117.4 24.135 16.3697
    endloop
  endfacet
  facet normal 0 0.831318 -0.555797
    outer loop
      vertex 114.7 24.135 16.3697
      vertex 117.4 23.9714 16.125
      vertex 114.7 23.9714 16.125
    endloop
  endfacet
  facet normal -0 0.555797 0.831318
    outer loop
      vertex 114.7 24.795 13.0514
      vertex 117.4 24.5503 13.215
      vertex 117.4 24.795 13.0514
    endloop
  endfacet
  facet normal 0 0.555797 0.831318
    outer loop
      vertex 117.4 24.5503 13.215
      vertex 114.7 24.795 13.0514
      vertex 114.7 24.5503 13.215
    endloop
  endfacet
  facet normal 0 0.831318 0.555797
    outer loop
      vertex 117.4 24.135 13.6303
      vertex 114.7 23.9714 13.875
      vertex 117.4 23.9714 13.875
    endloop
  endfacet
  facet normal 0 0.831318 0.555797
    outer loop
      vertex 114.7 23.9714 13.875
      vertex 117.4 24.135 13.6303
      vertex 114.7 24.135 13.6303
    endloop
  endfacet
  facet normal 0 -0.659202 0.751966
    outer loop
      vertex 114.7 27.511 13.409
      vertex 117.4 27.2897 13.215
      vertex 117.4 27.511 13.409
    endloop
  endfacet
  facet normal 0 -0.659202 0.751966
    outer loop
      vertex 117.4 27.2897 13.215
      vertex 114.7 27.511 13.409
      vertex 114.7 27.2897 13.215
    endloop
  endfacet
  facet normal 0 0.321421 -0.946936
    outer loop
      vertex 112.4 25.059 17.0787
      vertex 117.4 25.3377 17.1733
      vertex 117.4 25.059 17.0787
    endloop
  endfacet
  facet normal 0 0.321421 -0.946936
    outer loop
      vertex 117.4 25.3377 17.1733
      vertex 112.4 25.059 17.0787
      vertex 112.4 25.3377 17.1733
    endloop
  endfacet
  facet normal 0 0.896995 -0.442042
    outer loop
      vertex 117.4 23.8413 15.861
      vertex 114.7 23.9714 16.125
      vertex 117.4 23.9714 16.125
    endloop
  endfacet
  facet normal 0 0.896995 -0.442042
    outer loop
      vertex 114.7 23.9714 16.125
      vertex 117.4 23.8413 15.861
      vertex 114.7 23.8413 15.861
    endloop
  endfacet
  facet normal 0 0.555797 -0.831318
    outer loop
      vertex 114.7 24.5503 16.785
      vertex 117.4 24.795 16.9486
      vertex 117.4 24.5503 16.785
    endloop
  endfacet
  facet normal 0 0.555797 -0.831318
    outer loop
      vertex 117.4 24.795 16.9486
      vertex 114.7 24.5503 16.785
      vertex 114.7 24.795 16.9486
    endloop
  endfacet
  facet normal 0 0.751966 -0.659202
    outer loop
      vertex 117.4 24.135 16.3697
      vertex 114.7 24.329 16.591
      vertex 117.4 24.329 16.591
    endloop
  endfacet
  facet normal 0 0.751966 -0.659202
    outer loop
      vertex 114.7 24.329 16.591
      vertex 117.4 24.135 16.3697
      vertex 114.7 24.135 16.3697
    endloop
  endfacet
  facet normal 0 0.946936 -0.321421
    outer loop
      vertex 117.4 23.7467 15.5823
      vertex 114.7 23.8413 15.861
      vertex 117.4 23.8413 15.861
    endloop
  endfacet
  facet normal 0 0.946936 -0.321421
    outer loop
      vertex 114.7 23.8413 15.861
      vertex 117.4 23.7467 15.5823
      vertex 114.7 23.7467 15.5823
    endloop
  endfacet
  facet normal 0 0.659202 -0.751966
    outer loop
      vertex 114.7 24.329 16.591
      vertex 117.4 24.5503 16.785
      vertex 117.4 24.329 16.591
    endloop
  endfacet
  facet normal 0 0.659202 -0.751966
    outer loop
      vertex 117.4 24.5503 16.785
      vertex 114.7 24.329 16.591
      vertex 114.7 24.5503 16.785
    endloop
  endfacet
  facet normal -2.1393e-07 -0.442042 -0.896995
    outer loop
      vertex 117.4 26.781 17.0787
      vertex 114.7 26.9407 17
      vertex 117.4 27.045 16.9486
    endloop
  endfacet
  facet normal 0 -0.442039 -0.896996
    outer loop
      vertex 112.4 26.781 17.0787
      vertex 114.7 26.9407 17
      vertex 117.4 26.781 17.0787
    endloop
  endfacet
  facet normal -0 -0.442039 -0.896996
    outer loop
      vertex 114.7 26.9407 17
      vertex 112.4 26.781 17.0787
      vertex 112.4 26.9407 17
    endloop
  endfacet
  facet normal -0 -0.442046 -0.896992
    outer loop
      vertex 117.4 27.045 16.9486
      vertex 114.7 26.9407 17
      vertex 114.7 27.045 16.9486
    endloop
  endfacet
  facet normal -0.659406 -0.751787 0
    outer loop
      vertex 33.6526 23.6801 17
      vertex 34.2426 23.1626 19.2
      vertex 33.6526 23.6801 19.2
    endloop
  endfacet
  facet normal -0.659406 -0.751787 -0
    outer loop
      vertex 34.2426 23.1626 19.2
      vertex 33.6526 23.6801 17
      vertex 34.2426 23.1626 17
    endloop
  endfacet
  facet normal -0.32146 0.946923 0
    outer loop
      vertex 32.2961 13.3767 17
      vertex 31.5529 13.1244 19.2
      vertex 32.2961 13.3767 19.2
    endloop
  endfacet
  facet normal -0.32146 0.946923 0
    outer loop
      vertex 31.5529 13.1244 19.2
      vertex 32.2961 13.3767 17
      vertex 31.5529 13.1244 17
    endloop
  endfacet
  facet normal -0.980786 -0.195087 0
    outer loop
      vertex 35.9487 19.7032 17
      vertex 35.7956 20.4729 19.2
      vertex 35.7956 20.4729 17
    endloop
  endfacet
  facet normal -0.980786 -0.195087 0
    outer loop
      vertex 35.7956 20.4729 19.2
      vertex 35.9487 19.7032 17
      vertex 35.9487 19.7032 19.2
    endloop
  endfacet
  facet normal -0.997862 -0.0653605 0
    outer loop
      vertex 36 18.92 17
      vertex 35.9487 19.7032 19.2
      vertex 35.9487 19.7032 17
    endloop
  endfacet
  facet normal -0.997862 -0.0653605 0
    outer loop
      vertex 35.9487 19.7032 19.2
      vertex 36 18.92 17
      vertex 36 18.92 19.2
    endloop
  endfacet
  facet normal -0.946923 -0.32146 0
    outer loop
      vertex 35.7956 20.4729 17
      vertex 35.5433 21.2161 19.2
      vertex 35.5433 21.2161 17
    endloop
  endfacet
  facet normal -0.946923 -0.32146 0
    outer loop
      vertex 35.5433 21.2161 19.2
      vertex 35.7956 20.4729 17
      vertex 35.7956 20.4729 19.2
    endloop
  endfacet
  facet normal -0.442263 0.896885 0
    outer loop
      vertex 33 13.7238 17
      vertex 32.2961 13.3767 19.2
      vertex 33 13.7238 19.2
    endloop
  endfacet
  facet normal -0.442263 0.896885 0
    outer loop
      vertex 32.2961 13.3767 19.2
      vertex 33 13.7238 17
      vertex 32.2961 13.3767 17
    endloop
  endfacet
  facet normal -0.0653605 -0.997862 0
    outer loop
      vertex 30 24.92 17
      vertex 30.7832 24.8687 19.2
      vertex 30 24.92 19.2
    endloop
  endfacet
  facet normal -0.0653605 -0.997862 -0
    outer loop
      vertex 30.7832 24.8687 19.2
      vertex 30 24.92 17
      vertex 30.7832 24.8687 17
    endloop
  endfacet
  facet normal 0.0653605 -0.997862 0
    outer loop
      vertex 29.2168 24.8687 17
      vertex 30 24.92 19.2
      vertex 29.2168 24.8687 19.2
    endloop
  endfacet
  facet normal 0.0653605 -0.997862 0
    outer loop
      vertex 30 24.92 19.2
      vertex 29.2168 24.8687 17
      vertex 30 24.92 17
    endloop
  endfacet
  facet normal 0.751787 0.659406 0
    outer loop
      vertex 25.7574 14.6774 19.2
      vertex 25.2399 15.2674 17
      vertex 25.2399 15.2674 19.2
    endloop
  endfacet
  facet normal 0.751787 0.659406 0
    outer loop
      vertex 25.2399 15.2674 17
      vertex 25.7574 14.6774 19.2
      vertex 25.7574 14.6774 17
    endloop
  endfacet
  facet normal 0.896885 0.442263 0
    outer loop
      vertex 24.8038 15.92 19.2
      vertex 24.4567 16.6239 18.5
      vertex 24.4567 16.6239 19.2
    endloop
  endfacet
  facet normal 0.896885 0.442263 0
    outer loop
      vertex 24.4567 16.6239 18.5
      vertex 24.8038 15.92 19.2
      vertex 24.8038 15.92 18.5
    endloop
  endfacet
  facet normal -0.896885 -0.442263 0
    outer loop
      vertex 35.5433 21.2161 17
      vertex 35.1962 21.92 19.2
      vertex 35.1962 21.92 17
    endloop
  endfacet
  facet normal -0.896885 -0.442263 0
    outer loop
      vertex 35.1962 21.92 19.2
      vertex 35.5433 21.2161 17
      vertex 35.5433 21.2161 19.2
    endloop
  endfacet
  facet normal -0.946923 0.32146 0
    outer loop
      vertex 35.5433 16.6239 17
      vertex 35.7956 17.3671 19.2
      vertex 35.7956 17.3671 17
    endloop
  endfacet
  facet normal -0.946923 0.32146 0
    outer loop
      vertex 35.7956 17.3671 19.2
      vertex 35.5433 16.6239 17
      vertex 35.5433 16.6239 19.2
    endloop
  endfacet
  facet normal -0.896885 0.442263 0
    outer loop
      vertex 35.1962 15.92 17
      vertex 35.5433 16.6239 19.2
      vertex 35.5433 16.6239 17
    endloop
  endfacet
  facet normal -0.896885 0.442263 0
    outer loop
      vertex 35.5433 16.6239 19.2
      vertex 35.1962 15.92 17
      vertex 35.1962 15.92 19.2
    endloop
  endfacet
  facet normal 0.32146 0.946923 -0
    outer loop
      vertex 28.4471 13.1244 17
      vertex 27.7039 13.3767 19.2
      vertex 28.4471 13.1244 19.2
    endloop
  endfacet
  facet normal 0.32146 0.946923 0
    outer loop
      vertex 27.7039 13.3767 19.2
      vertex 28.4471 13.1244 17
      vertex 27.7039 13.3767 17
    endloop
  endfacet
  facet normal -0.831442 0.555611 0
    outer loop
      vertex 34.7601 15.2674 17
      vertex 35.1962 15.92 19.2
      vertex 35.1962 15.92 17
    endloop
  endfacet
  facet normal -0.831442 0.555611 0
    outer loop
      vertex 35.1962 15.92 19.2
      vertex 34.7601 15.2674 17
      vertex 34.7601 15.2674 19.2
    endloop
  endfacet
  facet normal 0.751787 -0.659406 0
    outer loop
      vertex 25.2399 22.5726 19.2
      vertex 25.7574 23.1626 17
      vertex 25.7574 23.1626 19.2
    endloop
  endfacet
  facet normal 0.751787 -0.659406 0
    outer loop
      vertex 25.7574 23.1626 17
      vertex 25.2399 22.5726 19.2
      vertex 25.2399 22.5726 17
    endloop
  endfacet
  facet normal -0.751787 0.659406 0
    outer loop
      vertex 34.2426 14.6774 17
      vertex 34.7601 15.2674 19.2
      vertex 34.7601 15.2674 17
    endloop
  endfacet
  facet normal -0.751787 0.659406 0
    outer loop
      vertex 34.7601 15.2674 19.2
      vertex 34.2426 14.6774 17
      vertex 34.2426 14.6774 19.2
    endloop
  endfacet
  facet normal -0.555611 -0.831442 0
    outer loop
      vertex 33 24.1162 17
      vertex 33.6526 23.6801 19.2
      vertex 33 24.1162 19.2
    endloop
  endfacet
  facet normal -0.555611 -0.831442 -0
    outer loop
      vertex 33.6526 23.6801 19.2
      vertex 33 24.1162 17
      vertex 33.6526 23.6801 17
    endloop
  endfacet
  facet normal 0.555611 -0.831442 0
    outer loop
      vertex 26.3474 23.6801 17
      vertex 27 24.1162 19.2
      vertex 26.3474 23.6801 19.2
    endloop
  endfacet
  facet normal 0.555611 -0.831442 0
    outer loop
      vertex 27 24.1162 19.2
      vertex 26.3474 23.6801 17
      vertex 27 24.1162 17
    endloop
  endfacet
  facet normal -0.831442 -0.555611 0
    outer loop
      vertex 35.1962 21.92 17
      vertex 34.7601 22.5726 19.2
      vertex 34.7601 22.5726 17
    endloop
  endfacet
  facet normal -0.831442 -0.555611 0
    outer loop
      vertex 34.7601 22.5726 19.2
      vertex 35.1962 21.92 17
      vertex 35.1962 21.92 19.2
    endloop
  endfacet
  facet normal -0.195087 0.980786 0
    outer loop
      vertex 31.5529 13.1244 17
      vertex 30.7832 12.9713 19.2
      vertex 31.5529 13.1244 19.2
    endloop
  endfacet
  facet normal -0.195087 0.980786 0
    outer loop
      vertex 30.7832 12.9713 19.2
      vertex 31.5529 13.1244 17
      vertex 30.7832 12.9713 17
    endloop
  endfacet
  facet normal -0.659406 0.751787 0
    outer loop
      vertex 34.2426 14.6774 17
      vertex 33.6526 14.1599 19.2
      vertex 34.2426 14.6774 19.2
    endloop
  endfacet
  facet normal -0.659406 0.751787 0
    outer loop
      vertex 33.6526 14.1599 19.2
      vertex 34.2426 14.6774 17
      vertex 33.6526 14.1599 17
    endloop
  endfacet
  facet normal 0.195087 0.980786 -0
    outer loop
      vertex 29.2168 12.9713 17
      vertex 28.4471 13.1244 19.2
      vertex 29.2168 12.9713 19.2
    endloop
  endfacet
  facet normal 0.195087 0.980786 0
    outer loop
      vertex 28.4471 13.1244 19.2
      vertex 29.2168 12.9713 17
      vertex 28.4471 13.1244 17
    endloop
  endfacet
  facet normal 0.442263 -0.896885 0
    outer loop
      vertex 27 24.1162 17
      vertex 27.7039 24.4633 19.2
      vertex 27 24.1162 19.2
    endloop
  endfacet
  facet normal 0.442263 -0.896885 0
    outer loop
      vertex 27.7039 24.4633 19.2
      vertex 27 24.1162 17
      vertex 27.7039 24.4633 17
    endloop
  endfacet
  facet normal -0.555611 0.831442 0
    outer loop
      vertex 33.6526 14.1599 17
      vertex 33 13.7238 19.2
      vertex 33.6526 14.1599 19.2
    endloop
  endfacet
  facet normal -0.555611 0.831442 0
    outer loop
      vertex 33 13.7238 19.2
      vertex 33.6526 14.1599 17
      vertex 33 13.7238 17
    endloop
  endfacet
  facet normal 0.659406 -0.751787 0
    outer loop
      vertex 25.7574 23.1626 17
      vertex 26.3474 23.6801 19.2
      vertex 25.7574 23.1626 19.2
    endloop
  endfacet
  facet normal 0.659406 -0.751787 0
    outer loop
      vertex 26.3474 23.6801 19.2
      vertex 25.7574 23.1626 17
      vertex 26.3474 23.6801 17
    endloop
  endfacet
  facet normal 0.980786 -0.195087 0
    outer loop
      vertex 24.0513 19.7032 19.2
      vertex 24.2044 20.4729 18.5
      vertex 24.2044 20.4729 19.2
    endloop
  endfacet
  facet normal 0.980786 -0.195087 0
    outer loop
      vertex 24.2044 20.4729 18.5
      vertex 24.0513 19.7032 19.2
      vertex 24.0513 19.7032 18.5
    endloop
  endfacet
  facet normal -0.32146 -0.946923 0
    outer loop
      vertex 31.5529 24.7156 17
      vertex 32.2961 24.4633 19.2
      vertex 31.5529 24.7156 19.2
    endloop
  endfacet
  facet normal -0.32146 -0.946923 -0
    outer loop
      vertex 32.2961 24.4633 19.2
      vertex 31.5529 24.7156 17
      vertex 32.2961 24.4633 17
    endloop
  endfacet
  facet normal -0.980786 0.195087 0
    outer loop
      vertex 35.7956 17.3671 17
      vertex 35.9487 18.1368 19.2
      vertex 35.9487 18.1368 17
    endloop
  endfacet
  facet normal -0.980786 0.195087 0
    outer loop
      vertex 35.9487 18.1368 19.2
      vertex 35.7956 17.3671 17
      vertex 35.7956 17.3671 19.2
    endloop
  endfacet
  facet normal -0.997862 0.0653605 0
    outer loop
      vertex 35.9487 18.1368 17
      vertex 36 18.92 19.2
      vertex 36 18.92 17
    endloop
  endfacet
  facet normal -0.997862 0.0653605 0
    outer loop
      vertex 36 18.92 19.2
      vertex 35.9487 18.1368 17
      vertex 35.9487 18.1368 19.2
    endloop
  endfacet
  facet normal 0.997862 0.0653605 0
    outer loop
      vertex 24.0513 18.1368 19.2
      vertex 24 18.92 18.5
      vertex 24 18.92 19.2
    endloop
  endfacet
  facet normal 0.997862 0.0653605 0
    outer loop
      vertex 24 18.92 18.5
      vertex 24.0513 18.1368 19.2
      vertex 24.0513 18.1368 18.5
    endloop
  endfacet
  facet normal 0.980786 0.195087 0
    outer loop
      vertex 24.2044 17.3671 19.2
      vertex 24.0513 18.1368 18.5
      vertex 24.0513 18.1368 19.2
    endloop
  endfacet
  facet normal 0.980786 0.195087 0
    outer loop
      vertex 24.0513 18.1368 18.5
      vertex 24.2044 17.3671 19.2
      vertex 24.2044 17.3671 18.5
    endloop
  endfacet
  facet normal -0.0653605 0.997862 0
    outer loop
      vertex 30.7832 12.9713 17
      vertex 30 12.92 19.2
      vertex 30.7832 12.9713 19.2
    endloop
  endfacet
  facet normal -0.0653605 0.997862 0
    outer loop
      vertex 30 12.92 19.2
      vertex 30.7832 12.9713 17
      vertex 30 12.92 17
    endloop
  endfacet
  facet normal 0.0653605 0.997862 -0
    outer loop
      vertex 30 12.92 17
      vertex 29.2168 12.9713 19.2
      vertex 30 12.92 19.2
    endloop
  endfacet
  facet normal 0.0653605 0.997862 0
    outer loop
      vertex 29.2168 12.9713 19.2
      vertex 30 12.92 17
      vertex 29.2168 12.9713 17
    endloop
  endfacet
  facet normal -0.442263 -0.896885 0
    outer loop
      vertex 32.2961 24.4633 17
      vertex 33 24.1162 19.2
      vertex 32.2961 24.4633 19.2
    endloop
  endfacet
  facet normal -0.442263 -0.896885 -0
    outer loop
      vertex 33 24.1162 19.2
      vertex 32.2961 24.4633 17
      vertex 33 24.1162 17
    endloop
  endfacet
  facet normal -0.751787 -0.659406 0
    outer loop
      vertex 34.7601 22.5726 17
      vertex 34.2426 23.1626 19.2
      vertex 34.2426 23.1626 17
    endloop
  endfacet
  facet normal -0.751787 -0.659406 0
    outer loop
      vertex 34.2426 23.1626 19.2
      vertex 34.7601 22.5726 17
      vertex 34.7601 22.5726 19.2
    endloop
  endfacet
  facet normal -0.195087 -0.980786 0
    outer loop
      vertex 30.7832 24.8687 17
      vertex 31.5529 24.7156 19.2
      vertex 30.7832 24.8687 19.2
    endloop
  endfacet
  facet normal -0.195087 -0.980786 -0
    outer loop
      vertex 31.5529 24.7156 19.2
      vertex 30.7832 24.8687 17
      vertex 31.5529 24.7156 17
    endloop
  endfacet
  facet normal 0.831379 -0.555706 0
    outer loop
      vertex 25.2399 22.5726 19.2
      vertex 25.1379 22.42 18.5
      vertex 25.2399 22.5726 17
    endloop
  endfacet
  facet normal 0.831442 -0.555611 -2.97399e-05
    outer loop
      vertex 24.8038 21.92 19.2
      vertex 25.1379 22.42 18.5
      vertex 25.2399 22.5726 19.2
    endloop
  endfacet
  facet normal 0.831461 -0.555583 0
    outer loop
      vertex 25.1379 22.42 18.5
      vertex 24.8038 21.92 19.2
      vertex 24.8038 21.92 18.5
    endloop
  endfacet
  facet normal 0.831379 -0.555706 0
    outer loop
      vertex 25.2399 22.5726 17
      vertex 25.1379 22.42 18.5
      vertex 25.1379 22.42 17
    endloop
  endfacet
  facet normal 0 0 1
    outer loop
      vertex 25.2399 22.5726 17
      vertex 25.1379 22.42 17
      vertex 24.8038 21.92 17
    endloop
  endfacet
  facet normal 0.946923 -0.32146 0
    outer loop
      vertex 24.2044 20.4729 19.2
      vertex 24.4567 21.2161 18.5
      vertex 24.4567 21.2161 19.2
    endloop
  endfacet
  facet normal 0.946923 -0.32146 0
    outer loop
      vertex 24.4567 21.2161 18.5
      vertex 24.2044 20.4729 19.2
      vertex 24.2044 20.4729 18.5
    endloop
  endfacet
  facet normal 0.32146 -0.946923 0
    outer loop
      vertex 27.7039 24.4633 17
      vertex 28.4471 24.7156 19.2
      vertex 27.7039 24.4633 19.2
    endloop
  endfacet
  facet normal 0.32146 -0.946923 0
    outer loop
      vertex 28.4471 24.7156 19.2
      vertex 27.7039 24.4633 17
      vertex 28.4471 24.7156 17
    endloop
  endfacet
  facet normal 0.442263 0.896885 -0
    outer loop
      vertex 27.7039 13.3767 17
      vertex 27 13.7238 19.2
      vertex 27.7039 13.3767 19.2
    endloop
  endfacet
  facet normal 0.442263 0.896885 0
    outer loop
      vertex 27 13.7238 19.2
      vertex 27.7039 13.3767 17
      vertex 27 13.7238 17
    endloop
  endfacet
  facet normal 0.195087 -0.980786 0
    outer loop
      vertex 28.4471 24.7156 17
      vertex 29.2168 24.8687 19.2
      vertex 28.4471 24.7156 19.2
    endloop
  endfacet
  facet normal 0.195087 -0.980786 0
    outer loop
      vertex 29.2168 24.8687 19.2
      vertex 28.4471 24.7156 17
      vertex 29.2168 24.8687 17
    endloop
  endfacet
  facet normal 0.659406 0.751787 -0
    outer loop
      vertex 26.3474 14.1599 17
      vertex 25.7574 14.6774 19.2
      vertex 26.3474 14.1599 19.2
    endloop
  endfacet
  facet normal 0.659406 0.751787 0
    outer loop
      vertex 25.7574 14.6774 19.2
      vertex 26.3474 14.1599 17
      vertex 25.7574 14.6774 17
    endloop
  endfacet
  facet normal 0.946923 0.32146 0
    outer loop
      vertex 24.4567 16.6239 19.2
      vertex 24.2044 17.3671 18.5
      vertex 24.2044 17.3671 19.2
    endloop
  endfacet
  facet normal 0.946923 0.32146 0
    outer loop
      vertex 24.2044 17.3671 18.5
      vertex 24.4567 16.6239 19.2
      vertex 24.4567 16.6239 18.5
    endloop
  endfacet
  facet normal 0.555611 0.831442 -0
    outer loop
      vertex 27 13.7238 17
      vertex 26.3474 14.1599 19.2
      vertex 27 13.7238 19.2
    endloop
  endfacet
  facet normal 0.555611 0.831442 0
    outer loop
      vertex 26.3474 14.1599 19.2
      vertex 27 13.7238 17
      vertex 26.3474 14.1599 17
    endloop
  endfacet
  facet normal 0.831461 0.555583 0
    outer loop
      vertex 24.8038 15.92 19.2
      vertex 25.1379 15.42 18.5
      vertex 24.8038 15.92 18.5
    endloop
  endfacet
  facet normal 0.831442 0.555611 -2.97399e-05
    outer loop
      vertex 25.2399 15.2674 19.2
      vertex 25.1379 15.42 18.5
      vertex 24.8038 15.92 19.2
    endloop
  endfacet
  facet normal 0.831379 0.555706 -0
    outer loop
      vertex 25.2399 15.2674 17
      vertex 25.1379 15.42 18.5
      vertex 25.2399 15.2674 19.2
    endloop
  endfacet
  facet normal 0.831379 0.555706 0
    outer loop
      vertex 25.1379 15.42 18.5
      vertex 25.2399 15.2674 17
      vertex 25.1379 15.42 17
    endloop
  endfacet
  facet normal 0 0 1
    outer loop
      vertex 25.2399 15.2674 17
      vertex 24.8038 15.92 17
      vertex 25.1379 15.42 17
    endloop
  endfacet
  facet normal 0.997862 -0.0653605 0
    outer loop
      vertex 24 18.92 19.2
      vertex 24.0513 19.7032 18.5
      vertex 24.0513 19.7032 19.2
    endloop
  endfacet
  facet normal 0.997862 -0.0653605 0
    outer loop
      vertex 24.0513 19.7032 18.5
      vertex 24 18.92 19.2
      vertex 24 18.92 18.5
    endloop
  endfacet
  facet normal 0.896885 -0.442263 0
    outer loop
      vertex 24.4567 21.2161 19.2
      vertex 24.8038 21.92 18.5
      vertex 24.8038 21.92 19.2
    endloop
  endfacet
  facet normal 0.896885 -0.442263 0
    outer loop
      vertex 24.8038 21.92 18.5
      vertex 24.4567 21.2161 19.2
      vertex 24.4567 21.2161 18.5
    endloop
  endfacet
  facet normal 0.946964 -0.321339 0
    outer loop
      vertex 12.4886 19.5929 19.2
      vertex 12.5979 19.915 18.5
      vertex 12.5979 19.915 19.2
    endloop
  endfacet
  facet normal 0.946964 -0.321339 0
    outer loop
      vertex 12.5979 19.915 18.5
      vertex 12.4886 19.5929 19.2
      vertex 12.4886 19.5929 18.5
    endloop
  endfacet
  facet normal 0.831417 -0.55565 0
    outer loop
      vertex 12.7483 20.22 19.2
      vertex 12.9373 20.5028 18.5
      vertex 12.9373 20.5028 19.2
    endloop
  endfacet
  facet normal 0.831417 -0.55565 0
    outer loop
      vertex 12.9373 20.5028 18.5
      vertex 12.7483 20.22 19.2
      vertex 12.7483 20.22 18.5
    endloop
  endfacet
  facet normal -0.98075 -0.195268 0
    outer loop
      vertex 17.5778 19.2594 18.5
      vertex 17.5114 19.5929 19.2
      vertex 17.5114 19.5929 18.5
    endloop
  endfacet
  facet normal -0.98075 -0.195268 0
    outer loop
      vertex 17.5114 19.5929 19.2
      vertex 17.5778 19.2594 18.5
      vertex 17.5778 19.2594 19.2
    endloop
  endfacet
  facet normal -0.997868 -0.0652701 0
    outer loop
      vertex 17.6 18.92 18.5
      vertex 17.5778 19.2594 19.2
      vertex 17.5778 19.2594 18.5
    endloop
  endfacet
  facet normal -0.997868 -0.0652701 0
    outer loop
      vertex 17.5778 19.2594 19.2
      vertex 17.6 18.92 18.5
      vertex 17.6 18.92 19.2
    endloop
  endfacet
  facet normal -0.946964 -0.321339 0
    outer loop
      vertex 17.5114 19.5929 18.5
      vertex 17.4021 19.915 19.2
      vertex 17.4021 19.915 18.5
    endloop
  endfacet
  facet normal -0.946964 -0.321339 0
    outer loop
      vertex 17.4021 19.915 19.2
      vertex 17.5114 19.5929 18.5
      vertex 17.5114 19.5929 19.2
    endloop
  endfacet
  facet normal 0.659275 -0.751902 0
    outer loop
      vertex 13.1615 20.7585 18.5
      vertex 13.4172 20.9827 19.2
      vertex 13.1615 20.7585 19.2
    endloop
  endfacet
  facet normal 0.659275 -0.751902 0
    outer loop
      vertex 13.4172 20.9827 19.2
      vertex 13.1615 20.7585 18.5
      vertex 13.4172 20.9827 18.5
    endloop
  endfacet
  facet normal 0.55565 0.831417 -0
    outer loop
      vertex 13.7 16.6683 18.5
      vertex 13.4172 16.8573 19.2
      vertex 13.7 16.6683 19.2
    endloop
  endfacet
  facet normal 0.55565 0.831417 0
    outer loop
      vertex 13.4172 16.8573 19.2
      vertex 13.7 16.6683 18.5
      vertex 13.4172 16.8573 18.5
    endloop
  endfacet
  facet normal -0.946964 0.321339 0
    outer loop
      vertex 17.4021 17.925 18.5
      vertex 17.5114 18.2471 19.2
      vertex 17.5114 18.2471 18.5
    endloop
  endfacet
  facet normal -0.946964 0.321339 0
    outer loop
      vertex 17.5114 18.2471 19.2
      vertex 17.4021 17.925 18.5
      vertex 17.4021 17.925 19.2
    endloop
  endfacet
  facet normal -0.55565 0.831417 0
    outer loop
      vertex 16.5828 16.8573 18.5
      vertex 16.3 16.6683 19.2
      vertex 16.5828 16.8573 19.2
    endloop
  endfacet
  facet normal -0.55565 0.831417 0
    outer loop
      vertex 16.3 16.6683 19.2
      vertex 16.5828 16.8573 18.5
      vertex 16.3 16.6683 18.5
    endloop
  endfacet
  facet normal 0.98075 -0.195268 0
    outer loop
      vertex 12.4222 19.2594 19.2
      vertex 12.4886 19.5929 18.5
      vertex 12.4886 19.5929 19.2
    endloop
  endfacet
  facet normal 0.98075 -0.195268 0
    outer loop
      vertex 12.4886 19.5929 18.5
      vertex 12.4222 19.2594 19.2
      vertex 12.4222 19.2594 18.5
    endloop
  endfacet
  facet normal 0.55565 -0.831417 0
    outer loop
      vertex 13.4172 20.9827 18.5
      vertex 13.7 21.1717 19.2
      vertex 13.4172 20.9827 19.2
    endloop
  endfacet
  facet normal 0.55565 -0.831417 0
    outer loop
      vertex 13.7 21.1717 19.2
      vertex 13.4172 20.9827 18.5
      vertex 13.7 21.1717 18.5
    endloop
  endfacet
  facet normal 0.946964 0.321339 0
    outer loop
      vertex 12.5979 17.925 19.2
      vertex 12.4886 18.2471 18.5
      vertex 12.4886 18.2471 19.2
    endloop
  endfacet
  facet normal 0.946964 0.321339 0
    outer loop
      vertex 12.4886 18.2471 18.5
      vertex 12.5979 17.925 19.2
      vertex 12.5979 17.925 18.5
    endloop
  endfacet
  facet normal 0.98075 0.195268 0
    outer loop
      vertex 12.4886 18.2471 19.2
      vertex 12.4222 18.5806 18.5
      vertex 12.4222 18.5806 19.2
    endloop
  endfacet
  facet normal 0.98075 0.195268 0
    outer loop
      vertex 12.4222 18.5806 18.5
      vertex 12.4886 18.2471 19.2
      vertex 12.4886 18.2471 18.5
    endloop
  endfacet
  facet normal -0.831417 0.55565 0
    outer loop
      vertex 17.0627 17.3372 18.5
      vertex 17.2517 17.62 19.2
      vertex 17.2517 17.62 18.5
    endloop
  endfacet
  facet normal -0.831417 0.55565 0
    outer loop
      vertex 17.2517 17.62 19.2
      vertex 17.0627 17.3372 18.5
      vertex 17.0627 17.3372 19.2
    endloop
  endfacet
  facet normal -0.195268 0.98075 0
    outer loop
      vertex 15.6729 16.4086 18.5
      vertex 15.3394 16.3422 19.2
      vertex 15.6729 16.4086 19.2
    endloop
  endfacet
  facet normal -0.195268 0.98075 0
    outer loop
      vertex 15.3394 16.3422 19.2
      vertex 15.6729 16.4086 18.5
      vertex 15.3394 16.3422 18.5
    endloop
  endfacet
  facet normal 0.321339 -0.946964 0
    outer loop
      vertex 14.005 21.3221 18.5
      vertex 14.3271 21.4314 19.2
      vertex 14.005 21.3221 19.2
    endloop
  endfacet
  facet normal 0.321339 -0.946964 0
    outer loop
      vertex 14.3271 21.4314 19.2
      vertex 14.005 21.3221 18.5
      vertex 14.3271 21.4314 18.5
    endloop
  endfacet
  facet normal -0.896884 -0.442267 0
    outer loop
      vertex 17.4021 19.915 18.5
      vertex 17.2517 20.22 19.2
      vertex 17.2517 20.22 18.5
    endloop
  endfacet
  facet normal -0.896884 -0.442267 0
    outer loop
      vertex 17.2517 20.22 19.2
      vertex 17.4021 19.915 18.5
      vertex 17.4021 19.915 19.2
    endloop
  endfacet
  facet normal 0.997868 0.0652701 0
    outer loop
      vertex 12.4222 18.5806 19.2
      vertex 12.4 18.92 18.5
      vertex 12.4 18.92 19.2
    endloop
  endfacet
  facet normal 0.997868 0.0652701 0
    outer loop
      vertex 12.4 18.92 18.5
      vertex 12.4222 18.5806 19.2
      vertex 12.4222 18.5806 18.5
    endloop
  endfacet
  facet normal -0.195268 -0.98075 0
    outer loop
      vertex 15.3394 21.4978 18.5
      vertex 15.6729 21.4314 19.2
      vertex 15.3394 21.4978 19.2
    endloop
  endfacet
  facet normal -0.195268 -0.98075 -0
    outer loop
      vertex 15.6729 21.4314 19.2
      vertex 15.3394 21.4978 18.5
      vertex 15.6729 21.4314 18.5
    endloop
  endfacet
  facet normal 0.321339 0.946964 -0
    outer loop
      vertex 14.3271 16.4086 18.5
      vertex 14.005 16.5179 19.2
      vertex 14.3271 16.4086 19.2
    endloop
  endfacet
  facet normal 0.321339 0.946964 0
    outer loop
      vertex 14.005 16.5179 19.2
      vertex 14.3271 16.4086 18.5
      vertex 14.005 16.5179 18.5
    endloop
  endfacet
  facet normal 0.751902 0.659275 0
    outer loop
      vertex 13.1615 17.0815 19.2
      vertex 12.9373 17.3372 18.5
      vertex 12.9373 17.3372 19.2
    endloop
  endfacet
  facet normal 0.751902 0.659275 0
    outer loop
      vertex 12.9373 17.3372 18.5
      vertex 13.1615 17.0815 19.2
      vertex 13.1615 17.0815 18.5
    endloop
  endfacet
  facet normal -0.55565 -0.831417 0
    outer loop
      vertex 16.3 21.1717 18.5
      vertex 16.5828 20.9827 19.2
      vertex 16.3 21.1717 19.2
    endloop
  endfacet
  facet normal -0.55565 -0.831417 -0
    outer loop
      vertex 16.5828 20.9827 19.2
      vertex 16.3 21.1717 18.5
      vertex 16.5828 20.9827 18.5
    endloop
  endfacet
  facet normal -0.997868 0.0652701 0
    outer loop
      vertex 17.5778 18.5806 18.5
      vertex 17.6 18.92 19.2
      vertex 17.6 18.92 18.5
    endloop
  endfacet
  facet normal -0.997868 0.0652701 0
    outer loop
      vertex 17.6 18.92 19.2
      vertex 17.5778 18.5806 18.5
      vertex 17.5778 18.5806 19.2
    endloop
  endfacet
  facet normal 0.195268 -0.98075 0
    outer loop
      vertex 14.3271 21.4314 18.5
      vertex 14.6606 21.4978 19.2
      vertex 14.3271 21.4314 19.2
    endloop
  endfacet
  facet normal 0.195268 -0.98075 0
    outer loop
      vertex 14.6606 21.4978 19.2
      vertex 14.3271 21.4314 18.5
      vertex 14.6606 21.4978 18.5
    endloop
  endfacet
  facet normal -0.751902 -0.659275 0
    outer loop
      vertex 17.0627 20.5028 18.5
      vertex 16.8385 20.7585 19.2
      vertex 16.8385 20.7585 18.5
    endloop
  endfacet
  facet normal -0.751902 -0.659275 0
    outer loop
      vertex 16.8385 20.7585 19.2
      vertex 17.0627 20.5028 18.5
      vertex 17.0627 20.5028 19.2
    endloop
  endfacet
  facet normal -0.896884 0.442267 0
    outer loop
      vertex 17.2517 17.62 18.5
      vertex 17.4021 17.925 19.2
      vertex 17.4021 17.925 18.5
    endloop
  endfacet
  facet normal -0.896884 0.442267 0
    outer loop
      vertex 17.4021 17.925 19.2
      vertex 17.2517 17.62 18.5
      vertex 17.2517 17.62 19.2
    endloop
  endfacet
  facet normal 0.442267 0.896884 -0
    outer loop
      vertex 14.005 16.5179 18.5
      vertex 13.7 16.6683 19.2
      vertex 14.005 16.5179 19.2
    endloop
  endfacet
  facet normal 0.442267 0.896884 0
    outer loop
      vertex 13.7 16.6683 19.2
      vertex 14.005 16.5179 18.5
      vertex 13.7 16.6683 18.5
    endloop
  endfacet
  facet normal -0.659275 -0.751902 0
    outer loop
      vertex 16.5828 20.9827 18.5
      vertex 16.8385 20.7585 19.2
      vertex 16.5828 20.9827 19.2
    endloop
  endfacet
  facet normal -0.659275 -0.751902 -0
    outer loop
      vertex 16.8385 20.7585 19.2
      vertex 16.5828 20.9827 18.5
      vertex 16.8385 20.7585 18.5
    endloop
  endfacet
  facet normal 0.195268 0.98075 -0
    outer loop
      vertex 14.6606 16.3422 18.5
      vertex 14.3271 16.4086 19.2
      vertex 14.6606 16.3422 19.2
    endloop
  endfacet
  facet normal 0.195268 0.98075 0
    outer loop
      vertex 14.3271 16.4086 19.2
      vertex 14.6606 16.3422 18.5
      vertex 14.3271 16.4086 18.5
    endloop
  endfacet
  facet normal -0.659275 0.751902 0
    outer loop
      vertex 16.8385 17.0815 18.5
      vertex 16.5828 16.8573 19.2
      vertex 16.8385 17.0815 19.2
    endloop
  endfacet
  facet normal -0.659275 0.751902 0
    outer loop
      vertex 16.5828 16.8573 19.2
      vertex 16.8385 17.0815 18.5
      vertex 16.5828 16.8573 18.5
    endloop
  endfacet
  facet normal -0.321339 0.946964 0
    outer loop
      vertex 15.995 16.5179 18.5
      vertex 15.6729 16.4086 19.2
      vertex 15.995 16.5179 19.2
    endloop
  endfacet
  facet normal -0.321339 0.946964 0
    outer loop
      vertex 15.6729 16.4086 19.2
      vertex 15.995 16.5179 18.5
      vertex 15.6729 16.4086 18.5
    endloop
  endfacet
  facet normal -0.0652701 0.997868 0
    outer loop
      vertex 15.3394 16.3422 18.5
      vertex 15 16.32 19.2
      vertex 15.3394 16.3422 19.2
    endloop
  endfacet
  facet normal -0.0652701 0.997868 0
    outer loop
      vertex 15 16.32 19.2
      vertex 15.3394 16.3422 18.5
      vertex 15 16.32 18.5
    endloop
  endfacet
  facet normal -0.442267 -0.896884 0
    outer loop
      vertex 15.995 21.3221 18.5
      vertex 16.3 21.1717 19.2
      vertex 15.995 21.3221 19.2
    endloop
  endfacet
  facet normal -0.442267 -0.896884 -0
    outer loop
      vertex 16.3 21.1717 19.2
      vertex 15.995 21.3221 18.5
      vertex 16.3 21.1717 18.5
    endloop
  endfacet
  facet normal -0.831417 -0.55565 0
    outer loop
      vertex 17.2517 20.22 18.5
      vertex 17.0627 20.5028 19.2
      vertex 17.0627 20.5028 18.5
    endloop
  endfacet
  facet normal -0.831417 -0.55565 0
    outer loop
      vertex 17.0627 20.5028 19.2
      vertex 17.2517 20.22 18.5
      vertex 17.2517 20.22 19.2
    endloop
  endfacet
  facet normal -0.751902 0.659275 0
    outer loop
      vertex 16.8385 17.0815 18.5
      vertex 17.0627 17.3372 19.2
      vertex 17.0627 17.3372 18.5
    endloop
  endfacet
  facet normal -0.751902 0.659275 0
    outer loop
      vertex 17.0627 17.3372 19.2
      vertex 16.8385 17.0815 18.5
      vertex 16.8385 17.0815 19.2
    endloop
  endfacet
  facet normal -0.98075 0.195268 0
    outer loop
      vertex 17.5114 18.2471 18.5
      vertex 17.5778 18.5806 19.2
      vertex 17.5778 18.5806 18.5
    endloop
  endfacet
  facet normal -0.98075 0.195268 0
    outer loop
      vertex 17.5778 18.5806 19.2
      vertex 17.5114 18.2471 18.5
      vertex 17.5114 18.2471 19.2
    endloop
  endfacet
  facet normal -0.321339 -0.946964 0
    outer loop
      vertex 15.6729 21.4314 18.5
      vertex 15.995 21.3221 19.2
      vertex 15.6729 21.4314 19.2
    endloop
  endfacet
  facet normal -0.321339 -0.946964 -0
    outer loop
      vertex 15.995 21.3221 19.2
      vertex 15.6729 21.4314 18.5
      vertex 15.995 21.3221 18.5
    endloop
  endfacet
  facet normal 0.896884 0.442267 0
    outer loop
      vertex 12.7483 17.62 19.2
      vertex 12.5979 17.925 18.5
      vertex 12.5979 17.925 19.2
    endloop
  endfacet
  facet normal 0.896884 0.442267 0
    outer loop
      vertex 12.5979 17.925 18.5
      vertex 12.7483 17.62 19.2
      vertex 12.7483 17.62 18.5
    endloop
  endfacet
  facet normal -0.0652701 -0.997868 0
    outer loop
      vertex 15 21.52 18.5
      vertex 15.3394 21.4978 19.2
      vertex 15 21.52 19.2
    endloop
  endfacet
  facet normal -0.0652701 -0.997868 -0
    outer loop
      vertex 15.3394 21.4978 19.2
      vertex 15 21.52 18.5
      vertex 15.3394 21.4978 18.5
    endloop
  endfacet
  facet normal 0.831417 0.55565 0
    outer loop
      vertex 12.9373 17.3372 19.2
      vertex 12.7483 17.62 18.5
      vertex 12.7483 17.62 19.2
    endloop
  endfacet
  facet normal 0.831417 0.55565 0
    outer loop
      vertex 12.7483 17.62 18.5
      vertex 12.9373 17.3372 19.2
      vertex 12.9373 17.3372 18.5
    endloop
  endfacet
  facet normal -0.442267 0.896884 0
    outer loop
      vertex 16.3 16.6683 18.5
      vertex 15.995 16.5179 19.2
      vertex 16.3 16.6683 19.2
    endloop
  endfacet
  facet normal -0.442267 0.896884 0
    outer loop
      vertex 15.995 16.5179 19.2
      vertex 16.3 16.6683 18.5
      vertex 15.995 16.5179 18.5
    endloop
  endfacet
  facet normal 0.0652701 0.997868 -0
    outer loop
      vertex 15 16.32 18.5
      vertex 14.6606 16.3422 19.2
      vertex 15 16.32 19.2
    endloop
  endfacet
  facet normal 0.0652701 0.997868 0
    outer loop
      vertex 14.6606 16.3422 19.2
      vertex 15 16.32 18.5
      vertex 14.6606 16.3422 18.5
    endloop
  endfacet
  facet normal 0.0652701 -0.997868 0
    outer loop
      vertex 14.6606 21.4978 18.5
      vertex 15 21.52 19.2
      vertex 14.6606 21.4978 19.2
    endloop
  endfacet
  facet normal 0.0652701 -0.997868 0
    outer loop
      vertex 15 21.52 19.2
      vertex 14.6606 21.4978 18.5
      vertex 15 21.52 18.5
    endloop
  endfacet
  facet normal 0.997868 -0.0652701 0
    outer loop
      vertex 12.4 18.92 19.2
      vertex 12.4222 19.2594 18.5
      vertex 12.4222 19.2594 19.2
    endloop
  endfacet
  facet normal 0.997868 -0.0652701 0
    outer loop
      vertex 12.4222 19.2594 18.5
      vertex 12.4 18.92 19.2
      vertex 12.4 18.92 18.5
    endloop
  endfacet
  facet normal 0.442267 -0.896884 0
    outer loop
      vertex 13.7 21.1717 18.5
      vertex 14.005 21.3221 19.2
      vertex 13.7 21.1717 19.2
    endloop
  endfacet
  facet normal 0.442267 -0.896884 0
    outer loop
      vertex 14.005 21.3221 19.2
      vertex 13.7 21.1717 18.5
      vertex 14.005 21.3221 18.5
    endloop
  endfacet
  facet normal 0.751902 -0.659275 0
    outer loop
      vertex 12.9373 20.5028 19.2
      vertex 13.1615 20.7585 18.5
      vertex 13.1615 20.7585 19.2
    endloop
  endfacet
  facet normal 0.751902 -0.659275 0
    outer loop
      vertex 13.1615 20.7585 18.5
      vertex 12.9373 20.5028 19.2
      vertex 12.9373 20.5028 18.5
    endloop
  endfacet
  facet normal 0.896884 -0.442267 0
    outer loop
      vertex 12.5979 19.915 19.2
      vertex 12.7483 20.22 18.5
      vertex 12.7483 20.22 19.2
    endloop
  endfacet
  facet normal 0.896884 -0.442267 0
    outer loop
      vertex 12.7483 20.22 18.5
      vertex 12.5979 19.915 19.2
      vertex 12.5979 19.915 18.5
    endloop
  endfacet
  facet normal 0.659275 0.751902 -0
    outer loop
      vertex 13.4172 16.8573 18.5
      vertex 13.1615 17.0815 19.2
      vertex 13.4172 16.8573 19.2
    endloop
  endfacet
  facet normal 0.659275 0.751902 0
    outer loop
      vertex 13.1615 17.0815 19.2
      vertex 13.4172 16.8573 18.5
      vertex 13.1615 17.0815 18.5
    endloop
  endfacet
  facet normal 0 0 -1
    outer loop
      vertex 17.5778 18.5806 18.5
      vertex 24 18.92 18.5
      vertex 24.0513 18.1368 18.5
    endloop
  endfacet
  facet normal 0 0 -1
    outer loop
      vertex 17.5114 18.2471 18.5
      vertex 24.0513 18.1368 18.5
      vertex 24.2044 17.3671 18.5
    endloop
  endfacet
  facet normal 0 0 -1
    outer loop
      vertex 17.2517 17.62 18.5
      vertex 24.2044 17.3671 18.5
      vertex 24.4567 16.6239 18.5
    endloop
  endfacet
  facet normal 0 0 -1
    outer loop
      vertex 17.0627 17.3372 18.5
      vertex 24.4567 16.6239 18.5
      vertex 24.8038 15.92 18.5
    endloop
  endfacet
  facet normal 0 0 -1
    outer loop
      vertex 16.5828 16.8573 18.5
      vertex 24.8038 15.92 18.5
      vertex 25.1379 15.42 18.5
    endloop
  endfacet
  facet normal -0 0 -1
    outer loop
      vertex 24 18.92 18.5
      vertex 17.5778 18.5806 18.5
      vertex 17.6 18.92 18.5
    endloop
  endfacet
  facet normal 0 0 -1
    outer loop
      vertex 24.0513 18.1368 18.5
      vertex 17.5114 18.2471 18.5
      vertex 17.5778 18.5806 18.5
    endloop
  endfacet
  facet normal 0 0 -1
    outer loop
      vertex 24.2044 17.3671 18.5
      vertex 17.4021 17.925 18.5
      vertex 17.5114 18.2471 18.5
    endloop
  endfacet
  facet normal 0 0 -1
    outer loop
      vertex 24.2044 17.3671 18.5
      vertex 17.2517 17.62 18.5
      vertex 17.4021 17.925 18.5
    endloop
  endfacet
  facet normal 0 0 -1
    outer loop
      vertex 24.4567 16.6239 18.5
      vertex 17.0627 17.3372 18.5
      vertex 17.2517 17.62 18.5
    endloop
  endfacet
  facet normal 0 0 -1
    outer loop
      vertex 24.8038 15.92 18.5
      vertex 16.8385 17.0815 18.5
      vertex 17.0627 17.3372 18.5
    endloop
  endfacet
  facet normal 0 0 -1
    outer loop
      vertex 24.8038 15.92 18.5
      vertex 16.5828 16.8573 18.5
      vertex 16.8385 17.0815 18.5
    endloop
  endfacet
  facet normal 0 0 -1
    outer loop
      vertex 25.1379 15.42 18.5
      vertex 16.3 16.6683 18.5
      vertex 16.5828 16.8573 18.5
    endloop
  endfacet
  facet normal 0 0 -1
    outer loop
      vertex 25.1379 15.42 18.5
      vertex 15.995 16.5179 18.5
      vertex 16.3 16.6683 18.5
    endloop
  endfacet
  facet normal 0 0 -1
    outer loop
      vertex 25.1379 15.42 18.5
      vertex 15.6729 16.4086 18.5
      vertex 15.995 16.5179 18.5
    endloop
  endfacet
  facet normal 0 0 -1
    outer loop
      vertex 25.1379 15.42 18.5
      vertex 15.3394 16.3422 18.5
      vertex 15.6729 16.4086 18.5
    endloop
  endfacet
  facet normal 0 0 -1
    outer loop
      vertex 11 15.42 18.5
      vertex 15.3394 16.3422 18.5
      vertex 25.1379 15.42 18.5
    endloop
  endfacet
  facet normal 0 0 -1
    outer loop
      vertex 15.3394 16.3422 18.5
      vertex 11 15.42 18.5
      vertex 15 16.32 18.5
    endloop
  endfacet
  facet normal -0 0 -1
    outer loop
      vertex 12.4222 18.5806 18.5
      vertex 11 15.42 18.5
      vertex 12.4 18.92 18.5
    endloop
  endfacet
  facet normal -0 0 -1
    outer loop
      vertex 12.4886 18.2471 18.5
      vertex 11 15.42 18.5
      vertex 12.4222 18.5806 18.5
    endloop
  endfacet
  facet normal -0 0 -1
    outer loop
      vertex 12.5979 17.925 18.5
      vertex 11 15.42 18.5
      vertex 12.4886 18.2471 18.5
    endloop
  endfacet
  facet normal -0 0 -1
    outer loop
      vertex 12.7483 17.62 18.5
      vertex 11 15.42 18.5
      vertex 12.5979 17.925 18.5
    endloop
  endfacet
  facet normal -0 0 -1
    outer loop
      vertex 12.9373 17.3372 18.5
      vertex 11 15.42 18.5
      vertex 12.7483 17.62 18.5
    endloop
  endfacet
  facet normal -0 0 -1
    outer loop
      vertex 13.1615 17.0815 18.5
      vertex 11 15.42 18.5
      vertex 12.9373 17.3372 18.5
    endloop
  endfacet
  facet normal -0 0 -1
    outer loop
      vertex 13.4172 16.8573 18.5
      vertex 11 15.42 18.5
      vertex 13.1615 17.0815 18.5
    endloop
  endfacet
  facet normal -0 0 -1
    outer loop
      vertex 13.7 16.6683 18.5
      vertex 11 15.42 18.5
      vertex 13.4172 16.8573 18.5
    endloop
  endfacet
  facet normal -0 0 -1
    outer loop
      vertex 14.005 16.5179 18.5
      vertex 11 15.42 18.5
      vertex 13.7 16.6683 18.5
    endloop
  endfacet
  facet normal -0 0 -1
    outer loop
      vertex 14.3271 16.4086 18.5
      vertex 11 15.42 18.5
      vertex 14.005 16.5179 18.5
    endloop
  endfacet
  facet normal -0 0 -1
    outer loop
      vertex 14.6606 16.3422 18.5
      vertex 11 15.42 18.5
      vertex 14.3271 16.4086 18.5
    endloop
  endfacet
  facet normal -0 0 -1
    outer loop
      vertex 15 16.32 18.5
      vertex 11 15.42 18.5
      vertex 14.6606 16.3422 18.5
    endloop
  endfacet
  facet normal 0 0 -1
    outer loop
      vertex 17.5778 19.2594 18.5
      vertex 24 18.92 18.5
      vertex 17.6 18.92 18.5
    endloop
  endfacet
  facet normal 0 0 -1
    outer loop
      vertex 24 18.92 18.5
      vertex 17.5778 19.2594 18.5
      vertex 24.0513 19.7032 18.5
    endloop
  endfacet
  facet normal 0 0 -1
    outer loop
      vertex 17.5114 19.5929 18.5
      vertex 24.0513 19.7032 18.5
      vertex 17.5778 19.2594 18.5
    endloop
  endfacet
  facet normal -0 0 -1
    outer loop
      vertex 24.0513 19.7032 18.5
      vertex 17.5114 19.5929 18.5
      vertex 24.2044 20.4729 18.5
    endloop
  endfacet
  facet normal 0 0 -1
    outer loop
      vertex 17.4021 19.915 18.5
      vertex 24.2044 20.4729 18.5
      vertex 17.5114 19.5929 18.5
    endloop
  endfacet
  facet normal 0 0 -1
    outer loop
      vertex 17.2517 20.22 18.5
      vertex 24.2044 20.4729 18.5
      vertex 17.4021 19.915 18.5
    endloop
  endfacet
  facet normal -0 0 -1
    outer loop
      vertex 24.2044 20.4729 18.5
      vertex 17.2517 20.22 18.5
      vertex 24.4567 21.2161 18.5
    endloop
  endfacet
  facet normal 0 0 -1
    outer loop
      vertex 17.0627 20.5028 18.5
      vertex 24.4567 21.2161 18.5
      vertex 17.2517 20.22 18.5
    endloop
  endfacet
  facet normal -0 0 -1
    outer loop
      vertex 24.4567 21.2161 18.5
      vertex 17.0627 20.5028 18.5
      vertex 24.8038 21.92 18.5
    endloop
  endfacet
  facet normal 0 0 -1
    outer loop
      vertex 16.8385 20.7585 18.5
      vertex 24.8038 21.92 18.5
      vertex 17.0627 20.5028 18.5
    endloop
  endfacet
  facet normal 0 0 -1
    outer loop
      vertex 16.5828 20.9827 18.5
      vertex 24.8038 21.92 18.5
      vertex 16.8385 20.7585 18.5
    endloop
  endfacet
  facet normal -0 0 -1
    outer loop
      vertex 24.8038 21.92 18.5
      vertex 16.5828 20.9827 18.5
      vertex 25.1379 22.42 18.5
    endloop
  endfacet
  facet normal 0 0 -1
    outer loop
      vertex 16.3 21.1717 18.5
      vertex 25.1379 22.42 18.5
      vertex 16.5828 20.9827 18.5
    endloop
  endfacet
  facet normal 0 0 -1
    outer loop
      vertex 15.995 21.3221 18.5
      vertex 25.1379 22.42 18.5
      vertex 16.3 21.1717 18.5
    endloop
  endfacet
  facet normal 0 0 -1
    outer loop
      vertex 15.6729 21.4314 18.5
      vertex 25.1379 22.42 18.5
      vertex 15.995 21.3221 18.5
    endloop
  endfacet
  facet normal 0 0 -1
    outer loop
      vertex 15.3394 21.4978 18.5
      vertex 25.1379 22.42 18.5
      vertex 15.6729 21.4314 18.5
    endloop
  endfacet
  facet normal 0 0 -1
    outer loop
      vertex 11 22.42 18.5
      vertex 15.3394 21.4978 18.5
      vertex 15 21.52 18.5
    endloop
  endfacet
  facet normal 0 0 -1
    outer loop
      vertex 11 22.42 18.5
      vertex 15 21.52 18.5
      vertex 14.6606 21.4978 18.5
    endloop
  endfacet
  facet normal 0 0 -1
    outer loop
      vertex 11 22.42 18.5
      vertex 12.4 18.92 18.5
      vertex 11 15.42 18.5
    endloop
  endfacet
  facet normal 0 0 -1
    outer loop
      vertex 12.4 18.92 18.5
      vertex 11 22.42 18.5
      vertex 12.4222 19.2594 18.5
    endloop
  endfacet
  facet normal 0 0 -1
    outer loop
      vertex 12.4222 19.2594 18.5
      vertex 11 22.42 18.5
      vertex 12.4886 19.5929 18.5
    endloop
  endfacet
  facet normal 0 0 -1
    outer loop
      vertex 15.3394 21.4978 18.5
      vertex 11 22.42 18.5
      vertex 25.1379 22.42 18.5
    endloop
  endfacet
  facet normal 0 0 -1
    outer loop
      vertex 14.3271 21.4314 18.5
      vertex 11 22.42 18.5
      vertex 14.6606 21.4978 18.5
    endloop
  endfacet
  facet normal 0 0 -1
    outer loop
      vertex 14.005 21.3221 18.5
      vertex 11 22.42 18.5
      vertex 14.3271 21.4314 18.5
    endloop
  endfacet
  facet normal 0 0 -1
    outer loop
      vertex 13.7 21.1717 18.5
      vertex 11 22.42 18.5
      vertex 14.005 21.3221 18.5
    endloop
  endfacet
  facet normal 0 0 -1
    outer loop
      vertex 13.4172 20.9827 18.5
      vertex 11 22.42 18.5
      vertex 13.7 21.1717 18.5
    endloop
  endfacet
  facet normal 0 0 -1
    outer loop
      vertex 13.1615 20.7585 18.5
      vertex 11 22.42 18.5
      vertex 13.4172 20.9827 18.5
    endloop
  endfacet
  facet normal 0 0 -1
    outer loop
      vertex 12.9373 20.5028 18.5
      vertex 11 22.42 18.5
      vertex 13.1615 20.7585 18.5
    endloop
  endfacet
  facet normal 0 0 -1
    outer loop
      vertex 12.7483 20.22 18.5
      vertex 11 22.42 18.5
      vertex 12.9373 20.5028 18.5
    endloop
  endfacet
  facet normal 0 0 -1
    outer loop
      vertex 12.5979 19.915 18.5
      vertex 11 22.42 18.5
      vertex 12.7483 20.22 18.5
    endloop
  endfacet
  facet normal 0 0 -1
    outer loop
      vertex 12.4886 19.5929 18.5
      vertex 11 22.42 18.5
      vertex 12.5979 19.915 18.5
    endloop
  endfacet
  facet normal -0 0 1
    outer loop
      vertex 17.5778 19.2594 17
      vertex 24 18.92 17
      vertex 24.0513 19.7032 17
    endloop
  endfacet
  facet normal 0 0 1
    outer loop
      vertex 17.5114 19.5929 17
      vertex 24.0513 19.7032 17
      vertex 24.2044 20.4729 17
    endloop
  endfacet
  facet normal 0 0 1
    outer loop
      vertex 17.2517 20.22 17
      vertex 24.2044 20.4729 17
      vertex 24.4567 21.2161 17
    endloop
  endfacet
  facet normal 0 0 1
    outer loop
      vertex 17.0627 20.5028 17
      vertex 24.4567 21.2161 17
      vertex 24.8038 21.92 17
    endloop
  endfacet
  facet normal 0 0 1
    outer loop
      vertex 16.5828 20.9827 17
      vertex 24.8038 21.92 17
      vertex 25.1379 22.42 17
    endloop
  endfacet
  facet normal 0 0 1
    outer loop
      vertex 24 18.92 17
      vertex 17.5778 19.2594 17
      vertex 17.6 18.92 17
    endloop
  endfacet
  facet normal 0 0 1
    outer loop
      vertex 24.0513 19.7032 17
      vertex 17.5114 19.5929 17
      vertex 17.5778 19.2594 17
    endloop
  endfacet
  facet normal 0 0 1
    outer loop
      vertex 24.2044 20.4729 17
      vertex 17.4021 19.915 17
      vertex 17.5114 19.5929 17
    endloop
  endfacet
  facet normal 0 0 1
    outer loop
      vertex 24.2044 20.4729 17
      vertex 17.2517 20.22 17
      vertex 17.4021 19.915 17
    endloop
  endfacet
  facet normal 0 0 1
    outer loop
      vertex 24.4567 21.2161 17
      vertex 17.0627 20.5028 17
      vertex 17.2517 20.22 17
    endloop
  endfacet
  facet normal 0 0 1
    outer loop
      vertex 24.8038 21.92 17
      vertex 16.8385 20.7585 17
      vertex 17.0627 20.5028 17
    endloop
  endfacet
  facet normal 0 0 1
    outer loop
      vertex 24.8038 21.92 17
      vertex 16.5828 20.9827 17
      vertex 16.8385 20.7585 17
    endloop
  endfacet
  facet normal 0 0 1
    outer loop
      vertex 25.1379 22.42 17
      vertex 16.3 21.1717 17
      vertex 16.5828 20.9827 17
    endloop
  endfacet
  facet normal 0 0 1
    outer loop
      vertex 25.1379 22.42 17
      vertex 15.995 21.3221 17
      vertex 16.3 21.1717 17
    endloop
  endfacet
  facet normal 0 0 1
    outer loop
      vertex 25.1379 22.42 17
      vertex 15.6729 21.4314 17
      vertex 15.995 21.3221 17
    endloop
  endfacet
  facet normal 0 0 1
    outer loop
      vertex 25.1379 22.42 17
      vertex 15.3394 21.4978 17
      vertex 15.6729 21.4314 17
    endloop
  endfacet
  facet normal -0 0 1
    outer loop
      vertex 11 22.42 17
      vertex 15.3394 21.4978 17
      vertex 25.1379 22.42 17
    endloop
  endfacet
  facet normal 0 0 1
    outer loop
      vertex 15.3394 21.4978 17
      vertex 11 22.42 17
      vertex 15 21.52 17
    endloop
  endfacet
  facet normal 0 0 1
    outer loop
      vertex 12.4222 19.2594 17
      vertex 11 22.42 17
      vertex 12.4 18.92 17
    endloop
  endfacet
  facet normal 0 0 1
    outer loop
      vertex 12.4886 19.5929 17
      vertex 11 22.42 17
      vertex 12.4222 19.2594 17
    endloop
  endfacet
  facet normal 0 0 1
    outer loop
      vertex 12.5979 19.915 17
      vertex 11 22.42 17
      vertex 12.4886 19.5929 17
    endloop
  endfacet
  facet normal 0 0 1
    outer loop
      vertex 12.7483 20.22 17
      vertex 11 22.42 17
      vertex 12.5979 19.915 17
    endloop
  endfacet
  facet normal 0 0 1
    outer loop
      vertex 12.9373 20.5028 17
      vertex 11 22.42 17
      vertex 12.7483 20.22 17
    endloop
  endfacet
  facet normal 0 0 1
    outer loop
      vertex 13.1615 20.7585 17
      vertex 11 22.42 17
      vertex 12.9373 20.5028 17
    endloop
  endfacet
  facet normal 0 0 1
    outer loop
      vertex 13.4172 20.9827 17
      vertex 11 22.42 17
      vertex 13.1615 20.7585 17
    endloop
  endfacet
  facet normal 0 0 1
    outer loop
      vertex 13.7 21.1717 17
      vertex 11 22.42 17
      vertex 13.4172 20.9827 17
    endloop
  endfacet
  facet normal 0 0 1
    outer loop
      vertex 14.005 21.3221 17
      vertex 11 22.42 17
      vertex 13.7 21.1717 17
    endloop
  endfacet
  facet normal 0 0 1
    outer loop
      vertex 14.3271 21.4314 17
      vertex 11 22.42 17
      vertex 14.005 21.3221 17
    endloop
  endfacet
  facet normal 0 0 1
    outer loop
      vertex 14.6606 21.4978 17
      vertex 11 22.42 17
      vertex 14.3271 21.4314 17
    endloop
  endfacet
  facet normal 0 0 1
    outer loop
      vertex 15 21.52 17
      vertex 11 22.42 17
      vertex 14.6606 21.4978 17
    endloop
  endfacet
  facet normal 0 0 1
    outer loop
      vertex 17.5778 18.5806 17
      vertex 24 18.92 17
      vertex 17.6 18.92 17
    endloop
  endfacet
  facet normal 0 0 1
    outer loop
      vertex 24 18.92 17
      vertex 17.5778 18.5806 17
      vertex 24.0513 18.1368 17
    endloop
  endfacet
  facet normal -0 0 1
    outer loop
      vertex 17.5114 18.2471 17
      vertex 24.0513 18.1368 17
      vertex 17.5778 18.5806 17
    endloop
  endfacet
  facet normal 0 0 1
    outer loop
      vertex 24.0513 18.1368 17
      vertex 17.5114 18.2471 17
      vertex 24.2044 17.3671 17
    endloop
  endfacet
  facet normal -0 0 1
    outer loop
      vertex 17.4021 17.925 17
      vertex 24.2044 17.3671 17
      vertex 17.5114 18.2471 17
    endloop
  endfacet
  facet normal -0 0 1
    outer loop
      vertex 17.2517 17.62 17
      vertex 24.2044 17.3671 17
      vertex 17.4021 17.925 17
    endloop
  endfacet
  facet normal 0 0 1
    outer loop
      vertex 24.2044 17.3671 17
      vertex 17.2517 17.62 17
      vertex 24.4567 16.6239 17
    endloop
  endfacet
  facet normal -0 0 1
    outer loop
      vertex 17.0627 17.3372 17
      vertex 24.4567 16.6239 17
      vertex 17.2517 17.62 17
    endloop
  endfacet
  facet normal 0 0 1
    outer loop
      vertex 24.4567 16.6239 17
      vertex 17.0627 17.3372 17
      vertex 24.8038 15.92 17
    endloop
  endfacet
  facet normal -0 0 1
    outer loop
      vertex 16.8385 17.0815 17
      vertex 24.8038 15.92 17
      vertex 17.0627 17.3372 17
    endloop
  endfacet
  facet normal -0 0 1
    outer loop
      vertex 16.5828 16.8573 17
      vertex 24.8038 15.92 17
      vertex 16.8385 17.0815 17
    endloop
  endfacet
  facet normal 0 0 1
    outer loop
      vertex 24.8038 15.92 17
      vertex 16.5828 16.8573 17
      vertex 25.1379 15.42 17
    endloop
  endfacet
  facet normal -0 0 1
    outer loop
      vertex 16.3 16.6683 17
      vertex 25.1379 15.42 17
      vertex 16.5828 16.8573 17
    endloop
  endfacet
  facet normal -0 0 1
    outer loop
      vertex 15.995 16.5179 17
      vertex 25.1379 15.42 17
      vertex 16.3 16.6683 17
    endloop
  endfacet
  facet normal -0 0 1
    outer loop
      vertex 15.6729 16.4086 17
      vertex 25.1379 15.42 17
      vertex 15.995 16.5179 17
    endloop
  endfacet
  facet normal -0 0 1
    outer loop
      vertex 15.3394 16.3422 17
      vertex 25.1379 15.42 17
      vertex 15.6729 16.4086 17
    endloop
  endfacet
  facet normal 0 0 1
    outer loop
      vertex 11 15.42 17
      vertex 15.3394 16.3422 17
      vertex 15 16.32 17
    endloop
  endfacet
  facet normal 0 0 1
    outer loop
      vertex 11 15.42 17
      vertex 15 16.32 17
      vertex 14.6606 16.3422 17
    endloop
  endfacet
  facet normal 0 0 1
    outer loop
      vertex 11 15.42 17
      vertex 12.4 18.92 17
      vertex 11 22.42 17
    endloop
  endfacet
  facet normal 0 0 1
    outer loop
      vertex 12.4 18.92 17
      vertex 11 15.42 17
      vertex 12.4222 18.5806 17
    endloop
  endfacet
  facet normal 0 0 1
    outer loop
      vertex 12.4222 18.5806 17
      vertex 11 15.42 17
      vertex 12.4886 18.2471 17
    endloop
  endfacet
  facet normal 0 0 1
    outer loop
      vertex 15.3394 16.3422 17
      vertex 11 15.42 17
      vertex 25.1379 15.42 17
    endloop
  endfacet
  facet normal 0 0 1
    outer loop
      vertex 14.3271 16.4086 17
      vertex 11 15.42 17
      vertex 14.6606 16.3422 17
    endloop
  endfacet
  facet normal 0 0 1
    outer loop
      vertex 14.005 16.5179 17
      vertex 11 15.42 17
      vertex 14.3271 16.4086 17
    endloop
  endfacet
  facet normal 0 0 1
    outer loop
      vertex 13.7 16.6683 17
      vertex 11 15.42 17
      vertex 14.005 16.5179 17
    endloop
  endfacet
  facet normal 0 0 1
    outer loop
      vertex 13.4172 16.8573 17
      vertex 11 15.42 17
      vertex 13.7 16.6683 17
    endloop
  endfacet
  facet normal 0 0 1
    outer loop
      vertex 13.1615 17.0815 17
      vertex 11 15.42 17
      vertex 13.4172 16.8573 17
    endloop
  endfacet
  facet normal 0 0 1
    outer loop
      vertex 12.9373 17.3372 17
      vertex 11 15.42 17
      vertex 13.1615 17.0815 17
    endloop
  endfacet
  facet normal 0 0 1
    outer loop
      vertex 12.7483 17.62 17
      vertex 11 15.42 17
      vertex 12.9373 17.3372 17
    endloop
  endfacet
  facet normal 0 0 1
    outer loop
      vertex 12.5979 17.925 17
      vertex 11 15.42 17
      vertex 12.7483 17.62 17
    endloop
  endfacet
  facet normal 0 0 1
    outer loop
      vertex 12.4886 18.2471 17
      vertex 11 15.42 17
      vertex 12.5979 17.925 17
    endloop
  endfacet
  facet normal 1 -0 0
    outer loop
      vertex 11 15.42 18.5
      vertex 11 22.42 17
      vertex 11 22.42 18.5
    endloop
  endfacet
  facet normal 1 0 0
    outer loop
      vertex 11 22.42 17
      vertex 11 15.42 18.5
      vertex 11 15.42 17
    endloop
  endfacet
  facet normal 0 -1 0
    outer loop
      vertex 11 22.42 17
      vertex 25.1379 22.42 18.5
      vertex 11 22.42 18.5
    endloop
  endfacet
  facet normal 0 -1 -0
    outer loop
      vertex 25.1379 22.42 18.5
      vertex 11 22.42 17
      vertex 25.1379 22.42 17
    endloop
  endfacet
  facet normal 0 1 -0
    outer loop
      vertex 25.1379 15.42 17
      vertex 11 15.42 18.5
      vertex 25.1379 15.42 18.5
    endloop
  endfacet
  facet normal 0 1 0
    outer loop
      vertex 11 15.42 18.5
      vertex 25.1379 15.42 17
      vertex 11 15.42 17
    endloop
  endfacet
  facet normal -1 0 0
    outer loop
      vertex 105 5.92 17
      vertex 105 31.92 18.1
      vertex 105 31.92 17
    endloop
  endfacet
  facet normal -1 -0 0
    outer loop
      vertex 105 31.92 18.1
      vertex 105 5.92 17
      vertex 105 5.92 18.1
    endloop
  endfacet
  facet normal 0 0 -1
    outer loop
      vertex 79 5.92 18.1
      vertex 105 31.92 18.1
      vertex 105 5.92 18.1
    endloop
  endfacet
  facet normal -0 0 -1
    outer loop
      vertex 105 31.92 18.1
      vertex 79 5.92 18.1
      vertex 79 31.92 18.1
    endloop
  endfacet
  facet normal -0 0 1
    outer loop
      vertex 79 31.92 17
      vertex 105 5.92 17
      vertex 105 31.92 17
    endloop
  endfacet
  facet normal 0 0 1
    outer loop
      vertex 105 5.92 17
      vertex 79 31.92 17
      vertex 79 5.92 17
    endloop
  endfacet
  facet normal 1 -0 0
    outer loop
      vertex 79 5.92 18.1
      vertex 79 31.92 17
      vertex 79 31.92 18.1
    endloop
  endfacet
  facet normal 1 0 0
    outer loop
      vertex 79 31.92 17
      vertex 79 5.92 18.1
      vertex 79 5.92 17
    endloop
  endfacet
  facet normal 0 -1 0
    outer loop
      vertex 79 31.92 17
      vertex 105 31.92 18.1
      vertex 79 31.92 18.1
    endloop
  endfacet
  facet normal 0 -1 -0
    outer loop
      vertex 105 31.92 18.1
      vertex 79 31.92 17
      vertex 105 31.92 17
    endloop
  endfacet
  facet normal 0 1 -0
    outer loop
      vertex 105 5.92 17
      vertex 79 5.92 18.1
      vertex 105 5.92 18.1
    endloop
  endfacet
  facet normal 0 1 0
    outer loop
      vertex 79 5.92 18.1
      vertex 105 5.92 17
      vertex 79 5.92 17
    endloop
  endfacet
endsolid OpenSCAD_Model
